source_url,anchor_text,target_url,final_url,http_status,scope,classification,merchant,affiliate_program,affiliate_tracking_present,amazon_tag,rel,note,checked_at
"https://www.printlog3d.com/","","https://www.printlog3d.com/","https://www.printlog3d.com/","200","internal","internal","","","false","","","","2026-08-31T09:33:58.401Z"
"https://www.printlog3d.com/","Materials","https://www.printlog3d.com/library","https://www.printlog3d.com/library","200","internal","internal","","","false","","","","2026-08-31T09:33:58.401Z"
"https://www.printlog3d.com/","Guides","https://www.printlog3d.com/3d-printing-filament-guide","https://www.printlog3d.com/3d-printing-filament-guide","200","internal","internal","","","false","","","","2026-08-31T09:33:58.401Z"
"https://www.printlog3d.com/","Workshop","https://www.printlog3d.com/workshop","https://www.printlog3d.com/workshop","200","internal","internal","","","false","","","","2026-08-31T09:33:58.401Z"
"https://www.printlog3d.com/","Gear","https://www.printlog3d.com/recommended-gear","https://www.printlog3d.com/recommended-gear","200","internal","internal","","","false","","","","2026-08-31T09:33:58.401Z"
"https://www.printlog3d.com/","Get It Printed","https://www.printlog3d.com/get-it-printed","https://www.printlog3d.com/get-it-printed","200","internal","internal","","","false","","","","2026-08-31T09:33:58.401Z"
"https://www.printlog3d.com/","Free Download","https://www.printlog3d.com/free-download","https://www.printlog3d.com/free-download","200","internal","internal","","","false","","","","2026-08-31T09:33:58.401Z"
"https://www.printlog3d.com/","About","https://www.printlog3d.com/about","https://www.printlog3d.com/about","200","internal","internal","","","false","","","","2026-08-31T09:33:58.401Z"
"https://www.printlog3d.com/","Free Download","https://www.printlog3d.com/free-download","https://www.printlog3d.com/free-download","200","internal","internal","","","false","","","","2026-08-31T09:33:58.401Z"
"https://www.printlog3d.com/","Free field guide","https://www.printlog3d.com/free-download","https://www.printlog3d.com/free-download","200","internal","internal","","","false","","","","2026-08-31T09:33:58.401Z"
"https://www.printlog3d.com/","02 Fix a bad print Work from the symptom to the one thing worth checking first.","https://www.printlog3d.com/3d-printer-troubleshooting","https://www.printlog3d.com/3d-printer-troubleshooting","200","internal","internal","","","false","","","","2026-08-31T09:33:58.401Z"
"https://www.printlog3d.com/","03 Buy the right gear Dryers, nozzles, plates and finishing tools, with the reas","https://www.printlog3d.com/recommended-gear","https://www.printlog3d.com/recommended-gear","200","internal","internal","","","false","","","","2026-08-31T09:33:58.401Z"
"https://www.printlog3d.com/","04 Get a part printed Decide whether to print it yourself, and where to send it ","https://www.printlog3d.com/get-it-printed","https://www.printlog3d.com/get-it-printed","200","internal","internal","","","false","","","","2026-08-31T09:33:58.401Z"
"https://www.printlog3d.com/","PLA 180-220 °C nozzle · 50-60 °C bed No enclosure","https://www.printlog3d.com/library/pla","https://www.printlog3d.com/library/pla","200","internal","internal","","","false","","","","2026-08-31T09:33:58.401Z"
"https://www.printlog3d.com/","PETG 220-250 °C nozzle · 70-85 °C bed No enclosure · dry first","https://www.printlog3d.com/library/petg","https://www.printlog3d.com/library/petg","200","internal","internal","","","false","","","","2026-08-31T09:33:58.401Z"
"https://www.printlog3d.com/","PCTG 230-250 °C nozzle · 70-85 °C bed No enclosure · dry first","https://www.printlog3d.com/library/pctg","https://www.printlog3d.com/library/pctg","200","internal","internal","","","false","","","","2026-08-31T09:33:58.401Z"
"https://www.printlog3d.com/","PLA Silk 195-225 °C nozzle · 50-60 °C bed No enclosure","https://www.printlog3d.com/library/pla-silk","https://www.printlog3d.com/library/pla-silk","200","internal","internal","","","false","","","","2026-08-31T09:33:58.401Z"
"https://www.printlog3d.com/","PLA Matte 195-220 °C nozzle · 50-60 °C bed No enclosure","https://www.printlog3d.com/library/pla-matte","https://www.printlog3d.com/library/pla-matte","200","internal","internal","","","false","","","","2026-08-31T09:33:58.401Z"
"https://www.printlog3d.com/","ABS 220-250 °C nozzle · 100-110 °C bed Enclosure · dry first","https://www.printlog3d.com/library/abs","https://www.printlog3d.com/library/abs","200","internal","internal","","","false","","","","2026-08-31T09:33:58.401Z"
"https://www.printlog3d.com/","ASA 235-255 °C nozzle · 90-110 °C bed Enclosure · dry first","https://www.printlog3d.com/library/asa","https://www.printlog3d.com/library/asa","200","internal","internal","","","false","","","","2026-08-31T09:33:58.401Z"
"https://www.printlog3d.com/","PETG-CF 240-260 °C nozzle · 80-90 °C bed No enclosure · dry first","https://www.printlog3d.com/library/petg-cf","https://www.printlog3d.com/library/petg-cf","200","internal","internal","","","false","","","","2026-08-31T09:33:58.401Z"
"https://www.printlog3d.com/","CPE 240-260 °C nozzle · 75-90 °C bed No enclosure · dry first","https://www.printlog3d.com/library/cpe","https://www.printlog3d.com/library/cpe","200","internal","internal","","","false","","","","2026-08-31T09:33:58.401Z"
"https://www.printlog3d.com/","HIPS 220-250 °C nozzle · 100-115 °C bed Enclosure","https://www.printlog3d.com/library/hips","https://www.printlog3d.com/library/hips","200","internal","internal","","","false","","","","2026-08-31T09:33:58.401Z"
"https://www.printlog3d.com/","PLA Wood 190-220 °C nozzle · 50-60 °C bed No enclosure","https://www.printlog3d.com/library/pla-wood","https://www.printlog3d.com/library/pla-wood","200","internal","internal","","","false","","","","2026-08-31T09:33:58.401Z"
"https://www.printlog3d.com/","PLA Metal 190-225 °C nozzle · 50-60 °C bed No enclosure","https://www.printlog3d.com/library/pla-metal","https://www.printlog3d.com/library/pla-metal","200","internal","internal","","","false","","","","2026-08-31T09:33:58.401Z"
"https://www.printlog3d.com/","TPU 220-250 °C nozzle · 30-50 °C bed No enclosure · dry first","https://www.printlog3d.com/library/tpu","https://www.printlog3d.com/library/tpu","200","internal","internal","","","false","","","","2026-08-31T09:33:58.401Z"
"https://www.printlog3d.com/","PVA 190-220 °C nozzle · 45-60 °C bed No enclosure · dry first","https://www.printlog3d.com/library/pva","https://www.printlog3d.com/library/pva","200","internal","internal","","","false","","","","2026-08-31T09:33:58.401Z"
"https://www.printlog3d.com/","PVB 215-235 °C nozzle · 60-75 °C bed No enclosure · dry first","https://www.printlog3d.com/library/pvb","https://www.printlog3d.com/library/pvb","200","internal","internal","","","false","","","","2026-08-31T09:33:58.401Z"
"https://www.printlog3d.com/","PLA-CF 190-230 °C nozzle · 50-60 °C bed No enclosure","https://www.printlog3d.com/library/pla-cf","https://www.printlog3d.com/library/pla-cf","200","internal","internal","","","false","","","","2026-08-31T09:33:58.401Z"
"https://www.printlog3d.com/","Conductive PLA 195-220 °C nozzle · 50-60 °C bed No enclosure","https://www.printlog3d.com/library/conductive-pla","https://www.printlog3d.com/library/conductive-pla","200","internal","internal","","","false","","","","2026-08-31T09:33:58.401Z"
"https://www.printlog3d.com/","Glow PLA 200-225 °C nozzle · 50-60 °C bed No enclosure","https://www.printlog3d.com/library/glow-pla","https://www.printlog3d.com/library/glow-pla","200","internal","internal","","","false","","","","2026-08-31T09:33:58.401Z"
"https://www.printlog3d.com/","Magnetic PLA 195-225 °C nozzle · 50-60 °C bed No enclosure","https://www.printlog3d.com/library/magnetic-pla","https://www.printlog3d.com/library/magnetic-pla","200","internal","internal","","","false","","","","2026-08-31T09:33:58.401Z"
"https://www.printlog3d.com/","PC 260-310 °C nozzle · 100-120 °C bed Enclosure · dry first","https://www.printlog3d.com/library/pc","https://www.printlog3d.com/library/pc","200","internal","internal","","","false","","","","2026-08-31T09:33:58.401Z"
"https://www.printlog3d.com/","Nylon PA6 230-260 °C nozzle · 70-90 °C bed Enclosure · dry first","https://www.printlog3d.com/library/nylon-pa6","https://www.printlog3d.com/library/nylon-pa6","200","internal","internal","","","false","","","","2026-08-31T09:33:58.401Z"
"https://www.printlog3d.com/","Nylon PA12 240-270 °C nozzle · 70-90 °C bed Enclosure · dry first","https://www.printlog3d.com/library/nylon-pa12","https://www.printlog3d.com/library/nylon-pa12","200","internal","internal","","","false","","","","2026-08-31T09:33:58.401Z"
"https://www.printlog3d.com/","PA-CF 260-280 °C nozzle · 80-100 °C bed Enclosure · dry first","https://www.printlog3d.com/library/pa-cf","https://www.printlog3d.com/library/pa-cf","200","internal","internal","","","false","","","","2026-08-31T09:33:58.401Z"
"https://www.printlog3d.com/","TPE 210-240 °C nozzle · 30-50 °C bed No enclosure · dry first","https://www.printlog3d.com/library/tpe","https://www.printlog3d.com/library/tpe","200","internal","internal","","","false","","","","2026-08-31T09:33:58.401Z"
"https://www.printlog3d.com/","PP 220-250 °C nozzle · 85-100 °C bed No enclosure","https://www.printlog3d.com/library/pp","https://www.printlog3d.com/library/pp","200","internal","internal","","","false","","","","2026-08-31T09:33:58.401Z"
"https://www.printlog3d.com/","PA-GF 250-280 °C nozzle · 80-100 °C bed Enclosure · dry first","https://www.printlog3d.com/library/pa-gf","https://www.printlog3d.com/library/pa-gf","200","internal","internal","","","false","","","","2026-08-31T09:33:58.401Z"
"https://www.printlog3d.com/","ASA-CF 240-270 °C nozzle · 90-110 °C bed Enclosure · dry first","https://www.printlog3d.com/library/asa-cf","https://www.printlog3d.com/library/asa-cf","200","internal","internal","","","false","","","","2026-08-31T09:33:58.401Z"
"https://www.printlog3d.com/","PEEK 370-420 °C nozzle · 120-160 °C bed Enclosure · dry first","https://www.printlog3d.com/library/peek","https://www.printlog3d.com/library/peek","200","internal","internal","","","false","","","","2026-08-31T09:33:58.401Z"
"https://www.printlog3d.com/","PC-CF 260-300 °C nozzle · 100-120 °C bed Enclosure · dry first","https://www.printlog3d.com/library/pc-cf","https://www.printlog3d.com/library/pc-cf","200","internal","internal","","","false","","","","2026-08-31T09:33:58.401Z"
"https://www.printlog3d.com/","PEI 370-410 °C nozzle · 140-180 °C bed Enclosure · dry first","https://www.printlog3d.com/library/pei","https://www.printlog3d.com/library/pei","200","internal","internal","","","false","","","","2026-08-31T09:33:58.401Z"
"https://www.printlog3d.com/","PPS 300-340 °C nozzle · 120-150 °C bed Enclosure · dry first","https://www.printlog3d.com/library/pps","https://www.printlog3d.com/library/pps","200","internal","internal","","","false","","","","2026-08-31T09:33:58.401Z"
"https://www.printlog3d.com/","Compare all 31 side by side","https://www.printlog3d.com/library","https://www.printlog3d.com/library","200","internal","internal","","","false","","","","2026-08-31T09:33:58.401Z"
"https://www.printlog3d.com/","How to dry filament Which materials need it, at what temperature, for how long. ","https://www.printlog3d.com/how-to-dry-filament","https://www.printlog3d.com/how-to-dry-filament","200","internal","internal","","","false","","","","2026-08-31T09:33:58.401Z"
"https://www.printlog3d.com/","How to stop stringing Retraction, temperature, and the moisture cause most peopl","https://www.printlog3d.com/3d-print-stringing","https://www.printlog3d.com/3d-print-stringing","200","internal","internal","","","false","","","","2026-08-31T09:33:58.401Z"
"https://www.printlog3d.com/","The full filament guide How the material families differ and when each one earns","https://www.printlog3d.com/3d-printing-filament-guide","https://www.printlog3d.com/3d-printing-filament-guide","200","internal","internal","","","false","","","","2026-08-31T09:33:58.401Z"
"https://www.printlog3d.com/","PLA vs PETG The comparison people actually search for, answered with the trade-o","https://www.printlog3d.com/pla-vs-petg","https://www.printlog3d.com/pla-vs-petg","200","internal","internal","","","false","","","","2026-08-31T09:33:58.401Z"
"https://www.printlog3d.com/","Get the field guide","https://www.printlog3d.com/free-download","https://www.printlog3d.com/free-download","200","internal","internal","","","false","","","","2026-08-31T09:33:58.401Z"
"https://www.printlog3d.com/","Get a quote","https://www.3dprinterondemand.com/instant-quote?source=printlog3d&source_page=%2F&placement=owned-service-guide-thanks&campaign=printlog3d-referral","https://www.3dprinterondemand.com/instant-quote?source=printlog3d&source_page=%2F&placement=owned-service-guide-thanks&campaign=printlog3d-referral","200","external","commercial","3DPrinterOnDemand","owned-service","n/a-no-credentials","","noopener noreferrer","","2026-08-31T09:33:58.401Z"
"https://www.printlog3d.com/","Materials","https://www.printlog3d.com/library","https://www.printlog3d.com/library","200","internal","internal","","","false","","","","2026-08-31T09:33:58.401Z"
"https://www.printlog3d.com/","Guides","https://www.printlog3d.com/3d-printing-filament-guide","https://www.printlog3d.com/3d-printing-filament-guide","200","internal","internal","","","false","","","","2026-08-31T09:33:58.401Z"
"https://www.printlog3d.com/","Workshop","https://www.printlog3d.com/workshop","https://www.printlog3d.com/workshop","200","internal","internal","","","false","","","","2026-08-31T09:33:58.401Z"
"https://www.printlog3d.com/","Recommended Gear","https://www.printlog3d.com/recommended-gear","https://www.printlog3d.com/recommended-gear","200","internal","internal","","","false","","","","2026-08-31T09:33:58.401Z"
"https://www.printlog3d.com/","Get It Printed","https://www.printlog3d.com/get-it-printed","https://www.printlog3d.com/get-it-printed","200","internal","internal","","","false","","","","2026-08-31T09:33:58.401Z"
"https://www.printlog3d.com/","Free Download","https://www.printlog3d.com/free-download","https://www.printlog3d.com/free-download","200","internal","internal","","","false","","","","2026-08-31T09:33:58.401Z"
"https://www.printlog3d.com/","About","https://www.printlog3d.com/about","https://www.printlog3d.com/about","200","internal","internal","","","false","","","","2026-08-31T09:33:58.401Z"
"https://www.printlog3d.com/","Support","https://www.printlog3d.com/support","https://www.printlog3d.com/support","200","internal","internal","","","false","","","","2026-08-31T09:33:58.401Z"
"https://www.printlog3d.com/","Editorial policy","https://www.printlog3d.com/editorial-policy","https://www.printlog3d.com/editorial-policy","200","internal","internal","","","false","","","","2026-08-31T09:33:58.401Z"
"https://www.printlog3d.com/","Disclosure","https://www.printlog3d.com/disclosure","https://www.printlog3d.com/disclosure","200","internal","internal","","","false","","","","2026-08-31T09:33:58.401Z"
"https://www.printlog3d.com/","Privacy","https://www.printlog3d.com/privacy","https://www.printlog3d.com/privacy","200","internal","internal","","","false","","","","2026-08-31T09:33:58.401Z"
"https://www.printlog3d.com/","Terms","https://www.printlog3d.com/terms","https://www.printlog3d.com/terms","200","internal","internal","","","false","","","","2026-08-31T09:33:58.401Z"
"https://www.printlog3d.com/library","","https://www.printlog3d.com/","https://www.printlog3d.com/","200","internal","internal","","","false","","","","2026-08-31T09:33:58.401Z"
"https://www.printlog3d.com/library","Materials","https://www.printlog3d.com/library","https://www.printlog3d.com/library","200","internal","internal","","","false","","","","2026-08-31T09:33:58.401Z"
"https://www.printlog3d.com/library","Guides","https://www.printlog3d.com/3d-printing-filament-guide","https://www.printlog3d.com/3d-printing-filament-guide","200","internal","internal","","","false","","","","2026-08-31T09:33:58.401Z"
"https://www.printlog3d.com/library","Workshop","https://www.printlog3d.com/workshop","https://www.printlog3d.com/workshop","200","internal","internal","","","false","","","","2026-08-31T09:33:58.401Z"
"https://www.printlog3d.com/library","Gear","https://www.printlog3d.com/recommended-gear","https://www.printlog3d.com/recommended-gear","200","internal","internal","","","false","","","","2026-08-31T09:33:58.401Z"
"https://www.printlog3d.com/library","Get It Printed","https://www.printlog3d.com/get-it-printed","https://www.printlog3d.com/get-it-printed","200","internal","internal","","","false","","","","2026-08-31T09:33:58.401Z"
"https://www.printlog3d.com/library","Free Download","https://www.printlog3d.com/free-download","https://www.printlog3d.com/free-download","200","internal","internal","","","false","","","","2026-08-31T09:33:58.401Z"
"https://www.printlog3d.com/library","About","https://www.printlog3d.com/about","https://www.printlog3d.com/about","200","internal","internal","","","false","","","","2026-08-31T09:33:58.401Z"
"https://www.printlog3d.com/library","Free Download","https://www.printlog3d.com/free-download","https://www.printlog3d.com/free-download","200","internal","internal","","","false","","","","2026-08-31T09:33:58.401Z"
"https://www.printlog3d.com/library","PLA","https://www.printlog3d.com/library/pla","https://www.printlog3d.com/library/pla","200","internal","internal","","","false","","","","2026-08-31T09:33:58.401Z"
"https://www.printlog3d.com/library","PETG","https://www.printlog3d.com/library/petg","https://www.printlog3d.com/library/petg","200","internal","internal","","","false","","","","2026-08-31T09:33:58.401Z"
"https://www.printlog3d.com/library","ABS","https://www.printlog3d.com/library/abs","https://www.printlog3d.com/library/abs","200","internal","internal","","","false","","","","2026-08-31T09:33:58.401Z"
"https://www.printlog3d.com/library","ASA","https://www.printlog3d.com/library/asa","https://www.printlog3d.com/library/asa","200","internal","internal","","","false","","","","2026-08-31T09:33:58.401Z"
"https://www.printlog3d.com/library","PC","https://www.printlog3d.com/library/pc","https://www.printlog3d.com/library/pc","200","internal","internal","","","false","","","","2026-08-31T09:33:58.401Z"
"https://www.printlog3d.com/library","PEEK","https://www.printlog3d.com/library/peek","https://www.printlog3d.com/library/peek","200","internal","internal","","","false","","","","2026-08-31T09:33:58.401Z"
"https://www.printlog3d.com/library","Nylon PA6","https://www.printlog3d.com/library/nylon-pa6","https://www.printlog3d.com/library/nylon-pa6","200","internal","internal","","","false","","","","2026-08-31T09:33:58.401Z"
"https://www.printlog3d.com/library","Nylon PA12","https://www.printlog3d.com/library/nylon-pa12","https://www.printlog3d.com/library/nylon-pa12","200","internal","internal","","","false","","","","2026-08-31T09:33:58.401Z"
"https://www.printlog3d.com/library","PA-CF","https://www.printlog3d.com/library/pa-cf","https://www.printlog3d.com/library/pa-cf","200","internal","internal","","","false","","","","2026-08-31T09:33:58.401Z"
"https://www.printlog3d.com/library","PETG-CF","https://www.printlog3d.com/library/petg-cf","https://www.printlog3d.com/library/petg-cf","200","internal","internal","","","false","","","","2026-08-31T09:33:58.401Z"
"https://www.printlog3d.com/library","PCTG","https://www.printlog3d.com/library/pctg","https://www.printlog3d.com/library/pctg","200","internal","internal","","","false","","","","2026-08-31T09:33:58.401Z"
"https://www.printlog3d.com/library","CPE","https://www.printlog3d.com/library/cpe","https://www.printlog3d.com/library/cpe","200","internal","internal","","","false","","","","2026-08-31T09:33:58.401Z"
"https://www.printlog3d.com/library","HIPS","https://www.printlog3d.com/library/hips","https://www.printlog3d.com/library/hips","200","internal","internal","","","false","","","","2026-08-31T09:33:58.401Z"
"https://www.printlog3d.com/library","PLA Silk","https://www.printlog3d.com/library/pla-silk","https://www.printlog3d.com/library/pla-silk","200","internal","internal","","","false","","","","2026-08-31T09:33:58.401Z"
"https://www.printlog3d.com/library","PLA Matte","https://www.printlog3d.com/library/pla-matte","https://www.printlog3d.com/library/pla-matte","200","internal","internal","","","false","","","","2026-08-31T09:33:58.401Z"
"https://www.printlog3d.com/library","PLA Wood","https://www.printlog3d.com/library/pla-wood","https://www.printlog3d.com/library/pla-wood","200","internal","internal","","","false","","","","2026-08-31T09:33:58.401Z"
"https://www.printlog3d.com/library","PLA Metal","https://www.printlog3d.com/library/pla-metal","https://www.printlog3d.com/library/pla-metal","200","internal","internal","","","false","","","","2026-08-31T09:33:58.401Z"
"https://www.printlog3d.com/library","TPU","https://www.printlog3d.com/library/tpu","https://www.printlog3d.com/library/tpu","200","internal","internal","","","false","","","","2026-08-31T09:33:58.401Z"
"https://www.printlog3d.com/library","TPE","https://www.printlog3d.com/library/tpe","https://www.printlog3d.com/library/tpe","200","internal","internal","","","false","","","","2026-08-31T09:33:58.401Z"
"https://www.printlog3d.com/library","PVA","https://www.printlog3d.com/library/pva","https://www.printlog3d.com/library/pva","200","internal","internal","","","false","","","","2026-08-31T09:33:58.401Z"
"https://www.printlog3d.com/library","PP","https://www.printlog3d.com/library/pp","https://www.printlog3d.com/library/pp","200","internal","internal","","","false","","","","2026-08-31T09:33:58.401Z"
"https://www.printlog3d.com/library","PVB","https://www.printlog3d.com/library/pvb","https://www.printlog3d.com/library/pvb","200","internal","internal","","","false","","","","2026-08-31T09:33:58.401Z"
"https://www.printlog3d.com/library","PLA-CF","https://www.printlog3d.com/library/pla-cf","https://www.printlog3d.com/library/pla-cf","200","internal","internal","","","false","","","","2026-08-31T09:33:58.401Z"
"https://www.printlog3d.com/library","PA-GF","https://www.printlog3d.com/library/pa-gf","https://www.printlog3d.com/library/pa-gf","200","internal","internal","","","false","","","","2026-08-31T09:33:58.401Z"
"https://www.printlog3d.com/library","ASA-CF","https://www.printlog3d.com/library/asa-cf","https://www.printlog3d.com/library/asa-cf","200","internal","internal","","","false","","","","2026-08-31T09:33:58.401Z"
"https://www.printlog3d.com/library","PC-CF","https://www.printlog3d.com/library/pc-cf","https://www.printlog3d.com/library/pc-cf","200","internal","internal","","","false","","","","2026-08-31T09:33:58.401Z"
"https://www.printlog3d.com/library","PEI","https://www.printlog3d.com/library/pei","https://www.printlog3d.com/library/pei","200","internal","internal","","","false","","","","2026-08-31T09:33:58.401Z"
"https://www.printlog3d.com/library","PPS","https://www.printlog3d.com/library/pps","https://www.printlog3d.com/library/pps","200","internal","internal","","","false","","","","2026-08-31T09:33:58.401Z"
"https://www.printlog3d.com/library","Conductive PLA","https://www.printlog3d.com/library/conductive-pla","https://www.printlog3d.com/library/conductive-pla","200","internal","internal","","","false","","","","2026-08-31T09:33:58.401Z"
"https://www.printlog3d.com/library","Glow PLA","https://www.printlog3d.com/library/glow-pla","https://www.printlog3d.com/library/glow-pla","200","internal","internal","","","false","","","","2026-08-31T09:33:58.401Z"
"https://www.printlog3d.com/library","Magnetic PLA","https://www.printlog3d.com/library/magnetic-pla","https://www.printlog3d.com/library/magnetic-pla","200","internal","internal","","","false","","","","2026-08-31T09:33:58.401Z"
"https://www.printlog3d.com/library","PLA Polylactic Acid The default beginner filament. Prints cool, sticks well, war","https://www.printlog3d.com/library/pla","https://www.printlog3d.com/library/pla","200","internal","internal","","","false","","","","2026-08-31T09:33:58.401Z"
"https://www.printlog3d.com/library","PETG Polyethylene Terephthalate Glycol The usual step up from PLA. Tougher, more","https://www.printlog3d.com/library/petg","https://www.printlog3d.com/library/petg","200","internal","internal","","","false","","","","2026-08-31T09:33:58.401Z"
"https://www.printlog3d.com/library","PCTG Polycyclohexylenedimethylene Terephthalate Glycol A close cousin of PETG wi","https://www.printlog3d.com/library/pctg","https://www.printlog3d.com/library/pctg","200","internal","internal","","","false","","","","2026-08-31T09:33:58.401Z"
"https://www.printlog3d.com/library","PLA Silk Silk PLA PLA with additives that give a glossy, near-metallic sheen. It","https://www.printlog3d.com/library/pla-silk","https://www.printlog3d.com/library/pla-silk","200","internal","internal","","","false","","","","2026-08-31T09:33:58.401Z"
"https://www.printlog3d.com/library","PLA Matte Matte PLA PLA with a matting agent that hides layer lines. The most fo","https://www.printlog3d.com/library/pla-matte","https://www.printlog3d.com/library/pla-matte","200","internal","internal","","","false","","","","2026-08-31T09:33:58.401Z"
"https://www.printlog3d.com/library","ABS Acrylonitrile Butadiene Styrene The classic engineering thermoplastic. Handl","https://www.printlog3d.com/library/abs","https://www.printlog3d.com/library/abs","200","internal","internal","","","false","","","","2026-08-31T09:33:58.401Z"
"https://www.printlog3d.com/library","ASA Acrylonitrile Styrene Acrylate ABS reformulated to survive sunlight. Same st","https://www.printlog3d.com/library/asa","https://www.printlog3d.com/library/asa","200","internal","internal","","","false","","","","2026-08-31T09:33:58.401Z"
"https://www.printlog3d.com/library","PETG-CF Carbon Fibre Reinforced PETG PETG with carbon fibre added for stiffness ","https://www.printlog3d.com/library/petg-cf","https://www.printlog3d.com/library/petg-cf","200","internal","internal","","","false","","","","2026-08-31T09:33:58.401Z"
"https://www.printlog3d.com/library","CPE Co-Polyester An engineering co-polyester built for chemical resistance. Toug","https://www.printlog3d.com/library/cpe","https://www.printlog3d.com/library/cpe","200","internal","internal","","","false","","","","2026-08-31T09:33:58.401Z"
"https://www.printlog3d.com/library","HIPS High-Impact Polystyrene Mostly used as a dissolvable support material along","https://www.printlog3d.com/library/hips","https://www.printlog3d.com/library/hips","200","internal","internal","","","false","","","","2026-08-31T09:33:58.401Z"
"https://www.printlog3d.com/library","PLA Wood Wood-Filled PLA PLA mixed with wood fibre. It sands and stains like tim","https://www.printlog3d.com/library/pla-wood","https://www.printlog3d.com/library/pla-wood","200","internal","internal","","","false","","","","2026-08-31T09:33:58.401Z"
"https://www.printlog3d.com/library","PLA Metal Metal-Filled PLA PLA loaded with metal powder. Heavier in the hand, po","https://www.printlog3d.com/library/pla-metal","https://www.printlog3d.com/library/pla-metal","200","internal","internal","","","false","","","","2026-08-31T09:33:58.401Z"
"https://www.printlog3d.com/library","TPU Thermoplastic Polyurethane The flexible one. Rubbery, tough, and abrasion re","https://www.printlog3d.com/library/tpu","https://www.printlog3d.com/library/tpu","200","internal","internal","","","false","","","","2026-08-31T09:33:58.401Z"
"https://www.printlog3d.com/library","PVA Polyvinyl Alcohol A support material that dissolves in plain water. It exist","https://www.printlog3d.com/library/pva","https://www.printlog3d.com/library/pva","200","internal","internal","","","false","","","","2026-08-31T09:33:58.401Z"
"https://www.printlog3d.com/library","PVB Polyvinyl Butyral Prints about as easily as PLA and smooths with isopropyl a","https://www.printlog3d.com/library/pvb","https://www.printlog3d.com/library/pvb","200","internal","internal","","","false","","","","2026-08-31T09:33:58.401Z"
"https://www.printlog3d.com/library","PLA-CF Carbon Fibre Reinforced PLA PLA with chopped carbon fibre for stiffness a","https://www.printlog3d.com/library/pla-cf","https://www.printlog3d.com/library/pla-cf","200","internal","internal","","","false","","","","2026-08-31T09:33:58.401Z"
"https://www.printlog3d.com/library","Conductive PLA Carbon-Loaded Conductive PLA PLA loaded with conductive carbon bl","https://www.printlog3d.com/library/conductive-pla","https://www.printlog3d.com/library/conductive-pla","200","internal","internal","","","false","","","","2026-08-31T09:33:58.401Z"
"https://www.printlog3d.com/library","Glow PLA Glow-in-the-Dark PLA PLA carrying strontium aluminate phosphor, which c","https://www.printlog3d.com/library/glow-pla","https://www.printlog3d.com/library/glow-pla","200","internal","internal","","","false","","","","2026-08-31T09:33:58.401Z"
"https://www.printlog3d.com/library","Magnetic PLA Iron-Filled Magnetic PLA PLA packed with iron powder. Parts are not","https://www.printlog3d.com/library/magnetic-pla","https://www.printlog3d.com/library/magnetic-pla","200","internal","internal","","","false","","","","2026-08-31T09:33:58.401Z"
"https://www.printlog3d.com/library","PC Polycarbonate The strongest and most heat resistant material most desktop pri","https://www.printlog3d.com/library/pc","https://www.printlog3d.com/library/pc","200","internal","internal","","","false","","","","2026-08-31T09:33:58.401Z"
"https://www.printlog3d.com/library","Nylon PA6 Polyamide 6 Tough, abrasion resistant and self-lubricating. Stronger t","https://www.printlog3d.com/library/nylon-pa6","https://www.printlog3d.com/library/nylon-pa6","200","internal","internal","","","false","","","","2026-08-31T09:33:58.401Z"
"https://www.printlog3d.com/library","Nylon PA12 Polyamide 12 The easier nylon. Absorbs less water than PA6 and moves ","https://www.printlog3d.com/library/nylon-pa12","https://www.printlog3d.com/library/nylon-pa12","200","internal","internal","","","false","","","","2026-08-31T09:33:58.401Z"
"https://www.printlog3d.com/library","PA-CF Carbon Fibre Reinforced Nylon Nylon with chopped carbon fibre. Much stiffe","https://www.printlog3d.com/library/pa-cf","https://www.printlog3d.com/library/pa-cf","200","internal","internal","","","false","","","","2026-08-31T09:33:58.401Z"
"https://www.printlog3d.com/library","TPE Thermoplastic Elastomer Softer and stretchier than TPU, and harder to print ","https://www.printlog3d.com/library/tpe","https://www.printlog3d.com/library/tpe","200","internal","internal","","","false","","","","2026-08-31T09:33:58.401Z"
"https://www.printlog3d.com/library","PP Polypropylene Chemically inert, fatigue resistant, and the best material avai","https://www.printlog3d.com/library/pp","https://www.printlog3d.com/library/pp","200","internal","internal","","","false","","","","2026-08-31T09:33:58.401Z"
"https://www.printlog3d.com/library","PA-GF Glass Fibre Reinforced Nylon Nylon with chopped glass fibre. Tougher and l","https://www.printlog3d.com/library/pa-gf","https://www.printlog3d.com/library/pa-gf","200","internal","internal","","","false","","","","2026-08-31T09:33:58.401Z"
"https://www.printlog3d.com/library","ASA-CF Carbon Fibre Reinforced ASA ASA with carbon fibre: UV stability and heat ","https://www.printlog3d.com/library/asa-cf","https://www.printlog3d.com/library/asa-cf","200","internal","internal","","","false","","","","2026-08-31T09:33:58.401Z"
"https://www.printlog3d.com/library","PEEK Polyether Ether Ketone The polymer family used in aerospace and in medical ","https://www.printlog3d.com/library/peek","https://www.printlog3d.com/library/peek","200","internal","internal","","","false","","","","2026-08-31T09:33:58.401Z"
"https://www.printlog3d.com/library","PC-CF Carbon Fibre Reinforced Polycarbonate Polycarbonate with carbon fibre: the","https://www.printlog3d.com/library/pc-cf","https://www.printlog3d.com/library/pc-cf","200","internal","internal","","","false","","","","2026-08-31T09:33:58.401Z"
"https://www.printlog3d.com/library","PEI Polyetherimide, sold as ULTEM An aerospace-grade thermoplastic with a UL 94 ","https://www.printlog3d.com/library/pei","https://www.printlog3d.com/library/pei","200","internal","internal","","","false","","","","2026-08-31T09:33:58.401Z"
"https://www.printlog3d.com/library","PPS Polyphenylene Sulfide A semi-crystalline engineering polymer with excellent ","https://www.printlog3d.com/library/pps","https://www.printlog3d.com/library/pps","200","internal","internal","","","false","","","","2026-08-31T09:33:58.401Z"
"https://www.printlog3d.com/library","The full filament guide","https://www.printlog3d.com/3d-printing-filament-guide","https://www.printlog3d.com/3d-printing-filament-guide","200","internal","internal","","","false","","","","2026-08-31T09:33:58.401Z"
"https://www.printlog3d.com/library","PLA vs PETG","https://www.printlog3d.com/pla-vs-petg","https://www.printlog3d.com/pla-vs-petg","200","internal","internal","","","false","","","","2026-08-31T09:33:58.401Z"
"https://www.printlog3d.com/library","PLA vs ABS","https://www.printlog3d.com/pla-vs-abs","https://www.printlog3d.com/pla-vs-abs","200","internal","internal","","","false","","","","2026-08-31T09:33:58.401Z"
"https://www.printlog3d.com/library","ABS vs PETG","https://www.printlog3d.com/abs-vs-petg","https://www.printlog3d.com/abs-vs-petg","200","internal","internal","","","false","","","","2026-08-31T09:33:58.401Z"
"https://www.printlog3d.com/library","How to dry filament","https://www.printlog3d.com/how-to-dry-filament","https://www.printlog3d.com/how-to-dry-filament","200","internal","internal","","","false","","","","2026-08-31T09:33:58.401Z"
"https://www.printlog3d.com/library","How to stop stringing","https://www.printlog3d.com/3d-print-stringing","https://www.printlog3d.com/3d-print-stringing","200","internal","internal","","","false","","","","2026-08-31T09:33:58.401Z"
"https://www.printlog3d.com/library","Materials","https://www.printlog3d.com/library","https://www.printlog3d.com/library","200","internal","internal","","","false","","","","2026-08-31T09:33:58.401Z"
"https://www.printlog3d.com/library","Guides","https://www.printlog3d.com/3d-printing-filament-guide","https://www.printlog3d.com/3d-printing-filament-guide","200","internal","internal","","","false","","","","2026-08-31T09:33:58.401Z"
"https://www.printlog3d.com/library","Workshop","https://www.printlog3d.com/workshop","https://www.printlog3d.com/workshop","200","internal","internal","","","false","","","","2026-08-31T09:33:58.401Z"
"https://www.printlog3d.com/library","Recommended Gear","https://www.printlog3d.com/recommended-gear","https://www.printlog3d.com/recommended-gear","200","internal","internal","","","false","","","","2026-08-31T09:33:58.401Z"
"https://www.printlog3d.com/library","Get It Printed","https://www.printlog3d.com/get-it-printed","https://www.printlog3d.com/get-it-printed","200","internal","internal","","","false","","","","2026-08-31T09:33:58.401Z"
"https://www.printlog3d.com/library","Free Download","https://www.printlog3d.com/free-download","https://www.printlog3d.com/free-download","200","internal","internal","","","false","","","","2026-08-31T09:33:58.401Z"
"https://www.printlog3d.com/library","About","https://www.printlog3d.com/about","https://www.printlog3d.com/about","200","internal","internal","","","false","","","","2026-08-31T09:33:58.401Z"
"https://www.printlog3d.com/library","Support","https://www.printlog3d.com/support","https://www.printlog3d.com/support","200","internal","internal","","","false","","","","2026-08-31T09:33:58.401Z"
"https://www.printlog3d.com/library","Editorial policy","https://www.printlog3d.com/editorial-policy","https://www.printlog3d.com/editorial-policy","200","internal","internal","","","false","","","","2026-08-31T09:33:58.401Z"
"https://www.printlog3d.com/library","Disclosure","https://www.printlog3d.com/disclosure","https://www.printlog3d.com/disclosure","200","internal","internal","","","false","","","","2026-08-31T09:33:58.401Z"
"https://www.printlog3d.com/library","Privacy","https://www.printlog3d.com/privacy","https://www.printlog3d.com/privacy","200","internal","internal","","","false","","","","2026-08-31T09:33:58.401Z"
"https://www.printlog3d.com/library","Terms","https://www.printlog3d.com/terms","https://www.printlog3d.com/terms","200","internal","internal","","","false","","","","2026-08-31T09:33:58.401Z"
"https://www.printlog3d.com/3d-printing-filament-guide","","https://www.printlog3d.com/","https://www.printlog3d.com/","200","internal","internal","","","false","","","","2026-08-31T09:33:58.401Z"
"https://www.printlog3d.com/3d-printing-filament-guide","Materials","https://www.printlog3d.com/library","https://www.printlog3d.com/library","200","internal","internal","","","false","","","","2026-08-31T09:33:58.401Z"
"https://www.printlog3d.com/3d-printing-filament-guide","Guides","https://www.printlog3d.com/3d-printing-filament-guide","https://www.printlog3d.com/3d-printing-filament-guide","200","internal","internal","","","false","","","","2026-08-31T09:33:58.401Z"
"https://www.printlog3d.com/3d-printing-filament-guide","Workshop","https://www.printlog3d.com/workshop","https://www.printlog3d.com/workshop","200","internal","internal","","","false","","","","2026-08-31T09:33:58.401Z"
"https://www.printlog3d.com/3d-printing-filament-guide","Gear","https://www.printlog3d.com/recommended-gear","https://www.printlog3d.com/recommended-gear","200","internal","internal","","","false","","","","2026-08-31T09:33:58.401Z"
"https://www.printlog3d.com/3d-printing-filament-guide","Get It Printed","https://www.printlog3d.com/get-it-printed","https://www.printlog3d.com/get-it-printed","200","internal","internal","","","false","","","","2026-08-31T09:33:58.401Z"
"https://www.printlog3d.com/3d-printing-filament-guide","Free Download","https://www.printlog3d.com/free-download","https://www.printlog3d.com/free-download","200","internal","internal","","","false","","","","2026-08-31T09:33:58.401Z"
"https://www.printlog3d.com/3d-printing-filament-guide","About","https://www.printlog3d.com/about","https://www.printlog3d.com/about","200","internal","internal","","","false","","","","2026-08-31T09:33:58.401Z"
"https://www.printlog3d.com/3d-printing-filament-guide","Free Download","https://www.printlog3d.com/free-download","https://www.printlog3d.com/free-download","200","internal","internal","","","false","","","","2026-08-31T09:33:58.401Z"
"https://www.printlog3d.com/3d-printing-filament-guide","Home","https://www.printlog3d.com/","https://www.printlog3d.com/","200","internal","internal","","","false","","","","2026-08-31T09:33:58.401Z"
"https://www.printlog3d.com/3d-printing-filament-guide","PLA vs PETG","https://www.printlog3d.com/pla-vs-petg","https://www.printlog3d.com/pla-vs-petg","200","internal","internal","","","false","","","","2026-08-31T09:33:58.401Z"
"https://www.printlog3d.com/3d-printing-filament-guide","PLA vs ABS","https://www.printlog3d.com/pla-vs-abs","https://www.printlog3d.com/pla-vs-abs","200","internal","internal","","","false","","","","2026-08-31T09:33:58.401Z"
"https://www.printlog3d.com/3d-printing-filament-guide","PLA vs PETG","https://www.printlog3d.com/pla-vs-petg","https://www.printlog3d.com/pla-vs-petg","200","internal","internal","","","false","","","","2026-08-31T09:33:58.401Z"
"https://www.printlog3d.com/3d-printing-filament-guide","ABS vs PETG","https://www.printlog3d.com/abs-vs-petg","https://www.printlog3d.com/abs-vs-petg","200","internal","internal","","","false","","","","2026-08-31T09:33:58.401Z"
"https://www.printlog3d.com/3d-printing-filament-guide","ABS vs PETG","https://www.printlog3d.com/abs-vs-petg","https://www.printlog3d.com/abs-vs-petg","200","internal","internal","","","false","","","","2026-08-31T09:33:58.401Z"
"https://www.printlog3d.com/3d-printing-filament-guide","PLA vs ABS","https://www.printlog3d.com/pla-vs-abs","https://www.printlog3d.com/pla-vs-abs","200","internal","internal","","","false","","","","2026-08-31T09:33:58.401Z"
"https://www.printlog3d.com/3d-printing-filament-guide","How to dry filament","https://www.printlog3d.com/how-to-dry-filament","https://www.printlog3d.com/how-to-dry-filament","200","internal","internal","","","false","","","","2026-08-31T09:33:58.401Z"
"https://www.printlog3d.com/3d-printing-filament-guide","PLA vs PETG","https://www.printlog3d.com/pla-vs-petg","https://www.printlog3d.com/pla-vs-petg","200","internal","internal","","","false","","","","2026-08-31T09:33:58.401Z"
"https://www.printlog3d.com/3d-printing-filament-guide","ABS vs PETG","https://www.printlog3d.com/abs-vs-petg","https://www.printlog3d.com/abs-vs-petg","200","internal","internal","","","false","","","","2026-08-31T09:33:58.401Z"
"https://www.printlog3d.com/3d-printing-filament-guide","PLA vs ABS","https://www.printlog3d.com/pla-vs-abs","https://www.printlog3d.com/pla-vs-abs","200","internal","internal","","","false","","","","2026-08-31T09:33:58.401Z"
"https://www.printlog3d.com/3d-printing-filament-guide","stringing","https://www.printlog3d.com/3d-print-stringing","https://www.printlog3d.com/3d-print-stringing","200","internal","internal","","","false","","","","2026-08-31T09:33:58.401Z"
"https://www.printlog3d.com/3d-printing-filament-guide","drying filament","https://www.printlog3d.com/how-to-dry-filament","https://www.printlog3d.com/how-to-dry-filament","200","internal","internal","","","false","","","","2026-08-31T09:33:58.401Z"
"https://www.printlog3d.com/3d-printing-filament-guide","Get the free field guide","https://www.printlog3d.com/free-download","https://www.printlog3d.com/free-download","200","internal","internal","","","false","","","","2026-08-31T09:33:58.401Z"
"https://www.printlog3d.com/3d-printing-filament-guide","Materials","https://www.printlog3d.com/library","https://www.printlog3d.com/library","200","internal","internal","","","false","","","","2026-08-31T09:33:58.401Z"
"https://www.printlog3d.com/3d-printing-filament-guide","Guides","https://www.printlog3d.com/3d-printing-filament-guide","https://www.printlog3d.com/3d-printing-filament-guide","200","internal","internal","","","false","","","","2026-08-31T09:33:58.401Z"
"https://www.printlog3d.com/3d-printing-filament-guide","Workshop","https://www.printlog3d.com/workshop","https://www.printlog3d.com/workshop","200","internal","internal","","","false","","","","2026-08-31T09:33:58.401Z"
"https://www.printlog3d.com/3d-printing-filament-guide","Recommended Gear","https://www.printlog3d.com/recommended-gear","https://www.printlog3d.com/recommended-gear","200","internal","internal","","","false","","","","2026-08-31T09:33:58.401Z"
"https://www.printlog3d.com/3d-printing-filament-guide","Get It Printed","https://www.printlog3d.com/get-it-printed","https://www.printlog3d.com/get-it-printed","200","internal","internal","","","false","","","","2026-08-31T09:33:58.401Z"
"https://www.printlog3d.com/3d-printing-filament-guide","Free Download","https://www.printlog3d.com/free-download","https://www.printlog3d.com/free-download","200","internal","internal","","","false","","","","2026-08-31T09:33:58.401Z"
"https://www.printlog3d.com/3d-printing-filament-guide","About","https://www.printlog3d.com/about","https://www.printlog3d.com/about","200","internal","internal","","","false","","","","2026-08-31T09:33:58.401Z"
"https://www.printlog3d.com/3d-printing-filament-guide","Support","https://www.printlog3d.com/support","https://www.printlog3d.com/support","200","internal","internal","","","false","","","","2026-08-31T09:33:58.401Z"
"https://www.printlog3d.com/3d-printing-filament-guide","Editorial policy","https://www.printlog3d.com/editorial-policy","https://www.printlog3d.com/editorial-policy","200","internal","internal","","","false","","","","2026-08-31T09:33:58.401Z"
"https://www.printlog3d.com/3d-printing-filament-guide","Disclosure","https://www.printlog3d.com/disclosure","https://www.printlog3d.com/disclosure","200","internal","internal","","","false","","","","2026-08-31T09:33:58.401Z"
"https://www.printlog3d.com/3d-printing-filament-guide","Privacy","https://www.printlog3d.com/privacy","https://www.printlog3d.com/privacy","200","internal","internal","","","false","","","","2026-08-31T09:33:58.401Z"
"https://www.printlog3d.com/3d-printing-filament-guide","Terms","https://www.printlog3d.com/terms","https://www.printlog3d.com/terms","200","internal","internal","","","false","","","","2026-08-31T09:33:58.401Z"
"https://www.printlog3d.com/pla-vs-petg","","https://www.printlog3d.com/","https://www.printlog3d.com/","200","internal","internal","","","false","","","","2026-08-31T09:33:58.401Z"
"https://www.printlog3d.com/pla-vs-petg","Materials","https://www.printlog3d.com/library","https://www.printlog3d.com/library","200","internal","internal","","","false","","","","2026-08-31T09:33:58.401Z"
"https://www.printlog3d.com/pla-vs-petg","Guides","https://www.printlog3d.com/3d-printing-filament-guide","https://www.printlog3d.com/3d-printing-filament-guide","200","internal","internal","","","false","","","","2026-08-31T09:33:58.401Z"
"https://www.printlog3d.com/pla-vs-petg","Workshop","https://www.printlog3d.com/workshop","https://www.printlog3d.com/workshop","200","internal","internal","","","false","","","","2026-08-31T09:33:58.401Z"
"https://www.printlog3d.com/pla-vs-petg","Gear","https://www.printlog3d.com/recommended-gear","https://www.printlog3d.com/recommended-gear","200","internal","internal","","","false","","","","2026-08-31T09:33:58.401Z"
"https://www.printlog3d.com/pla-vs-petg","Get It Printed","https://www.printlog3d.com/get-it-printed","https://www.printlog3d.com/get-it-printed","200","internal","internal","","","false","","","","2026-08-31T09:33:58.401Z"
"https://www.printlog3d.com/pla-vs-petg","Free Download","https://www.printlog3d.com/free-download","https://www.printlog3d.com/free-download","200","internal","internal","","","false","","","","2026-08-31T09:33:58.401Z"
"https://www.printlog3d.com/pla-vs-petg","About","https://www.printlog3d.com/about","https://www.printlog3d.com/about","200","internal","internal","","","false","","","","2026-08-31T09:33:58.401Z"
"https://www.printlog3d.com/pla-vs-petg","Free Download","https://www.printlog3d.com/free-download","https://www.printlog3d.com/free-download","200","internal","internal","","","false","","","","2026-08-31T09:33:58.401Z"
"https://www.printlog3d.com/pla-vs-petg","Home","https://www.printlog3d.com/","https://www.printlog3d.com/","200","internal","internal","","","false","","","","2026-08-31T09:33:58.401Z"
"https://www.printlog3d.com/pla-vs-petg","See our stringing fix guide","https://www.printlog3d.com/3d-print-stringing","https://www.printlog3d.com/3d-print-stringing","200","internal","internal","","","false","","","","2026-08-31T09:33:58.401Z"
"https://www.printlog3d.com/pla-vs-petg","See our filament drying guide","https://www.printlog3d.com/how-to-dry-filament","https://www.printlog3d.com/how-to-dry-filament","200","internal","internal","","","false","","","","2026-08-31T09:33:58.401Z"
"https://www.printlog3d.com/pla-vs-petg","complete filament guide","https://www.printlog3d.com/3d-printing-filament-guide","https://www.printlog3d.com/3d-printing-filament-guide","200","internal","internal","","","false","","","","2026-08-31T09:33:58.401Z"
"https://www.printlog3d.com/pla-vs-petg","ABS vs PETG","https://www.printlog3d.com/abs-vs-petg","https://www.printlog3d.com/abs-vs-petg","200","internal","internal","","","false","","","","2026-08-31T09:33:58.401Z"
"https://www.printlog3d.com/pla-vs-petg","PLA vs ABS","https://www.printlog3d.com/pla-vs-abs","https://www.printlog3d.com/pla-vs-abs","200","internal","internal","","","false","","","","2026-08-31T09:33:58.401Z"
"https://www.printlog3d.com/pla-vs-petg","Get the free field guide","https://www.printlog3d.com/free-download","https://www.printlog3d.com/free-download","200","internal","internal","","","false","","","","2026-08-31T09:33:58.401Z"
"https://www.printlog3d.com/pla-vs-petg","Full PLA settings","https://www.printlog3d.com/library/pla","https://www.printlog3d.com/library/pla","200","internal","internal","","","false","","","","2026-08-31T09:33:58.401Z"
"https://www.printlog3d.com/pla-vs-petg","PLA on Amazon","https://www.amazon.com/s?k=pla%20filament%201.75mm&tag=printlog3d-20","https://www.amazon.com/s?k=pla%20filament%201.75mm&tag=printlog3d-20","200","external","commercial","Amazon","amazon-associates","true","printlog3d-20","nofollow noopener noreferrer sponsored","","2026-08-31T09:33:58.401Z"
"https://www.printlog3d.com/pla-vs-petg","Full PETG settings","https://www.printlog3d.com/library/petg","https://www.printlog3d.com/library/petg","200","internal","internal","","","false","","","","2026-08-31T09:33:58.401Z"
"https://www.printlog3d.com/pla-vs-petg","PETG on Amazon","https://www.amazon.com/s?k=petg%20filament%201.75mm&tag=printlog3d-20","https://www.amazon.com/s?k=petg%20filament%201.75mm&tag=printlog3d-20","200","external","commercial","Amazon","amazon-associates","true","printlog3d-20","nofollow noopener noreferrer sponsored","","2026-08-31T09:33:58.401Z"
"https://www.printlog3d.com/pla-vs-petg","how to dry filament","https://www.printlog3d.com/how-to-dry-filament","https://www.printlog3d.com/how-to-dry-filament","200","internal","internal","","","false","","","","2026-08-31T09:33:58.401Z"
"https://www.printlog3d.com/pla-vs-petg","Upload a file for printing","https://www.3dprinterondemand.com/instant-quote?source=printlog3d&source_page=comparison&placement=owned-service-comparison&campaign=printlog3d-referral","https://www.3dprinterondemand.com/instant-quote?source=printlog3d&source_page=comparison&placement=owned-service-comparison&campaign=printlog3d-referral","200","external","commercial","3DPrinterOnDemand","owned-service","n/a-no-credentials","","noopener noreferrer","","2026-08-31T09:33:58.401Z"
"https://www.printlog3d.com/pla-vs-petg","Materials","https://www.printlog3d.com/library","https://www.printlog3d.com/library","200","internal","internal","","","false","","","","2026-08-31T09:33:58.401Z"
"https://www.printlog3d.com/pla-vs-petg","Guides","https://www.printlog3d.com/3d-printing-filament-guide","https://www.printlog3d.com/3d-printing-filament-guide","200","internal","internal","","","false","","","","2026-08-31T09:33:58.401Z"
"https://www.printlog3d.com/pla-vs-petg","Workshop","https://www.printlog3d.com/workshop","https://www.printlog3d.com/workshop","200","internal","internal","","","false","","","","2026-08-31T09:33:58.401Z"
"https://www.printlog3d.com/pla-vs-petg","Recommended Gear","https://www.printlog3d.com/recommended-gear","https://www.printlog3d.com/recommended-gear","200","internal","internal","","","false","","","","2026-08-31T09:33:58.401Z"
"https://www.printlog3d.com/pla-vs-petg","Get It Printed","https://www.printlog3d.com/get-it-printed","https://www.printlog3d.com/get-it-printed","200","internal","internal","","","false","","","","2026-08-31T09:33:58.401Z"
"https://www.printlog3d.com/pla-vs-petg","Free Download","https://www.printlog3d.com/free-download","https://www.printlog3d.com/free-download","200","internal","internal","","","false","","","","2026-08-31T09:33:58.401Z"
"https://www.printlog3d.com/pla-vs-petg","About","https://www.printlog3d.com/about","https://www.printlog3d.com/about","200","internal","internal","","","false","","","","2026-08-31T09:33:58.401Z"
"https://www.printlog3d.com/pla-vs-petg","Support","https://www.printlog3d.com/support","https://www.printlog3d.com/support","200","internal","internal","","","false","","","","2026-08-31T09:33:58.401Z"
"https://www.printlog3d.com/pla-vs-petg","Editorial policy","https://www.printlog3d.com/editorial-policy","https://www.printlog3d.com/editorial-policy","200","internal","internal","","","false","","","","2026-08-31T09:33:58.401Z"
"https://www.printlog3d.com/pla-vs-petg","Disclosure","https://www.printlog3d.com/disclosure","https://www.printlog3d.com/disclosure","200","internal","internal","","","false","","","","2026-08-31T09:33:58.401Z"
"https://www.printlog3d.com/pla-vs-petg","Privacy","https://www.printlog3d.com/privacy","https://www.printlog3d.com/privacy","200","internal","internal","","","false","","","","2026-08-31T09:33:58.401Z"
"https://www.printlog3d.com/pla-vs-petg","Terms","https://www.printlog3d.com/terms","https://www.printlog3d.com/terms","200","internal","internal","","","false","","","","2026-08-31T09:33:58.401Z"
"https://www.printlog3d.com/abs-vs-petg","","https://www.printlog3d.com/","https://www.printlog3d.com/","200","internal","internal","","","false","","","","2026-08-31T09:33:58.401Z"
"https://www.printlog3d.com/abs-vs-petg","Materials","https://www.printlog3d.com/library","https://www.printlog3d.com/library","200","internal","internal","","","false","","","","2026-08-31T09:33:58.401Z"
"https://www.printlog3d.com/abs-vs-petg","Guides","https://www.printlog3d.com/3d-printing-filament-guide","https://www.printlog3d.com/3d-printing-filament-guide","200","internal","internal","","","false","","","","2026-08-31T09:33:58.401Z"
"https://www.printlog3d.com/abs-vs-petg","Workshop","https://www.printlog3d.com/workshop","https://www.printlog3d.com/workshop","200","internal","internal","","","false","","","","2026-08-31T09:33:58.401Z"
"https://www.printlog3d.com/abs-vs-petg","Gear","https://www.printlog3d.com/recommended-gear","https://www.printlog3d.com/recommended-gear","200","internal","internal","","","false","","","","2026-08-31T09:33:58.401Z"
"https://www.printlog3d.com/abs-vs-petg","Get It Printed","https://www.printlog3d.com/get-it-printed","https://www.printlog3d.com/get-it-printed","200","internal","internal","","","false","","","","2026-08-31T09:33:58.401Z"
"https://www.printlog3d.com/abs-vs-petg","Free Download","https://www.printlog3d.com/free-download","https://www.printlog3d.com/free-download","200","internal","internal","","","false","","","","2026-08-31T09:33:58.401Z"
"https://www.printlog3d.com/abs-vs-petg","About","https://www.printlog3d.com/about","https://www.printlog3d.com/about","200","internal","internal","","","false","","","","2026-08-31T09:33:58.401Z"
"https://www.printlog3d.com/abs-vs-petg","Free Download","https://www.printlog3d.com/free-download","https://www.printlog3d.com/free-download","200","internal","internal","","","false","","","","2026-08-31T09:33:58.401Z"
"https://www.printlog3d.com/abs-vs-petg","Home","https://www.printlog3d.com/","https://www.printlog3d.com/","200","internal","internal","","","false","","","","2026-08-31T09:33:58.401Z"
"https://www.printlog3d.com/abs-vs-petg","PLA vs PETG","https://www.printlog3d.com/pla-vs-petg","https://www.printlog3d.com/pla-vs-petg","200","internal","internal","","","false","","","","2026-08-31T09:33:58.401Z"
"https://www.printlog3d.com/abs-vs-petg","PLA vs ABS","https://www.printlog3d.com/pla-vs-abs","https://www.printlog3d.com/pla-vs-abs","200","internal","internal","","","false","","","","2026-08-31T09:33:58.401Z"
"https://www.printlog3d.com/abs-vs-petg","All 31 materials","https://www.printlog3d.com/library","https://www.printlog3d.com/library","200","internal","internal","","","false","","","","2026-08-31T09:33:58.401Z"
"https://www.printlog3d.com/abs-vs-petg","Dry your filament","https://www.printlog3d.com/how-to-dry-filament","https://www.printlog3d.com/how-to-dry-filament","200","internal","internal","","","false","","","","2026-08-31T09:33:58.401Z"
"https://www.printlog3d.com/abs-vs-petg","Get the free field guide","https://www.printlog3d.com/free-download","https://www.printlog3d.com/free-download","200","internal","internal","","","false","","","","2026-08-31T09:33:58.401Z"
"https://www.printlog3d.com/abs-vs-petg","Full ABS settings","https://www.printlog3d.com/library/abs","https://www.printlog3d.com/library/abs","200","internal","internal","","","false","","","","2026-08-31T09:33:58.401Z"
"https://www.printlog3d.com/abs-vs-petg","ABS on Amazon","https://www.amazon.com/s?k=abs%20filament%201.75mm&tag=printlog3d-20","https://www.amazon.com/s?k=abs%20filament%201.75mm&tag=printlog3d-20","200","external","commercial","Amazon","amazon-associates","true","printlog3d-20","nofollow noopener noreferrer sponsored","","2026-08-31T09:33:58.401Z"
"https://www.printlog3d.com/abs-vs-petg","Full PETG settings","https://www.printlog3d.com/library/petg","https://www.printlog3d.com/library/petg","200","internal","internal","","","false","","","","2026-08-31T09:33:58.401Z"
"https://www.printlog3d.com/abs-vs-petg","PETG on Amazon","https://www.amazon.com/s?k=petg%20filament%201.75mm&tag=printlog3d-20","https://www.amazon.com/s?k=petg%20filament%201.75mm&tag=printlog3d-20","200","external","commercial","Amazon","amazon-associates","true","printlog3d-20","nofollow noopener noreferrer sponsored","","2026-08-31T09:33:58.401Z"
"https://www.printlog3d.com/abs-vs-petg","how to dry filament","https://www.printlog3d.com/how-to-dry-filament","https://www.printlog3d.com/how-to-dry-filament","200","internal","internal","","","false","","","","2026-08-31T09:33:58.401Z"
"https://www.printlog3d.com/abs-vs-petg","Upload a file for printing","https://www.3dprinterondemand.com/instant-quote?source=printlog3d&source_page=comparison&placement=owned-service-comparison&campaign=printlog3d-referral","https://www.3dprinterondemand.com/instant-quote?source=printlog3d&source_page=comparison&placement=owned-service-comparison&campaign=printlog3d-referral","200","external","commercial","3DPrinterOnDemand","owned-service","n/a-no-credentials","","noopener noreferrer","","2026-08-31T09:33:58.401Z"
"https://www.printlog3d.com/abs-vs-petg","Materials","https://www.printlog3d.com/library","https://www.printlog3d.com/library","200","internal","internal","","","false","","","","2026-08-31T09:33:58.401Z"
"https://www.printlog3d.com/abs-vs-petg","Guides","https://www.printlog3d.com/3d-printing-filament-guide","https://www.printlog3d.com/3d-printing-filament-guide","200","internal","internal","","","false","","","","2026-08-31T09:33:58.401Z"
"https://www.printlog3d.com/abs-vs-petg","Workshop","https://www.printlog3d.com/workshop","https://www.printlog3d.com/workshop","200","internal","internal","","","false","","","","2026-08-31T09:33:58.401Z"
"https://www.printlog3d.com/abs-vs-petg","Recommended Gear","https://www.printlog3d.com/recommended-gear","https://www.printlog3d.com/recommended-gear","200","internal","internal","","","false","","","","2026-08-31T09:33:58.401Z"
"https://www.printlog3d.com/abs-vs-petg","Get It Printed","https://www.printlog3d.com/get-it-printed","https://www.printlog3d.com/get-it-printed","200","internal","internal","","","false","","","","2026-08-31T09:33:58.401Z"
"https://www.printlog3d.com/abs-vs-petg","Free Download","https://www.printlog3d.com/free-download","https://www.printlog3d.com/free-download","200","internal","internal","","","false","","","","2026-08-31T09:33:58.401Z"
"https://www.printlog3d.com/abs-vs-petg","About","https://www.printlog3d.com/about","https://www.printlog3d.com/about","200","internal","internal","","","false","","","","2026-08-31T09:33:58.401Z"
"https://www.printlog3d.com/abs-vs-petg","Support","https://www.printlog3d.com/support","https://www.printlog3d.com/support","200","internal","internal","","","false","","","","2026-08-31T09:33:58.401Z"
"https://www.printlog3d.com/abs-vs-petg","Editorial policy","https://www.printlog3d.com/editorial-policy","https://www.printlog3d.com/editorial-policy","200","internal","internal","","","false","","","","2026-08-31T09:33:58.401Z"
"https://www.printlog3d.com/abs-vs-petg","Disclosure","https://www.printlog3d.com/disclosure","https://www.printlog3d.com/disclosure","200","internal","internal","","","false","","","","2026-08-31T09:33:58.401Z"
"https://www.printlog3d.com/abs-vs-petg","Privacy","https://www.printlog3d.com/privacy","https://www.printlog3d.com/privacy","200","internal","internal","","","false","","","","2026-08-31T09:33:58.401Z"
"https://www.printlog3d.com/abs-vs-petg","Terms","https://www.printlog3d.com/terms","https://www.printlog3d.com/terms","200","internal","internal","","","false","","","","2026-08-31T09:33:58.401Z"
"https://www.printlog3d.com/pla-vs-abs","","https://www.printlog3d.com/","https://www.printlog3d.com/","200","internal","internal","","","false","","","","2026-08-31T09:33:58.401Z"
"https://www.printlog3d.com/pla-vs-abs","Materials","https://www.printlog3d.com/library","https://www.printlog3d.com/library","200","internal","internal","","","false","","","","2026-08-31T09:33:58.401Z"
"https://www.printlog3d.com/pla-vs-abs","Guides","https://www.printlog3d.com/3d-printing-filament-guide","https://www.printlog3d.com/3d-printing-filament-guide","200","internal","internal","","","false","","","","2026-08-31T09:33:58.401Z"
"https://www.printlog3d.com/pla-vs-abs","Workshop","https://www.printlog3d.com/workshop","https://www.printlog3d.com/workshop","200","internal","internal","","","false","","","","2026-08-31T09:33:58.401Z"
"https://www.printlog3d.com/pla-vs-abs","Gear","https://www.printlog3d.com/recommended-gear","https://www.printlog3d.com/recommended-gear","200","internal","internal","","","false","","","","2026-08-31T09:33:58.401Z"
"https://www.printlog3d.com/pla-vs-abs","Get It Printed","https://www.printlog3d.com/get-it-printed","https://www.printlog3d.com/get-it-printed","200","internal","internal","","","false","","","","2026-08-31T09:33:58.401Z"
"https://www.printlog3d.com/pla-vs-abs","Free Download","https://www.printlog3d.com/free-download","https://www.printlog3d.com/free-download","200","internal","internal","","","false","","","","2026-08-31T09:33:58.401Z"
"https://www.printlog3d.com/pla-vs-abs","About","https://www.printlog3d.com/about","https://www.printlog3d.com/about","200","internal","internal","","","false","","","","2026-08-31T09:33:58.401Z"
"https://www.printlog3d.com/pla-vs-abs","Free Download","https://www.printlog3d.com/free-download","https://www.printlog3d.com/free-download","200","internal","internal","","","false","","","","2026-08-31T09:33:58.401Z"
"https://www.printlog3d.com/pla-vs-abs","Home","https://www.printlog3d.com/","https://www.printlog3d.com/","200","internal","internal","","","false","","","","2026-08-31T09:33:58.401Z"
"https://www.printlog3d.com/pla-vs-abs","PLA vs PETG The most common comparison. When to step up. Read →","https://www.printlog3d.com/pla-vs-petg","https://www.printlog3d.com/pla-vs-petg","200","internal","internal","","","false","","","","2026-08-31T09:33:58.401Z"
"https://www.printlog3d.com/pla-vs-abs","ABS vs PETG Which is better for functional parts? Read →","https://www.printlog3d.com/abs-vs-petg","https://www.printlog3d.com/abs-vs-petg","200","internal","internal","","","false","","","","2026-08-31T09:33:58.401Z"
"https://www.printlog3d.com/pla-vs-abs","All 31 Materials Print settings, enclosure and drying for every material. Read →","https://www.printlog3d.com/library","https://www.printlog3d.com/library","200","internal","internal","","","false","","","","2026-08-31T09:33:58.401Z"
"https://www.printlog3d.com/pla-vs-abs","Fix Stringing Retraction, temp, and combing explained. Read →","https://www.printlog3d.com/3d-print-stringing","https://www.printlog3d.com/3d-print-stringing","200","internal","internal","","","false","","","","2026-08-31T09:33:58.401Z"
"https://www.printlog3d.com/pla-vs-abs","Get the free field guide","https://www.printlog3d.com/free-download","https://www.printlog3d.com/free-download","200","internal","internal","","","false","","","","2026-08-31T09:33:58.401Z"
"https://www.printlog3d.com/pla-vs-abs","Full PLA settings","https://www.printlog3d.com/library/pla","https://www.printlog3d.com/library/pla","200","internal","internal","","","false","","","","2026-08-31T09:33:58.401Z"
"https://www.printlog3d.com/pla-vs-abs","PLA on Amazon","https://www.amazon.com/s?k=pla%20filament%201.75mm&tag=printlog3d-20","https://www.amazon.com/s?k=pla%20filament%201.75mm&tag=printlog3d-20","200","external","commercial","Amazon","amazon-associates","true","printlog3d-20","nofollow noopener noreferrer sponsored","","2026-08-31T09:33:58.401Z"
"https://www.printlog3d.com/pla-vs-abs","Full ABS settings","https://www.printlog3d.com/library/abs","https://www.printlog3d.com/library/abs","200","internal","internal","","","false","","","","2026-08-31T09:33:58.401Z"
"https://www.printlog3d.com/pla-vs-abs","ABS on Amazon","https://www.amazon.com/s?k=abs%20filament%201.75mm&tag=printlog3d-20","https://www.amazon.com/s?k=abs%20filament%201.75mm&tag=printlog3d-20","200","external","commercial","Amazon","amazon-associates","true","printlog3d-20","nofollow noopener noreferrer sponsored","","2026-08-31T09:33:58.401Z"
"https://www.printlog3d.com/pla-vs-abs","how to dry filament","https://www.printlog3d.com/how-to-dry-filament","https://www.printlog3d.com/how-to-dry-filament","200","internal","internal","","","false","","","","2026-08-31T09:33:58.401Z"
"https://www.printlog3d.com/pla-vs-abs","Upload a file for printing","https://www.3dprinterondemand.com/instant-quote?source=printlog3d&source_page=comparison&placement=owned-service-comparison&campaign=printlog3d-referral","https://www.3dprinterondemand.com/instant-quote?source=printlog3d&source_page=comparison&placement=owned-service-comparison&campaign=printlog3d-referral","200","external","commercial","3DPrinterOnDemand","owned-service","n/a-no-credentials","","noopener noreferrer","","2026-08-31T09:33:58.401Z"
"https://www.printlog3d.com/pla-vs-abs","Materials","https://www.printlog3d.com/library","https://www.printlog3d.com/library","200","internal","internal","","","false","","","","2026-08-31T09:33:58.401Z"
"https://www.printlog3d.com/pla-vs-abs","Guides","https://www.printlog3d.com/3d-printing-filament-guide","https://www.printlog3d.com/3d-printing-filament-guide","200","internal","internal","","","false","","","","2026-08-31T09:33:58.401Z"
"https://www.printlog3d.com/pla-vs-abs","Workshop","https://www.printlog3d.com/workshop","https://www.printlog3d.com/workshop","200","internal","internal","","","false","","","","2026-08-31T09:33:58.401Z"
"https://www.printlog3d.com/pla-vs-abs","Recommended Gear","https://www.printlog3d.com/recommended-gear","https://www.printlog3d.com/recommended-gear","200","internal","internal","","","false","","","","2026-08-31T09:33:58.401Z"
"https://www.printlog3d.com/pla-vs-abs","Get It Printed","https://www.printlog3d.com/get-it-printed","https://www.printlog3d.com/get-it-printed","200","internal","internal","","","false","","","","2026-08-31T09:33:58.401Z"
"https://www.printlog3d.com/pla-vs-abs","Free Download","https://www.printlog3d.com/free-download","https://www.printlog3d.com/free-download","200","internal","internal","","","false","","","","2026-08-31T09:33:58.401Z"
"https://www.printlog3d.com/pla-vs-abs","About","https://www.printlog3d.com/about","https://www.printlog3d.com/about","200","internal","internal","","","false","","","","2026-08-31T09:33:58.401Z"
"https://www.printlog3d.com/pla-vs-abs","Support","https://www.printlog3d.com/support","https://www.printlog3d.com/support","200","internal","internal","","","false","","","","2026-08-31T09:33:58.401Z"
"https://www.printlog3d.com/pla-vs-abs","Editorial policy","https://www.printlog3d.com/editorial-policy","https://www.printlog3d.com/editorial-policy","200","internal","internal","","","false","","","","2026-08-31T09:33:58.401Z"
"https://www.printlog3d.com/pla-vs-abs","Disclosure","https://www.printlog3d.com/disclosure","https://www.printlog3d.com/disclosure","200","internal","internal","","","false","","","","2026-08-31T09:33:58.401Z"
"https://www.printlog3d.com/pla-vs-abs","Privacy","https://www.printlog3d.com/privacy","https://www.printlog3d.com/privacy","200","internal","internal","","","false","","","","2026-08-31T09:33:58.401Z"
"https://www.printlog3d.com/pla-vs-abs","Terms","https://www.printlog3d.com/terms","https://www.printlog3d.com/terms","200","internal","internal","","","false","","","","2026-08-31T09:33:58.401Z"
"https://www.printlog3d.com/how-to-dry-filament","","https://www.printlog3d.com/","https://www.printlog3d.com/","200","internal","internal","","","false","","","","2026-08-31T09:33:58.401Z"
"https://www.printlog3d.com/how-to-dry-filament","Materials","https://www.printlog3d.com/library","https://www.printlog3d.com/library","200","internal","internal","","","false","","","","2026-08-31T09:33:58.401Z"
"https://www.printlog3d.com/how-to-dry-filament","Guides","https://www.printlog3d.com/3d-printing-filament-guide","https://www.printlog3d.com/3d-printing-filament-guide","200","internal","internal","","","false","","","","2026-08-31T09:33:58.401Z"
"https://www.printlog3d.com/how-to-dry-filament","Workshop","https://www.printlog3d.com/workshop","https://www.printlog3d.com/workshop","200","internal","internal","","","false","","","","2026-08-31T09:33:58.401Z"
"https://www.printlog3d.com/how-to-dry-filament","Gear","https://www.printlog3d.com/recommended-gear","https://www.printlog3d.com/recommended-gear","200","internal","internal","","","false","","","","2026-08-31T09:33:58.401Z"
"https://www.printlog3d.com/how-to-dry-filament","Get It Printed","https://www.printlog3d.com/get-it-printed","https://www.printlog3d.com/get-it-printed","200","internal","internal","","","false","","","","2026-08-31T09:33:58.401Z"
"https://www.printlog3d.com/how-to-dry-filament","Free Download","https://www.printlog3d.com/free-download","https://www.printlog3d.com/free-download","200","internal","internal","","","false","","","","2026-08-31T09:33:58.401Z"
"https://www.printlog3d.com/how-to-dry-filament","About","https://www.printlog3d.com/about","https://www.printlog3d.com/about","200","internal","internal","","","false","","","","2026-08-31T09:33:58.401Z"
"https://www.printlog3d.com/how-to-dry-filament","Free Download","https://www.printlog3d.com/free-download","https://www.printlog3d.com/free-download","200","internal","internal","","","false","","","","2026-08-31T09:33:58.401Z"
"https://www.printlog3d.com/how-to-dry-filament","Home","https://www.printlog3d.com/","https://www.printlog3d.com/","200","internal","internal","","","false","","","","2026-08-31T09:33:58.401Z"
"https://www.printlog3d.com/how-to-dry-filament","See filament dryer on Amazon","https://www.amazon.com/s?k=filament%20dryer%20nylon&tag=printlog3d-20","https://www.amazon.com/s?k=filament%20dryer%20nylon&tag=printlog3d-20","200","external","commercial","Amazon","amazon-associates","true","printlog3d-20","nofollow noopener noreferrer sponsored","","2026-08-31T09:33:58.401Z"
"https://www.printlog3d.com/how-to-dry-filament","TempPro · Digital hygrometer Small enough to sit inside a storage box, which is ","https://www.amazon.com/dp/B07WCR5Y4B?tag=printlog3d-20","https://www.amazon.com/dp/B07WCR5Y4B?tag=printlog3d-20","200","external","commercial","Amazon","amazon-associates","true","printlog3d-20","nofollow noopener noreferrer sponsored","","2026-08-31T09:33:58.401Z"
"https://www.printlog3d.com/how-to-dry-filament","YOOPAI · Filament storage box with humidity monitor Sealed box with a built-in h","https://www.amazon.com/dp/B0G6ZWQSVY?tag=printlog3d-20","https://www.amazon.com/dp/B0G6ZWQSVY?tag=printlog3d-20","200","external","commercial","Amazon","amazon-associates","true","printlog3d-20","nofollow noopener noreferrer sponsored","","2026-08-31T09:33:58.401Z"
"https://www.printlog3d.com/how-to-dry-filament","Odilona · Filament vacuum storage bags with pump Sized for 1 kg spools generally","https://www.amazon.com/dp/B0GVHZ3MZQ?tag=printlog3d-20","https://www.amazon.com/dp/B0GVHZ3MZQ?tag=printlog3d-20","200","external","commercial","Amazon","amazon-associates","true","printlog3d-20","nofollow noopener noreferrer sponsored","","2026-08-31T09:33:58.401Z"
"https://www.printlog3d.com/how-to-dry-filament","PEEK","https://www.printlog3d.com/library/peek","https://www.printlog3d.com/library/peek","200","internal","internal","","","false","","","","2026-08-31T09:33:58.401Z"
"https://www.printlog3d.com/how-to-dry-filament","PA-CF","https://www.printlog3d.com/library/pa-cf","https://www.printlog3d.com/library/pa-cf","200","internal","internal","","","false","","","","2026-08-31T09:33:58.401Z"
"https://www.printlog3d.com/how-to-dry-filament","polycarbonate","https://www.printlog3d.com/library/pc","https://www.printlog3d.com/library/pc","200","internal","internal","","","false","","","","2026-08-31T09:33:58.401Z"
"https://www.printlog3d.com/how-to-dry-filament","Get a printing quote","https://www.3dprinterondemand.com/instant-quote?source=printlog3d&source_page=troubleshooting&placement=owned-service-troubleshooting&campaign=printlog3d-referral","https://www.3dprinterondemand.com/instant-quote?source=printlog3d&source_page=troubleshooting&placement=owned-service-troubleshooting&campaign=printlog3d-referral","200","external","commercial","3DPrinterOnDemand","owned-service","n/a-no-credentials","","noopener noreferrer","","2026-08-31T09:33:58.401Z"
"https://www.printlog3d.com/how-to-dry-filament","3D Printing Filament Guide","https://www.printlog3d.com/3d-printing-filament-guide","https://www.printlog3d.com/3d-printing-filament-guide","200","internal","internal","","","false","","","","2026-08-31T09:33:58.401Z"
"https://www.printlog3d.com/how-to-dry-filament","Fix Stringing","https://www.printlog3d.com/3d-print-stringing","https://www.printlog3d.com/3d-print-stringing","200","internal","internal","","","false","","","","2026-08-31T09:33:58.401Z"
"https://www.printlog3d.com/how-to-dry-filament","PLA vs PETG","https://www.printlog3d.com/pla-vs-petg","https://www.printlog3d.com/pla-vs-petg","200","internal","internal","","","false","","","","2026-08-31T09:33:58.401Z"
"https://www.printlog3d.com/how-to-dry-filament","ABS vs PETG","https://www.printlog3d.com/abs-vs-petg","https://www.printlog3d.com/abs-vs-petg","200","internal","internal","","","false","","","","2026-08-31T09:33:58.401Z"
"https://www.printlog3d.com/how-to-dry-filament","Get the free field guide","https://www.printlog3d.com/free-download","https://www.printlog3d.com/free-download","200","internal","internal","","","false","","","","2026-08-31T09:33:58.401Z"
"https://www.printlog3d.com/how-to-dry-filament","Materials","https://www.printlog3d.com/library","https://www.printlog3d.com/library","200","internal","internal","","","false","","","","2026-08-31T09:33:58.401Z"
"https://www.printlog3d.com/how-to-dry-filament","Guides","https://www.printlog3d.com/3d-printing-filament-guide","https://www.printlog3d.com/3d-printing-filament-guide","200","internal","internal","","","false","","","","2026-08-31T09:33:58.401Z"
"https://www.printlog3d.com/how-to-dry-filament","Workshop","https://www.printlog3d.com/workshop","https://www.printlog3d.com/workshop","200","internal","internal","","","false","","","","2026-08-31T09:33:58.401Z"
"https://www.printlog3d.com/how-to-dry-filament","Recommended Gear","https://www.printlog3d.com/recommended-gear","https://www.printlog3d.com/recommended-gear","200","internal","internal","","","false","","","","2026-08-31T09:33:58.401Z"
"https://www.printlog3d.com/how-to-dry-filament","Get It Printed","https://www.printlog3d.com/get-it-printed","https://www.printlog3d.com/get-it-printed","200","internal","internal","","","false","","","","2026-08-31T09:33:58.401Z"
"https://www.printlog3d.com/how-to-dry-filament","Free Download","https://www.printlog3d.com/free-download","https://www.printlog3d.com/free-download","200","internal","internal","","","false","","","","2026-08-31T09:33:58.401Z"
"https://www.printlog3d.com/how-to-dry-filament","About","https://www.printlog3d.com/about","https://www.printlog3d.com/about","200","internal","internal","","","false","","","","2026-08-31T09:33:58.401Z"
"https://www.printlog3d.com/how-to-dry-filament","Support","https://www.printlog3d.com/support","https://www.printlog3d.com/support","200","internal","internal","","","false","","","","2026-08-31T09:33:58.401Z"
"https://www.printlog3d.com/how-to-dry-filament","Editorial policy","https://www.printlog3d.com/editorial-policy","https://www.printlog3d.com/editorial-policy","200","internal","internal","","","false","","","","2026-08-31T09:33:58.401Z"
"https://www.printlog3d.com/how-to-dry-filament","Disclosure","https://www.printlog3d.com/disclosure","https://www.printlog3d.com/disclosure","200","internal","internal","","","false","","","","2026-08-31T09:33:58.401Z"
"https://www.printlog3d.com/how-to-dry-filament","Privacy","https://www.printlog3d.com/privacy","https://www.printlog3d.com/privacy","200","internal","internal","","","false","","","","2026-08-31T09:33:58.401Z"
"https://www.printlog3d.com/how-to-dry-filament","Terms","https://www.printlog3d.com/terms","https://www.printlog3d.com/terms","200","internal","internal","","","false","","","","2026-08-31T09:33:58.401Z"
"https://www.printlog3d.com/3d-print-stringing","","https://www.printlog3d.com/","https://www.printlog3d.com/","200","internal","internal","","","false","","","","2026-08-31T09:33:58.401Z"
"https://www.printlog3d.com/3d-print-stringing","Materials","https://www.printlog3d.com/library","https://www.printlog3d.com/library","200","internal","internal","","","false","","","","2026-08-31T09:33:58.401Z"
"https://www.printlog3d.com/3d-print-stringing","Guides","https://www.printlog3d.com/3d-printing-filament-guide","https://www.printlog3d.com/3d-printing-filament-guide","200","internal","internal","","","false","","","","2026-08-31T09:33:58.401Z"
"https://www.printlog3d.com/3d-print-stringing","Workshop","https://www.printlog3d.com/workshop","https://www.printlog3d.com/workshop","200","internal","internal","","","false","","","","2026-08-31T09:33:58.401Z"
"https://www.printlog3d.com/3d-print-stringing","Gear","https://www.printlog3d.com/recommended-gear","https://www.printlog3d.com/recommended-gear","200","internal","internal","","","false","","","","2026-08-31T09:33:58.401Z"
"https://www.printlog3d.com/3d-print-stringing","Get It Printed","https://www.printlog3d.com/get-it-printed","https://www.printlog3d.com/get-it-printed","200","internal","internal","","","false","","","","2026-08-31T09:33:58.401Z"
"https://www.printlog3d.com/3d-print-stringing","Free Download","https://www.printlog3d.com/free-download","https://www.printlog3d.com/free-download","200","internal","internal","","","false","","","","2026-08-31T09:33:58.401Z"
"https://www.printlog3d.com/3d-print-stringing","About","https://www.printlog3d.com/about","https://www.printlog3d.com/about","200","internal","internal","","","false","","","","2026-08-31T09:33:58.401Z"
"https://www.printlog3d.com/3d-print-stringing","Free Download","https://www.printlog3d.com/free-download","https://www.printlog3d.com/free-download","200","internal","internal","","","false","","","","2026-08-31T09:33:58.401Z"
"https://www.printlog3d.com/3d-print-stringing","Home","https://www.printlog3d.com/","https://www.printlog3d.com/","200","internal","internal","","","false","","","","2026-08-31T09:33:58.401Z"
"https://www.printlog3d.com/3d-print-stringing","complete filament drying guide","https://www.printlog3d.com/how-to-dry-filament","https://www.printlog3d.com/how-to-dry-filament","200","internal","internal","","","false","","","","2026-08-31T09:33:58.401Z"
"https://www.printlog3d.com/3d-print-stringing","See filament dryer on Amazon","https://www.amazon.com/s?k=filament%20dryer%2065C&tag=printlog3d-20","https://www.amazon.com/s?k=filament%20dryer%2065C&tag=printlog3d-20","200","external","commercial","Amazon","amazon-associates","true","printlog3d-20","nofollow noopener noreferrer sponsored","","2026-08-31T09:33:58.401Z"
"https://www.printlog3d.com/3d-print-stringing","See airtight storage with desiccant on Amazon","https://www.amazon.com/s?k=airtight%20filament%20storage%20container%20desiccant&tag=printlog3d-20","https://www.amazon.com/s?k=airtight%20filament%20storage%20container%20desiccant&tag=printlog3d-20","200","external","commercial","Amazon","amazon-associates","true","printlog3d-20","nofollow noopener noreferrer sponsored","","2026-08-31T09:33:58.401Z"
"https://www.printlog3d.com/3d-print-stringing","Get a printing quote","https://www.3dprinterondemand.com/instant-quote?source=printlog3d&source_page=troubleshooting&placement=owned-service-troubleshooting&campaign=printlog3d-referral","https://www.3dprinterondemand.com/instant-quote?source=printlog3d&source_page=troubleshooting&placement=owned-service-troubleshooting&campaign=printlog3d-referral","200","external","commercial","3DPrinterOnDemand","owned-service","n/a-no-credentials","","noopener noreferrer","","2026-08-31T09:33:58.401Z"
"https://www.printlog3d.com/3d-print-stringing","How to Dry Filament Signs of wet filament and all 3 drying methods. Read →","https://www.printlog3d.com/how-to-dry-filament","https://www.printlog3d.com/how-to-dry-filament","200","internal","internal","","","false","","","","2026-08-31T09:33:58.401Z"
"https://www.printlog3d.com/3d-print-stringing","PLA vs PETG Why PETG strings more and when to use each. Read →","https://www.printlog3d.com/pla-vs-petg","https://www.printlog3d.com/pla-vs-petg","200","internal","internal","","","false","","","","2026-08-31T09:33:58.401Z"
"https://www.printlog3d.com/3d-print-stringing","ABS vs PETG Which is better for functional parts? Read →","https://www.printlog3d.com/abs-vs-petg","https://www.printlog3d.com/abs-vs-petg","200","internal","internal","","","false","","","","2026-08-31T09:33:58.401Z"
"https://www.printlog3d.com/3d-print-stringing","All 31 Materials Print settings, enclosure and drying for every material. Read →","https://www.printlog3d.com/library","https://www.printlog3d.com/library","200","internal","internal","","","false","","","","2026-08-31T09:33:58.401Z"
"https://www.printlog3d.com/3d-print-stringing","Get the free field guide","https://www.printlog3d.com/free-download","https://www.printlog3d.com/free-download","200","internal","internal","","","false","","","","2026-08-31T09:33:58.401Z"
"https://www.printlog3d.com/3d-print-stringing","Materials","https://www.printlog3d.com/library","https://www.printlog3d.com/library","200","internal","internal","","","false","","","","2026-08-31T09:33:58.401Z"
"https://www.printlog3d.com/3d-print-stringing","Guides","https://www.printlog3d.com/3d-printing-filament-guide","https://www.printlog3d.com/3d-printing-filament-guide","200","internal","internal","","","false","","","","2026-08-31T09:33:58.401Z"
"https://www.printlog3d.com/3d-print-stringing","Workshop","https://www.printlog3d.com/workshop","https://www.printlog3d.com/workshop","200","internal","internal","","","false","","","","2026-08-31T09:33:58.401Z"
"https://www.printlog3d.com/3d-print-stringing","Recommended Gear","https://www.printlog3d.com/recommended-gear","https://www.printlog3d.com/recommended-gear","200","internal","internal","","","false","","","","2026-08-31T09:33:58.401Z"
"https://www.printlog3d.com/3d-print-stringing","Get It Printed","https://www.printlog3d.com/get-it-printed","https://www.printlog3d.com/get-it-printed","200","internal","internal","","","false","","","","2026-08-31T09:33:58.401Z"
"https://www.printlog3d.com/3d-print-stringing","Free Download","https://www.printlog3d.com/free-download","https://www.printlog3d.com/free-download","200","internal","internal","","","false","","","","2026-08-31T09:33:58.401Z"
"https://www.printlog3d.com/3d-print-stringing","About","https://www.printlog3d.com/about","https://www.printlog3d.com/about","200","internal","internal","","","false","","","","2026-08-31T09:33:58.401Z"
"https://www.printlog3d.com/3d-print-stringing","Support","https://www.printlog3d.com/support","https://www.printlog3d.com/support","200","internal","internal","","","false","","","","2026-08-31T09:33:58.401Z"
"https://www.printlog3d.com/3d-print-stringing","Editorial policy","https://www.printlog3d.com/editorial-policy","https://www.printlog3d.com/editorial-policy","200","internal","internal","","","false","","","","2026-08-31T09:33:58.401Z"
"https://www.printlog3d.com/3d-print-stringing","Disclosure","https://www.printlog3d.com/disclosure","https://www.printlog3d.com/disclosure","200","internal","internal","","","false","","","","2026-08-31T09:33:58.401Z"
"https://www.printlog3d.com/3d-print-stringing","Privacy","https://www.printlog3d.com/privacy","https://www.printlog3d.com/privacy","200","internal","internal","","","false","","","","2026-08-31T09:33:58.401Z"
"https://www.printlog3d.com/3d-print-stringing","Terms","https://www.printlog3d.com/terms","https://www.printlog3d.com/terms","200","internal","internal","","","false","","","","2026-08-31T09:33:58.401Z"
"https://www.printlog3d.com/3d-printer-troubleshooting","","https://www.printlog3d.com/","https://www.printlog3d.com/","200","internal","internal","","","false","","","","2026-08-31T09:33:58.401Z"
"https://www.printlog3d.com/3d-printer-troubleshooting","Materials","https://www.printlog3d.com/library","https://www.printlog3d.com/library","200","internal","internal","","","false","","","","2026-08-31T09:33:58.401Z"
"https://www.printlog3d.com/3d-printer-troubleshooting","Guides","https://www.printlog3d.com/3d-printing-filament-guide","https://www.printlog3d.com/3d-printing-filament-guide","200","internal","internal","","","false","","","","2026-08-31T09:33:58.401Z"
"https://www.printlog3d.com/3d-printer-troubleshooting","Workshop","https://www.printlog3d.com/workshop","https://www.printlog3d.com/workshop","200","internal","internal","","","false","","","","2026-08-31T09:33:58.401Z"
"https://www.printlog3d.com/3d-printer-troubleshooting","Gear","https://www.printlog3d.com/recommended-gear","https://www.printlog3d.com/recommended-gear","200","internal","internal","","","false","","","","2026-08-31T09:33:58.401Z"
"https://www.printlog3d.com/3d-printer-troubleshooting","Get It Printed","https://www.printlog3d.com/get-it-printed","https://www.printlog3d.com/get-it-printed","200","internal","internal","","","false","","","","2026-08-31T09:33:58.401Z"
"https://www.printlog3d.com/3d-printer-troubleshooting","Free Download","https://www.printlog3d.com/free-download","https://www.printlog3d.com/free-download","200","internal","internal","","","false","","","","2026-08-31T09:33:58.401Z"
"https://www.printlog3d.com/3d-printer-troubleshooting","About","https://www.printlog3d.com/about","https://www.printlog3d.com/about","200","internal","internal","","","false","","","","2026-08-31T09:33:58.401Z"
"https://www.printlog3d.com/3d-printer-troubleshooting","Free Download","https://www.printlog3d.com/free-download","https://www.printlog3d.com/free-download","200","internal","internal","","","false","","","","2026-08-31T09:33:58.401Z"
"https://www.printlog3d.com/3d-printer-troubleshooting","It will not stick to the bed The first layer lifts, drags around, or never bonds","https://www.printlog3d.com/workshop/bed-adhesion-and-first-layer","https://www.printlog3d.com/workshop/bed-adhesion-and-first-layer","200","internal","internal","","","false","","","","2026-08-31T09:33:58.401Z"
"https://www.printlog3d.com/3d-printer-troubleshooting","The corners curl up It sticks, prints for a while, then a corner peels off the p","https://www.printlog3d.com/workshop/bed-adhesion-and-first-layer","https://www.printlog3d.com/workshop/bed-adhesion-and-first-layer","200","internal","internal","","","false","","","","2026-08-31T09:33:58.401Z"
"https://www.printlog3d.com/3d-printer-troubleshooting","Fine strings between parts Wispy threads across gaps, or fuzz on tall thin featu","https://www.printlog3d.com/3d-print-stringing","https://www.printlog3d.com/3d-print-stringing","200","internal","internal","","","false","","","","2026-08-31T09:33:58.401Z"
"https://www.printlog3d.com/3d-printer-troubleshooting","Nothing is coming out The extruder clicks, or the nozzle moves and lays down not","https://www.printlog3d.com/workshop/nozzle-maintenance","https://www.printlog3d.com/workshop/nozzle-maintenance","200","internal","internal","","","false","","","","2026-08-31T09:33:58.401Z"
"https://www.printlog3d.com/3d-printer-troubleshooting","Gaps and thin walls Under-extrusion: lines that do not touch, walls you can see ","https://www.printlog3d.com/workshop/printer-calibration","https://www.printlog3d.com/workshop/printer-calibration","200","internal","internal","","","false","","","","2026-08-31T09:33:58.401Z"
"https://www.printlog3d.com/3d-printer-troubleshooting","The layers shifted sideways Everything above a certain height is offset in one d","https://www.printlog3d.com/workshop/bed-adhesion-and-first-layer","https://www.printlog3d.com/workshop/bed-adhesion-and-first-layer","200","internal","internal","","","false","","","","2026-08-31T09:33:58.401Z"
"https://www.printlog3d.com/3d-printer-troubleshooting","It came out the wrong size The part is close but will not fit its mating half. C","https://www.printlog3d.com/workshop/3d-print-tolerance","https://www.printlog3d.com/workshop/3d-print-tolerance","200","internal","internal","","","false","","","","2026-08-31T09:33:58.401Z"
"https://www.printlog3d.com/3d-printer-troubleshooting","The base is flared The bottom one or two layers splay outwards, so the part rock","https://www.printlog3d.com/workshop/printer-calibration","https://www.printlog3d.com/workshop/printer-calibration","200","internal","internal","","","false","","","","2026-08-31T09:33:58.401Z"
"https://www.printlog3d.com/3d-printer-troubleshooting","It snapped along a layer The part broke cleanly between layers rather than throu","https://www.printlog3d.com/library","https://www.printlog3d.com/library","200","internal","internal","","","false","","","","2026-08-31T09:33:58.401Z"
"https://www.printlog3d.com/3d-printer-troubleshooting","The supports will not come off They are fused to the part, or removing them tear","https://www.printlog3d.com/workshop/removing-supports-and-deburring","https://www.printlog3d.com/workshop/removing-supports-and-deburring","200","internal","internal","","","false","","","","2026-08-31T09:33:58.401Z"
"https://www.printlog3d.com/3d-printer-troubleshooting","The surface is rough or blobby Zits, seams and a finish you would not show anybo","https://www.printlog3d.com/workshop/sanding-and-finishing-3d-prints","https://www.printlog3d.com/workshop/sanding-and-finishing-3d-prints","200","internal","internal","","","false","","","","2026-08-31T09:33:58.401Z"
"https://www.printlog3d.com/3d-printer-troubleshooting","PC Advanced","https://www.printlog3d.com/library/pc","https://www.printlog3d.com/library/pc","200","internal","internal","","","false","","","","2026-08-31T09:33:58.401Z"
"https://www.printlog3d.com/3d-printer-troubleshooting","PEEK Expert","https://www.printlog3d.com/library/peek","https://www.printlog3d.com/library/peek","200","internal","internal","","","false","","","","2026-08-31T09:33:58.401Z"
"https://www.printlog3d.com/3d-printer-troubleshooting","Nylon PA6 Advanced","https://www.printlog3d.com/library/nylon-pa6","https://www.printlog3d.com/library/nylon-pa6","200","internal","internal","","","false","","","","2026-08-31T09:33:58.401Z"
"https://www.printlog3d.com/3d-printer-troubleshooting","Nylon PA12 Advanced","https://www.printlog3d.com/library/nylon-pa12","https://www.printlog3d.com/library/nylon-pa12","200","internal","internal","","","false","","","","2026-08-31T09:33:58.401Z"
"https://www.printlog3d.com/3d-printer-troubleshooting","PA-CF Advanced","https://www.printlog3d.com/library/pa-cf","https://www.printlog3d.com/library/pa-cf","200","internal","internal","","","false","","","","2026-08-31T09:33:58.401Z"
"https://www.printlog3d.com/3d-printer-troubleshooting","TPE Advanced","https://www.printlog3d.com/library/tpe","https://www.printlog3d.com/library/tpe","200","internal","internal","","","false","","","","2026-08-31T09:33:58.401Z"
"https://www.printlog3d.com/3d-printer-troubleshooting","PP Advanced","https://www.printlog3d.com/library/pp","https://www.printlog3d.com/library/pp","200","internal","internal","","","false","","","","2026-08-31T09:33:58.401Z"
"https://www.printlog3d.com/3d-printer-troubleshooting","PA-GF Advanced","https://www.printlog3d.com/library/pa-gf","https://www.printlog3d.com/library/pa-gf","200","internal","internal","","","false","","","","2026-08-31T09:33:58.401Z"
"https://www.printlog3d.com/3d-printer-troubleshooting","All 31 material profiles","https://www.printlog3d.com/library","https://www.printlog3d.com/library","200","internal","internal","","","false","","","","2026-08-31T09:33:58.401Z"
"https://www.printlog3d.com/3d-printer-troubleshooting","The workshop","https://www.printlog3d.com/workshop","https://www.printlog3d.com/workshop","200","internal","internal","","","false","","","","2026-08-31T09:33:58.401Z"
"https://www.printlog3d.com/3d-printer-troubleshooting","Get a printing quote","https://www.3dprinterondemand.com/instant-quote?source=printlog3d&source_page=troubleshooting&placement=owned-service-troubleshooting&campaign=printlog3d-referral","https://www.3dprinterondemand.com/instant-quote?source=printlog3d&source_page=troubleshooting&placement=owned-service-troubleshooting&campaign=printlog3d-referral","200","external","commercial","3DPrinterOnDemand","owned-service","n/a-no-credentials","","noopener noreferrer","","2026-08-31T09:33:58.401Z"
"https://www.printlog3d.com/3d-printer-troubleshooting","Materials","https://www.printlog3d.com/library","https://www.printlog3d.com/library","200","internal","internal","","","false","","","","2026-08-31T09:33:58.401Z"
"https://www.printlog3d.com/3d-printer-troubleshooting","Guides","https://www.printlog3d.com/3d-printing-filament-guide","https://www.printlog3d.com/3d-printing-filament-guide","200","internal","internal","","","false","","","","2026-08-31T09:33:58.401Z"
"https://www.printlog3d.com/3d-printer-troubleshooting","Workshop","https://www.printlog3d.com/workshop","https://www.printlog3d.com/workshop","200","internal","internal","","","false","","","","2026-08-31T09:33:58.401Z"
"https://www.printlog3d.com/3d-printer-troubleshooting","Recommended Gear","https://www.printlog3d.com/recommended-gear","https://www.printlog3d.com/recommended-gear","200","internal","internal","","","false","","","","2026-08-31T09:33:58.401Z"
"https://www.printlog3d.com/3d-printer-troubleshooting","Get It Printed","https://www.printlog3d.com/get-it-printed","https://www.printlog3d.com/get-it-printed","200","internal","internal","","","false","","","","2026-08-31T09:33:58.401Z"
"https://www.printlog3d.com/3d-printer-troubleshooting","Free Download","https://www.printlog3d.com/free-download","https://www.printlog3d.com/free-download","200","internal","internal","","","false","","","","2026-08-31T09:33:58.401Z"
"https://www.printlog3d.com/3d-printer-troubleshooting","About","https://www.printlog3d.com/about","https://www.printlog3d.com/about","200","internal","internal","","","false","","","","2026-08-31T09:33:58.401Z"
"https://www.printlog3d.com/3d-printer-troubleshooting","Support","https://www.printlog3d.com/support","https://www.printlog3d.com/support","200","internal","internal","","","false","","","","2026-08-31T09:33:58.401Z"
"https://www.printlog3d.com/3d-printer-troubleshooting","Editorial policy","https://www.printlog3d.com/editorial-policy","https://www.printlog3d.com/editorial-policy","200","internal","internal","","","false","","","","2026-08-31T09:33:58.401Z"
"https://www.printlog3d.com/3d-printer-troubleshooting","Disclosure","https://www.printlog3d.com/disclosure","https://www.printlog3d.com/disclosure","200","internal","internal","","","false","","","","2026-08-31T09:33:58.401Z"
"https://www.printlog3d.com/3d-printer-troubleshooting","Privacy","https://www.printlog3d.com/privacy","https://www.printlog3d.com/privacy","200","internal","internal","","","false","","","","2026-08-31T09:33:58.401Z"
"https://www.printlog3d.com/3d-printer-troubleshooting","Terms","https://www.printlog3d.com/terms","https://www.printlog3d.com/terms","200","internal","internal","","","false","","","","2026-08-31T09:33:58.401Z"
"https://www.printlog3d.com/asa-vs-abs","","https://www.printlog3d.com/","https://www.printlog3d.com/","200","internal","internal","","","false","","","","2026-08-31T09:33:58.401Z"
"https://www.printlog3d.com/asa-vs-abs","Materials","https://www.printlog3d.com/library","https://www.printlog3d.com/library","200","internal","internal","","","false","","","","2026-08-31T09:33:58.401Z"
"https://www.printlog3d.com/asa-vs-abs","Guides","https://www.printlog3d.com/3d-printing-filament-guide","https://www.printlog3d.com/3d-printing-filament-guide","200","internal","internal","","","false","","","","2026-08-31T09:33:58.401Z"
"https://www.printlog3d.com/asa-vs-abs","Workshop","https://www.printlog3d.com/workshop","https://www.printlog3d.com/workshop","200","internal","internal","","","false","","","","2026-08-31T09:33:58.401Z"
"https://www.printlog3d.com/asa-vs-abs","Gear","https://www.printlog3d.com/recommended-gear","https://www.printlog3d.com/recommended-gear","200","internal","internal","","","false","","","","2026-08-31T09:33:58.401Z"
"https://www.printlog3d.com/asa-vs-abs","Get It Printed","https://www.printlog3d.com/get-it-printed","https://www.printlog3d.com/get-it-printed","200","internal","internal","","","false","","","","2026-08-31T09:33:58.401Z"
"https://www.printlog3d.com/asa-vs-abs","Free Download","https://www.printlog3d.com/free-download","https://www.printlog3d.com/free-download","200","internal","internal","","","false","","","","2026-08-31T09:33:58.401Z"
"https://www.printlog3d.com/asa-vs-abs","About","https://www.printlog3d.com/about","https://www.printlog3d.com/about","200","internal","internal","","","false","","","","2026-08-31T09:33:58.401Z"
"https://www.printlog3d.com/asa-vs-abs","Free Download","https://www.printlog3d.com/free-download","https://www.printlog3d.com/free-download","200","internal","internal","","","false","","","","2026-08-31T09:33:58.401Z"
"https://www.printlog3d.com/asa-vs-abs","ASA","https://www.printlog3d.com/library/asa","https://www.printlog3d.com/library/asa","200","internal","internal","","","false","","","","2026-08-31T09:33:58.401Z"
"https://www.printlog3d.com/asa-vs-abs","ABS","https://www.printlog3d.com/library/abs","https://www.printlog3d.com/library/abs","200","internal","internal","","","false","","","","2026-08-31T09:33:58.401Z"
"https://www.printlog3d.com/asa-vs-abs","Compare ABS against PETG instead","https://www.printlog3d.com/abs-vs-petg","https://www.printlog3d.com/abs-vs-petg","200","internal","internal","","","false","","","","2026-08-31T09:33:58.401Z"
"https://www.printlog3d.com/asa-vs-abs","Full ASA settings","https://www.printlog3d.com/library/asa","https://www.printlog3d.com/library/asa","200","internal","internal","","","false","","","","2026-08-31T09:33:58.401Z"
"https://www.printlog3d.com/asa-vs-abs","ASA on Amazon","https://www.amazon.com/s?k=asa%20filament%201.75mm&tag=printlog3d-20","https://www.amazon.com/s?k=asa%20filament%201.75mm&tag=printlog3d-20","200","external","commercial","Amazon","amazon-associates","true","printlog3d-20","nofollow noopener noreferrer sponsored","","2026-08-31T09:33:58.401Z"
"https://www.printlog3d.com/asa-vs-abs","Full ABS settings","https://www.printlog3d.com/library/abs","https://www.printlog3d.com/library/abs","200","internal","internal","","","false","","","","2026-08-31T09:33:58.401Z"
"https://www.printlog3d.com/asa-vs-abs","ABS on Amazon","https://www.amazon.com/s?k=abs%20filament%201.75mm&tag=printlog3d-20","https://www.amazon.com/s?k=abs%20filament%201.75mm&tag=printlog3d-20","200","external","commercial","Amazon","amazon-associates","true","printlog3d-20","nofollow noopener noreferrer sponsored","","2026-08-31T09:33:58.401Z"
"https://www.printlog3d.com/asa-vs-abs","how to dry filament","https://www.printlog3d.com/how-to-dry-filament","https://www.printlog3d.com/how-to-dry-filament","200","internal","internal","","","false","","","","2026-08-31T09:33:58.401Z"
"https://www.printlog3d.com/asa-vs-abs","Upload a file for printing","https://www.3dprinterondemand.com/instant-quote?source=printlog3d&source_page=comparison&placement=owned-service-comparison&campaign=printlog3d-referral","https://www.3dprinterondemand.com/instant-quote?source=printlog3d&source_page=comparison&placement=owned-service-comparison&campaign=printlog3d-referral","200","external","commercial","3DPrinterOnDemand","owned-service","n/a-no-credentials","","noopener noreferrer","","2026-08-31T09:33:58.401Z"
"https://www.printlog3d.com/asa-vs-abs","Materials","https://www.printlog3d.com/library","https://www.printlog3d.com/library","200","internal","internal","","","false","","","","2026-08-31T09:33:58.401Z"
"https://www.printlog3d.com/asa-vs-abs","Guides","https://www.printlog3d.com/3d-printing-filament-guide","https://www.printlog3d.com/3d-printing-filament-guide","200","internal","internal","","","false","","","","2026-08-31T09:33:58.401Z"
"https://www.printlog3d.com/asa-vs-abs","Workshop","https://www.printlog3d.com/workshop","https://www.printlog3d.com/workshop","200","internal","internal","","","false","","","","2026-08-31T09:33:58.401Z"
"https://www.printlog3d.com/asa-vs-abs","Recommended Gear","https://www.printlog3d.com/recommended-gear","https://www.printlog3d.com/recommended-gear","200","internal","internal","","","false","","","","2026-08-31T09:33:58.401Z"
"https://www.printlog3d.com/asa-vs-abs","Get It Printed","https://www.printlog3d.com/get-it-printed","https://www.printlog3d.com/get-it-printed","200","internal","internal","","","false","","","","2026-08-31T09:33:58.401Z"
"https://www.printlog3d.com/asa-vs-abs","Free Download","https://www.printlog3d.com/free-download","https://www.printlog3d.com/free-download","200","internal","internal","","","false","","","","2026-08-31T09:33:58.401Z"
"https://www.printlog3d.com/asa-vs-abs","About","https://www.printlog3d.com/about","https://www.printlog3d.com/about","200","internal","internal","","","false","","","","2026-08-31T09:33:58.401Z"
"https://www.printlog3d.com/asa-vs-abs","Support","https://www.printlog3d.com/support","https://www.printlog3d.com/support","200","internal","internal","","","false","","","","2026-08-31T09:33:58.401Z"
"https://www.printlog3d.com/asa-vs-abs","Editorial policy","https://www.printlog3d.com/editorial-policy","https://www.printlog3d.com/editorial-policy","200","internal","internal","","","false","","","","2026-08-31T09:33:58.401Z"
"https://www.printlog3d.com/asa-vs-abs","Disclosure","https://www.printlog3d.com/disclosure","https://www.printlog3d.com/disclosure","200","internal","internal","","","false","","","","2026-08-31T09:33:58.401Z"
"https://www.printlog3d.com/asa-vs-abs","Privacy","https://www.printlog3d.com/privacy","https://www.printlog3d.com/privacy","200","internal","internal","","","false","","","","2026-08-31T09:33:58.401Z"
"https://www.printlog3d.com/asa-vs-abs","Terms","https://www.printlog3d.com/terms","https://www.printlog3d.com/terms","200","internal","internal","","","false","","","","2026-08-31T09:33:58.401Z"
"https://www.printlog3d.com/free-download","","https://www.printlog3d.com/","https://www.printlog3d.com/","200","internal","internal","","","false","","","","2026-08-31T09:33:58.401Z"
"https://www.printlog3d.com/free-download","Materials","https://www.printlog3d.com/library","https://www.printlog3d.com/library","200","internal","internal","","","false","","","","2026-08-31T09:33:58.401Z"
"https://www.printlog3d.com/free-download","Guides","https://www.printlog3d.com/3d-printing-filament-guide","https://www.printlog3d.com/3d-printing-filament-guide","200","internal","internal","","","false","","","","2026-08-31T09:33:58.401Z"
"https://www.printlog3d.com/free-download","Workshop","https://www.printlog3d.com/workshop","https://www.printlog3d.com/workshop","200","internal","internal","","","false","","","","2026-08-31T09:33:58.401Z"
"https://www.printlog3d.com/free-download","Gear","https://www.printlog3d.com/recommended-gear","https://www.printlog3d.com/recommended-gear","200","internal","internal","","","false","","","","2026-08-31T09:33:58.401Z"
"https://www.printlog3d.com/free-download","Get It Printed","https://www.printlog3d.com/get-it-printed","https://www.printlog3d.com/get-it-printed","200","internal","internal","","","false","","","","2026-08-31T09:33:58.401Z"
"https://www.printlog3d.com/free-download","Free Download","https://www.printlog3d.com/free-download","https://www.printlog3d.com/free-download","200","internal","internal","","","false","","","","2026-08-31T09:33:58.401Z"
"https://www.printlog3d.com/free-download","About","https://www.printlog3d.com/about","https://www.printlog3d.com/about","200","internal","internal","","","false","","","","2026-08-31T09:33:58.401Z"
"https://www.printlog3d.com/free-download","Free Download","https://www.printlog3d.com/free-download","https://www.printlog3d.com/free-download","200","internal","internal","","","false","","","","2026-08-31T09:33:58.401Z"
"https://www.printlog3d.com/free-download","Download the PDF ↓","https://www.printlog3d.com/PrintLog3D-Filament-Settings-Field-Guide.pdf","https://www.printlog3d.com/PrintLog3D-Filament-Settings-Field-Guide.pdf","200","internal","internal","","","false","","","","2026-08-31T09:33:58.401Z"
"https://www.printlog3d.com/free-download","All 31 material profiles →","https://www.printlog3d.com/library","https://www.printlog3d.com/library","200","internal","internal","","","false","","","","2026-08-31T09:33:58.401Z"
"https://www.printlog3d.com/free-download","How to dry filament","https://www.printlog3d.com/how-to-dry-filament","https://www.printlog3d.com/how-to-dry-filament","200","internal","internal","","","false","","","","2026-08-31T09:33:58.401Z"
"https://www.printlog3d.com/free-download","Materials","https://www.printlog3d.com/library","https://www.printlog3d.com/library","200","internal","internal","","","false","","","","2026-08-31T09:33:58.401Z"
"https://www.printlog3d.com/free-download","Guides","https://www.printlog3d.com/3d-printing-filament-guide","https://www.printlog3d.com/3d-printing-filament-guide","200","internal","internal","","","false","","","","2026-08-31T09:33:58.401Z"
"https://www.printlog3d.com/free-download","Workshop","https://www.printlog3d.com/workshop","https://www.printlog3d.com/workshop","200","internal","internal","","","false","","","","2026-08-31T09:33:58.401Z"
"https://www.printlog3d.com/free-download","Recommended Gear","https://www.printlog3d.com/recommended-gear","https://www.printlog3d.com/recommended-gear","200","internal","internal","","","false","","","","2026-08-31T09:33:58.401Z"
"https://www.printlog3d.com/free-download","Get It Printed","https://www.printlog3d.com/get-it-printed","https://www.printlog3d.com/get-it-printed","200","internal","internal","","","false","","","","2026-08-31T09:33:58.401Z"
"https://www.printlog3d.com/free-download","Free Download","https://www.printlog3d.com/free-download","https://www.printlog3d.com/free-download","200","internal","internal","","","false","","","","2026-08-31T09:33:58.401Z"
"https://www.printlog3d.com/free-download","About","https://www.printlog3d.com/about","https://www.printlog3d.com/about","200","internal","internal","","","false","","","","2026-08-31T09:33:58.401Z"
"https://www.printlog3d.com/free-download","Support","https://www.printlog3d.com/support","https://www.printlog3d.com/support","200","internal","internal","","","false","","","","2026-08-31T09:33:58.401Z"
"https://www.printlog3d.com/free-download","Editorial policy","https://www.printlog3d.com/editorial-policy","https://www.printlog3d.com/editorial-policy","200","internal","internal","","","false","","","","2026-08-31T09:33:58.401Z"
"https://www.printlog3d.com/free-download","Disclosure","https://www.printlog3d.com/disclosure","https://www.printlog3d.com/disclosure","200","internal","internal","","","false","","","","2026-08-31T09:33:58.401Z"
"https://www.printlog3d.com/free-download","Privacy","https://www.printlog3d.com/privacy","https://www.printlog3d.com/privacy","200","internal","internal","","","false","","","","2026-08-31T09:33:58.401Z"
"https://www.printlog3d.com/free-download","Terms","https://www.printlog3d.com/terms","https://www.printlog3d.com/terms","200","internal","internal","","","false","","","","2026-08-31T09:33:58.401Z"
"https://www.printlog3d.com/get-it-printed","","https://www.printlog3d.com/","https://www.printlog3d.com/","200","internal","internal","","","false","","","","2026-08-31T09:33:58.401Z"
"https://www.printlog3d.com/get-it-printed","Materials","https://www.printlog3d.com/library","https://www.printlog3d.com/library","200","internal","internal","","","false","","","","2026-08-31T09:33:58.401Z"
"https://www.printlog3d.com/get-it-printed","Guides","https://www.printlog3d.com/3d-printing-filament-guide","https://www.printlog3d.com/3d-printing-filament-guide","200","internal","internal","","","false","","","","2026-08-31T09:33:58.401Z"
"https://www.printlog3d.com/get-it-printed","Workshop","https://www.printlog3d.com/workshop","https://www.printlog3d.com/workshop","200","internal","internal","","","false","","","","2026-08-31T09:33:58.401Z"
"https://www.printlog3d.com/get-it-printed","Gear","https://www.printlog3d.com/recommended-gear","https://www.printlog3d.com/recommended-gear","200","internal","internal","","","false","","","","2026-08-31T09:33:58.401Z"
"https://www.printlog3d.com/get-it-printed","Get It Printed","https://www.printlog3d.com/get-it-printed","https://www.printlog3d.com/get-it-printed","200","internal","internal","","","false","","","","2026-08-31T09:33:58.401Z"
"https://www.printlog3d.com/get-it-printed","Free Download","https://www.printlog3d.com/free-download","https://www.printlog3d.com/free-download","200","internal","internal","","","false","","","","2026-08-31T09:33:58.401Z"
"https://www.printlog3d.com/get-it-printed","About","https://www.printlog3d.com/about","https://www.printlog3d.com/about","200","internal","internal","","","false","","","","2026-08-31T09:33:58.401Z"
"https://www.printlog3d.com/get-it-printed","Free Download","https://www.printlog3d.com/free-download","https://www.printlog3d.com/free-download","200","internal","internal","","","false","","","","2026-08-31T09:33:58.401Z"
"https://www.printlog3d.com/get-it-printed","PC","https://www.printlog3d.com/library/pc","https://www.printlog3d.com/library/pc","200","internal","internal","","","false","","","","2026-08-31T09:33:58.401Z"
"https://www.printlog3d.com/get-it-printed","PEEK","https://www.printlog3d.com/library/peek","https://www.printlog3d.com/library/peek","200","internal","internal","","","false","","","","2026-08-31T09:33:58.401Z"
"https://www.printlog3d.com/get-it-printed","Nylon PA6","https://www.printlog3d.com/library/nylon-pa6","https://www.printlog3d.com/library/nylon-pa6","200","internal","internal","","","false","","","","2026-08-31T09:33:58.401Z"
"https://www.printlog3d.com/get-it-printed","Nylon PA12","https://www.printlog3d.com/library/nylon-pa12","https://www.printlog3d.com/library/nylon-pa12","200","internal","internal","","","false","","","","2026-08-31T09:33:58.401Z"
"https://www.printlog3d.com/get-it-printed","PA-CF","https://www.printlog3d.com/library/pa-cf","https://www.printlog3d.com/library/pa-cf","200","internal","internal","","","false","","","","2026-08-31T09:33:58.401Z"
"https://www.printlog3d.com/get-it-printed","TPE","https://www.printlog3d.com/library/tpe","https://www.printlog3d.com/library/tpe","200","internal","internal","","","false","","","","2026-08-31T09:33:58.401Z"
"https://www.printlog3d.com/get-it-printed","PP","https://www.printlog3d.com/library/pp","https://www.printlog3d.com/library/pp","200","internal","internal","","","false","","","","2026-08-31T09:33:58.401Z"
"https://www.printlog3d.com/get-it-printed","PA-GF","https://www.printlog3d.com/library/pa-gf","https://www.printlog3d.com/library/pa-gf","200","internal","internal","","","false","","","","2026-08-31T09:33:58.401Z"
"https://www.printlog3d.com/get-it-printed","ASA-CF","https://www.printlog3d.com/library/asa-cf","https://www.printlog3d.com/library/asa-cf","200","internal","internal","","","false","","","","2026-08-31T09:33:58.401Z"
"https://www.printlog3d.com/get-it-printed","PC-CF","https://www.printlog3d.com/library/pc-cf","https://www.printlog3d.com/library/pc-cf","200","internal","internal","","","false","","","","2026-08-31T09:33:58.401Z"
"https://www.printlog3d.com/get-it-printed","PEI","https://www.printlog3d.com/library/pei","https://www.printlog3d.com/library/pei","200","internal","internal","","","false","","","","2026-08-31T09:33:58.401Z"
"https://www.printlog3d.com/get-it-printed","PPS","https://www.printlog3d.com/library/pps","https://www.printlog3d.com/library/pps","200","internal","internal","","","false","","","","2026-08-31T09:33:58.401Z"
"https://www.printlog3d.com/get-it-printed","Upload a file for a quote","https://www.3dprinterondemand.com/instant-quote?source=printlog3d&source_page=%2Fget-it-printed&placement=hub-primary&campaign=printlog3d-referral","https://www.3dprinterondemand.com/instant-quote?source=printlog3d&source_page=%2Fget-it-printed&placement=hub-primary&campaign=printlog3d-referral","200","external","commercial","3DPrinterOnDemand","owned-service","n/a-no-credentials","","noopener noreferrer","","2026-08-31T09:33:58.401Z"
"https://www.printlog3d.com/get-it-printed","Materials","https://www.printlog3d.com/library","https://www.printlog3d.com/library","200","internal","internal","","","false","","","","2026-08-31T09:33:58.401Z"
"https://www.printlog3d.com/get-it-printed","Guides","https://www.printlog3d.com/3d-printing-filament-guide","https://www.printlog3d.com/3d-printing-filament-guide","200","internal","internal","","","false","","","","2026-08-31T09:33:58.401Z"
"https://www.printlog3d.com/get-it-printed","Workshop","https://www.printlog3d.com/workshop","https://www.printlog3d.com/workshop","200","internal","internal","","","false","","","","2026-08-31T09:33:58.401Z"
"https://www.printlog3d.com/get-it-printed","Recommended Gear","https://www.printlog3d.com/recommended-gear","https://www.printlog3d.com/recommended-gear","200","internal","internal","","","false","","","","2026-08-31T09:33:58.401Z"
"https://www.printlog3d.com/get-it-printed","Get It Printed","https://www.printlog3d.com/get-it-printed","https://www.printlog3d.com/get-it-printed","200","internal","internal","","","false","","","","2026-08-31T09:33:58.401Z"
"https://www.printlog3d.com/get-it-printed","Free Download","https://www.printlog3d.com/free-download","https://www.printlog3d.com/free-download","200","internal","internal","","","false","","","","2026-08-31T09:33:58.401Z"
"https://www.printlog3d.com/get-it-printed","About","https://www.printlog3d.com/about","https://www.printlog3d.com/about","200","internal","internal","","","false","","","","2026-08-31T09:33:58.401Z"
"https://www.printlog3d.com/get-it-printed","Support","https://www.printlog3d.com/support","https://www.printlog3d.com/support","200","internal","internal","","","false","","","","2026-08-31T09:33:58.401Z"
"https://www.printlog3d.com/get-it-printed","Editorial policy","https://www.printlog3d.com/editorial-policy","https://www.printlog3d.com/editorial-policy","200","internal","internal","","","false","","","","2026-08-31T09:33:58.401Z"
"https://www.printlog3d.com/get-it-printed","Disclosure","https://www.printlog3d.com/disclosure","https://www.printlog3d.com/disclosure","200","internal","internal","","","false","","","","2026-08-31T09:33:58.401Z"
"https://www.printlog3d.com/get-it-printed","Privacy","https://www.printlog3d.com/privacy","https://www.printlog3d.com/privacy","200","internal","internal","","","false","","","","2026-08-31T09:33:58.401Z"
"https://www.printlog3d.com/get-it-printed","Terms","https://www.printlog3d.com/terms","https://www.printlog3d.com/terms","200","internal","internal","","","false","","","","2026-08-31T09:33:58.401Z"
"https://www.printlog3d.com/workshop","","https://www.printlog3d.com/","https://www.printlog3d.com/","200","internal","internal","","","false","","","","2026-08-31T09:33:58.401Z"
"https://www.printlog3d.com/workshop","Materials","https://www.printlog3d.com/library","https://www.printlog3d.com/library","200","internal","internal","","","false","","","","2026-08-31T09:33:58.401Z"
"https://www.printlog3d.com/workshop","Guides","https://www.printlog3d.com/3d-printing-filament-guide","https://www.printlog3d.com/3d-printing-filament-guide","200","internal","internal","","","false","","","","2026-08-31T09:33:58.401Z"
"https://www.printlog3d.com/workshop","Workshop","https://www.printlog3d.com/workshop","https://www.printlog3d.com/workshop","200","internal","internal","","","false","","","","2026-08-31T09:33:58.401Z"
"https://www.printlog3d.com/workshop","Gear","https://www.printlog3d.com/recommended-gear","https://www.printlog3d.com/recommended-gear","200","internal","internal","","","false","","","","2026-08-31T09:33:58.401Z"
"https://www.printlog3d.com/workshop","Get It Printed","https://www.printlog3d.com/get-it-printed","https://www.printlog3d.com/get-it-printed","200","internal","internal","","","false","","","","2026-08-31T09:33:58.401Z"
"https://www.printlog3d.com/workshop","Free Download","https://www.printlog3d.com/free-download","https://www.printlog3d.com/free-download","200","internal","internal","","","false","","","","2026-08-31T09:33:58.401Z"
"https://www.printlog3d.com/workshop","About","https://www.printlog3d.com/about","https://www.printlog3d.com/about","200","internal","internal","","","false","","","","2026-08-31T09:33:58.401Z"
"https://www.printlog3d.com/workshop","Free Download","https://www.printlog3d.com/free-download","https://www.printlog3d.com/free-download","200","internal","internal","","","false","","","","2026-08-31T09:33:58.401Z"
"https://www.printlog3d.com/workshop","Calibration","https://www.printlog3d.com/workshop/printer-calibration","https://www.printlog3d.com/workshop/printer-calibration","200","internal","internal","","","false","","","","2026-08-31T09:33:58.401Z"
"https://www.printlog3d.com/workshop","Bed adhesion and the first layer","https://www.printlog3d.com/workshop/bed-adhesion-and-first-layer","https://www.printlog3d.com/workshop/bed-adhesion-and-first-layer","200","internal","internal","","","false","","","","2026-08-31T09:33:58.401Z"
"https://www.printlog3d.com/workshop","Tolerance and measurement","https://www.printlog3d.com/workshop/3d-print-tolerance","https://www.printlog3d.com/workshop/3d-print-tolerance","200","internal","internal","","","false","","","","2026-08-31T09:33:58.401Z"
"https://www.printlog3d.com/workshop","Supports and deburring","https://www.printlog3d.com/workshop/removing-supports-and-deburring","https://www.printlog3d.com/workshop/removing-supports-and-deburring","200","internal","internal","","","false","","","","2026-08-31T09:33:58.401Z"
"https://www.printlog3d.com/workshop","Sanding and finishing","https://www.printlog3d.com/workshop/sanding-and-finishing-3d-prints","https://www.printlog3d.com/workshop/sanding-and-finishing-3d-prints","200","internal","internal","","","false","","","","2026-08-31T09:33:58.401Z"
"https://www.printlog3d.com/workshop","Painting","https://www.printlog3d.com/workshop/painting-3d-prints","https://www.printlog3d.com/workshop/painting-3d-prints","200","internal","internal","","","false","","","","2026-08-31T09:33:58.401Z"
"https://www.printlog3d.com/workshop","Heat-set inserts","https://www.printlog3d.com/workshop/heat-set-inserts","https://www.printlog3d.com/workshop/heat-set-inserts","200","internal","internal","","","false","","","","2026-08-31T09:33:58.401Z"
"https://www.printlog3d.com/workshop","Gluing and joining","https://www.printlog3d.com/workshop/gluing-3d-printed-parts","https://www.printlog3d.com/workshop/gluing-3d-printed-parts","200","internal","internal","","","false","","","","2026-08-31T09:33:58.401Z"
"https://www.printlog3d.com/workshop","Filament storage","https://www.printlog3d.com/workshop/filament-storage","https://www.printlog3d.com/workshop/filament-storage","200","internal","internal","","","false","","","","2026-08-31T09:33:58.401Z"
"https://www.printlog3d.com/workshop","Nozzle maintenance","https://www.printlog3d.com/workshop/nozzle-maintenance","https://www.printlog3d.com/workshop/nozzle-maintenance","200","internal","internal","","","false","","","","2026-08-31T09:33:58.401Z"
"https://www.printlog3d.com/workshop","All materials →","https://www.printlog3d.com/library","https://www.printlog3d.com/library","200","internal","internal","","","false","","","","2026-08-31T09:33:58.401Z"
"https://www.printlog3d.com/workshop","Materials","https://www.printlog3d.com/library","https://www.printlog3d.com/library","200","internal","internal","","","false","","","","2026-08-31T09:33:58.401Z"
"https://www.printlog3d.com/workshop","Guides","https://www.printlog3d.com/3d-printing-filament-guide","https://www.printlog3d.com/3d-printing-filament-guide","200","internal","internal","","","false","","","","2026-08-31T09:33:58.401Z"
"https://www.printlog3d.com/workshop","Workshop","https://www.printlog3d.com/workshop","https://www.printlog3d.com/workshop","200","internal","internal","","","false","","","","2026-08-31T09:33:58.401Z"
"https://www.printlog3d.com/workshop","Recommended Gear","https://www.printlog3d.com/recommended-gear","https://www.printlog3d.com/recommended-gear","200","internal","internal","","","false","","","","2026-08-31T09:33:58.401Z"
"https://www.printlog3d.com/workshop","Get It Printed","https://www.printlog3d.com/get-it-printed","https://www.printlog3d.com/get-it-printed","200","internal","internal","","","false","","","","2026-08-31T09:33:58.401Z"
"https://www.printlog3d.com/workshop","Free Download","https://www.printlog3d.com/free-download","https://www.printlog3d.com/free-download","200","internal","internal","","","false","","","","2026-08-31T09:33:58.401Z"
"https://www.printlog3d.com/workshop","About","https://www.printlog3d.com/about","https://www.printlog3d.com/about","200","internal","internal","","","false","","","","2026-08-31T09:33:58.401Z"
"https://www.printlog3d.com/workshop","Support","https://www.printlog3d.com/support","https://www.printlog3d.com/support","200","internal","internal","","","false","","","","2026-08-31T09:33:58.401Z"
"https://www.printlog3d.com/workshop","Editorial policy","https://www.printlog3d.com/editorial-policy","https://www.printlog3d.com/editorial-policy","200","internal","internal","","","false","","","","2026-08-31T09:33:58.401Z"
"https://www.printlog3d.com/workshop","Disclosure","https://www.printlog3d.com/disclosure","https://www.printlog3d.com/disclosure","200","internal","internal","","","false","","","","2026-08-31T09:33:58.401Z"
"https://www.printlog3d.com/workshop","Privacy","https://www.printlog3d.com/privacy","https://www.printlog3d.com/privacy","200","internal","internal","","","false","","","","2026-08-31T09:33:58.401Z"
"https://www.printlog3d.com/workshop","Terms","https://www.printlog3d.com/terms","https://www.printlog3d.com/terms","200","internal","internal","","","false","","","","2026-08-31T09:33:58.401Z"
"https://www.printlog3d.com/recommended-gear","","https://www.printlog3d.com/","https://www.printlog3d.com/","200","internal","internal","","","false","","","","2026-08-31T09:33:58.401Z"
"https://www.printlog3d.com/recommended-gear","Materials","https://www.printlog3d.com/library","https://www.printlog3d.com/library","200","internal","internal","","","false","","","","2026-08-31T09:33:58.401Z"
"https://www.printlog3d.com/recommended-gear","Guides","https://www.printlog3d.com/3d-printing-filament-guide","https://www.printlog3d.com/3d-printing-filament-guide","200","internal","internal","","","false","","","","2026-08-31T09:33:58.401Z"
"https://www.printlog3d.com/recommended-gear","Workshop","https://www.printlog3d.com/workshop","https://www.printlog3d.com/workshop","200","internal","internal","","","false","","","","2026-08-31T09:33:58.401Z"
"https://www.printlog3d.com/recommended-gear","Gear","https://www.printlog3d.com/recommended-gear","https://www.printlog3d.com/recommended-gear","200","internal","internal","","","false","","","","2026-08-31T09:33:58.401Z"
"https://www.printlog3d.com/recommended-gear","Get It Printed","https://www.printlog3d.com/get-it-printed","https://www.printlog3d.com/get-it-printed","200","internal","internal","","","false","","","","2026-08-31T09:33:58.401Z"
"https://www.printlog3d.com/recommended-gear","Free Download","https://www.printlog3d.com/free-download","https://www.printlog3d.com/free-download","200","internal","internal","","","false","","","","2026-08-31T09:33:58.401Z"
"https://www.printlog3d.com/recommended-gear","About","https://www.printlog3d.com/about","https://www.printlog3d.com/about","200","internal","internal","","","false","","","","2026-08-31T09:33:58.401Z"
"https://www.printlog3d.com/recommended-gear","Free Download","https://www.printlog3d.com/free-download","https://www.printlog3d.com/free-download","200","internal","internal","","","false","","","","2026-08-31T09:33:58.401Z"
"https://www.printlog3d.com/recommended-gear","iGaging on Amazon","https://www.amazon.com/dp/B001AQEZ2W?tag=printlog3d-20","https://www.amazon.com/dp/B001AQEZ2W?tag=printlog3d-20","200","external","commercial","Amazon","amazon-associates","true","printlog3d-20","nofollow noopener noreferrer sponsored","","2026-08-31T09:33:58.401Z"
"https://www.printlog3d.com/recommended-gear","YOOPAI on Amazon","https://www.amazon.com/dp/B0G6ZWQSVY?tag=printlog3d-20","https://www.amazon.com/dp/B0G6ZWQSVY?tag=printlog3d-20","200","external","commercial","Amazon","amazon-associates","true","printlog3d-20","nofollow noopener noreferrer sponsored","","2026-08-31T09:33:58.401Z"
"https://www.printlog3d.com/recommended-gear","Dry &amp; Dry on Amazon","https://www.amazon.com/dp/B01I5Y2DG6?tag=printlog3d-20","https://www.amazon.com/dp/B01I5Y2DG6?tag=printlog3d-20","200","external","commercial","Amazon","amazon-associates","true","printlog3d-20","nofollow noopener noreferrer sponsored","","2026-08-31T09:33:58.401Z"
"https://www.printlog3d.com/recommended-gear","Odilona on Amazon","https://www.amazon.com/dp/B0GVHZ3MZQ?tag=printlog3d-20","https://www.amazon.com/dp/B0GVHZ3MZQ?tag=printlog3d-20","200","external","commercial","Amazon","amazon-associates","true","printlog3d-20","nofollow noopener noreferrer sponsored","","2026-08-31T09:33:58.401Z"
"https://www.printlog3d.com/recommended-gear","TempPro on Amazon","https://www.amazon.com/dp/B07WCR5Y4B?tag=printlog3d-20","https://www.amazon.com/dp/B07WCR5Y4B?tag=printlog3d-20","200","external","commercial","Amazon","amazon-associates","true","printlog3d-20","nofollow noopener noreferrer sponsored","","2026-08-31T09:33:58.401Z"
"https://www.printlog3d.com/recommended-gear","Assorted on Amazon","https://www.amazon.com/dp/B0797XV8ZK?tag=printlog3d-20","https://www.amazon.com/dp/B0797XV8ZK?tag=printlog3d-20","200","external","commercial","Amazon","amazon-associates","true","printlog3d-20","nofollow noopener noreferrer sponsored","","2026-08-31T09:33:58.401Z"
"https://www.printlog3d.com/recommended-gear","XIFOWE on Amazon","https://www.amazon.com/dp/B0969LK4ZT?tag=printlog3d-20","https://www.amazon.com/dp/B0969LK4ZT?tag=printlog3d-20","200","external","commercial","Amazon","amazon-associates","true","printlog3d-20","nofollow noopener noreferrer sponsored","","2026-08-31T09:33:58.401Z"
"https://www.printlog3d.com/recommended-gear","Creality on Amazon","https://www.amazon.com/dp/B09SG855M9?tag=printlog3d-20","https://www.amazon.com/dp/B09SG855M9?tag=printlog3d-20","200","external","commercial","Amazon","amazon-associates","true","printlog3d-20","nofollow noopener noreferrer sponsored","","2026-08-31T09:33:58.401Z"
"https://www.printlog3d.com/recommended-gear","MaxTite on Amazon","https://www.amazon.com/dp/B08CGCHWMP?tag=printlog3d-20","https://www.amazon.com/dp/B08CGCHWMP?tag=printlog3d-20","200","external","commercial","Amazon","amazon-associates","true","printlog3d-20","nofollow noopener noreferrer sponsored","","2026-08-31T09:33:58.401Z"
"https://www.printlog3d.com/recommended-gear","TEQStone on Amazon","https://www.amazon.com/dp/B0BVG2K1BQ?tag=printlog3d-20","https://www.amazon.com/dp/B0BVG2K1BQ?tag=printlog3d-20","200","external","commercial","Amazon","amazon-associates","true","printlog3d-20","nofollow noopener noreferrer sponsored","","2026-08-31T09:33:58.401Z"
"https://www.printlog3d.com/recommended-gear","Klein Tools on Amazon","https://www.amazon.com/dp/B000GTMZHG?tag=printlog3d-20","https://www.amazon.com/dp/B000GTMZHG?tag=printlog3d-20","200","external","commercial","Amazon","amazon-associates","true","printlog3d-20","nofollow noopener noreferrer sponsored","","2026-08-31T09:33:58.401Z"
"https://www.printlog3d.com/recommended-gear","AFA Tooling on Amazon","https://www.amazon.com/dp/B01L2XR4P2?tag=printlog3d-20","https://www.amazon.com/dp/B01L2XR4P2?tag=printlog3d-20","200","external","commercial","Amazon","amazon-associates","true","printlog3d-20","nofollow noopener noreferrer sponsored","","2026-08-31T09:33:58.401Z"
"https://www.printlog3d.com/recommended-gear","Hi-Spec on Amazon","https://www.amazon.com/dp/B089GRX246?tag=printlog3d-20","https://www.amazon.com/dp/B089GRX246?tag=printlog3d-20","200","external","commercial","Amazon","amazon-associates","true","printlog3d-20","nofollow noopener noreferrer sponsored","","2026-08-31T09:33:58.401Z"
"https://www.printlog3d.com/recommended-gear","Assorted on Amazon","https://www.amazon.com/dp/B01HBJ8Y00?tag=printlog3d-20","https://www.amazon.com/dp/B01HBJ8Y00?tag=printlog3d-20","200","external","commercial","Amazon","amazon-associates","true","printlog3d-20","nofollow noopener noreferrer sponsored","","2026-08-31T09:33:58.401Z"
"https://www.printlog3d.com/recommended-gear","Bartoline on Amazon","https://www.amazon.com/dp/B0FKGNZ36S?tag=printlog3d-20","https://www.amazon.com/dp/B0FKGNZ36S?tag=printlog3d-20","200","external","commercial","Amazon","amazon-associates","true","printlog3d-20","nofollow noopener noreferrer sponsored","","2026-08-31T09:33:58.401Z"
"https://www.printlog3d.com/recommended-gear","ruthex on Amazon","https://www.amazon.com/dp/B08BCRZZS3?tag=printlog3d-20","https://www.amazon.com/dp/B08BCRZZS3?tag=printlog3d-20","200","external","commercial","Amazon","amazon-associates","true","printlog3d-20","nofollow noopener noreferrer sponsored","","2026-08-31T09:33:58.401Z"
"https://www.printlog3d.com/recommended-gear","Mintion on Amazon","https://www.amazon.com/dp/B0D8HMR1HT?tag=printlog3d-20","https://www.amazon.com/dp/B0D8HMR1HT?tag=printlog3d-20","200","external","commercial","Amazon","amazon-associates","true","printlog3d-20","nofollow noopener noreferrer sponsored","","2026-08-31T09:33:58.401Z"
"https://www.printlog3d.com/recommended-gear","Bob Smith Industries on Amazon","https://www.amazon.com/dp/B0166FFCHS?tag=printlog3d-20","https://www.amazon.com/dp/B0166FFCHS?tag=printlog3d-20","200","external","commercial","Amazon","amazon-associates","true","printlog3d-20","nofollow noopener noreferrer sponsored","","2026-08-31T09:33:58.401Z"
"https://www.printlog3d.com/recommended-gear","J-B Weld on Amazon","https://www.amazon.com/dp/B009EU5ZM0?tag=printlog3d-20","https://www.amazon.com/dp/B009EU5ZM0?tag=printlog3d-20","200","external","commercial","Amazon","amazon-associates","true","printlog3d-20","nofollow noopener noreferrer sponsored","","2026-08-31T09:33:58.401Z"
"https://www.printlog3d.com/recommended-gear","Buying PLA","https://www.printlog3d.com/library/pla","https://www.printlog3d.com/library/pla","200","internal","internal","","","false","","","","2026-08-31T09:33:58.401Z"
"https://www.printlog3d.com/recommended-gear","Buying PETG","https://www.printlog3d.com/library/petg","https://www.printlog3d.com/library/petg","200","internal","internal","","","false","","","","2026-08-31T09:33:58.401Z"
"https://www.printlog3d.com/recommended-gear","Buying ABS","https://www.printlog3d.com/library/abs","https://www.printlog3d.com/library/abs","200","internal","internal","","","false","","","","2026-08-31T09:33:58.401Z"
"https://www.printlog3d.com/recommended-gear","Buying ASA","https://www.printlog3d.com/library/asa","https://www.printlog3d.com/library/asa","200","internal","internal","","","false","","","","2026-08-31T09:33:58.401Z"
"https://www.printlog3d.com/recommended-gear","Buying PC","https://www.printlog3d.com/library/pc","https://www.printlog3d.com/library/pc","200","internal","internal","","","false","","","","2026-08-31T09:33:58.401Z"
"https://www.printlog3d.com/recommended-gear","Buying PEEK","https://www.printlog3d.com/library/peek","https://www.printlog3d.com/library/peek","200","internal","internal","","","false","","","","2026-08-31T09:33:58.401Z"
"https://www.printlog3d.com/recommended-gear","Buying Nylon PA6","https://www.printlog3d.com/library/nylon-pa6","https://www.printlog3d.com/library/nylon-pa6","200","internal","internal","","","false","","","","2026-08-31T09:33:58.401Z"
"https://www.printlog3d.com/recommended-gear","Buying Nylon PA12","https://www.printlog3d.com/library/nylon-pa12","https://www.printlog3d.com/library/nylon-pa12","200","internal","internal","","","false","","","","2026-08-31T09:33:58.401Z"
"https://www.printlog3d.com/recommended-gear","Buying PA-CF","https://www.printlog3d.com/library/pa-cf","https://www.printlog3d.com/library/pa-cf","200","internal","internal","","","false","","","","2026-08-31T09:33:58.401Z"
"https://www.printlog3d.com/recommended-gear","Buying PETG-CF","https://www.printlog3d.com/library/petg-cf","https://www.printlog3d.com/library/petg-cf","200","internal","internal","","","false","","","","2026-08-31T09:33:58.401Z"
"https://www.printlog3d.com/recommended-gear","Buying PCTG","https://www.printlog3d.com/library/pctg","https://www.printlog3d.com/library/pctg","200","internal","internal","","","false","","","","2026-08-31T09:33:58.401Z"
"https://www.printlog3d.com/recommended-gear","Buying CPE","https://www.printlog3d.com/library/cpe","https://www.printlog3d.com/library/cpe","200","internal","internal","","","false","","","","2026-08-31T09:33:58.401Z"
"https://www.printlog3d.com/recommended-gear","All 31 materials","https://www.printlog3d.com/library","https://www.printlog3d.com/library","200","internal","internal","","","false","","","","2026-08-31T09:33:58.401Z"
"https://www.printlog3d.com/recommended-gear","Materials","https://www.printlog3d.com/library","https://www.printlog3d.com/library","200","internal","internal","","","false","","","","2026-08-31T09:33:58.401Z"
"https://www.printlog3d.com/recommended-gear","Guides","https://www.printlog3d.com/3d-printing-filament-guide","https://www.printlog3d.com/3d-printing-filament-guide","200","internal","internal","","","false","","","","2026-08-31T09:33:58.401Z"
"https://www.printlog3d.com/recommended-gear","Workshop","https://www.printlog3d.com/workshop","https://www.printlog3d.com/workshop","200","internal","internal","","","false","","","","2026-08-31T09:33:58.401Z"
"https://www.printlog3d.com/recommended-gear","Recommended Gear","https://www.printlog3d.com/recommended-gear","https://www.printlog3d.com/recommended-gear","200","internal","internal","","","false","","","","2026-08-31T09:33:58.401Z"
"https://www.printlog3d.com/recommended-gear","Get It Printed","https://www.printlog3d.com/get-it-printed","https://www.printlog3d.com/get-it-printed","200","internal","internal","","","false","","","","2026-08-31T09:33:58.401Z"
"https://www.printlog3d.com/recommended-gear","Free Download","https://www.printlog3d.com/free-download","https://www.printlog3d.com/free-download","200","internal","internal","","","false","","","","2026-08-31T09:33:58.401Z"
"https://www.printlog3d.com/recommended-gear","About","https://www.printlog3d.com/about","https://www.printlog3d.com/about","200","internal","internal","","","false","","","","2026-08-31T09:33:58.401Z"
"https://www.printlog3d.com/recommended-gear","Support","https://www.printlog3d.com/support","https://www.printlog3d.com/support","200","internal","internal","","","false","","","","2026-08-31T09:33:58.401Z"
"https://www.printlog3d.com/recommended-gear","Editorial policy","https://www.printlog3d.com/editorial-policy","https://www.printlog3d.com/editorial-policy","200","internal","internal","","","false","","","","2026-08-31T09:33:58.401Z"
"https://www.printlog3d.com/recommended-gear","Disclosure","https://www.printlog3d.com/disclosure","https://www.printlog3d.com/disclosure","200","internal","internal","","","false","","","","2026-08-31T09:33:58.401Z"
"https://www.printlog3d.com/recommended-gear","Privacy","https://www.printlog3d.com/privacy","https://www.printlog3d.com/privacy","200","internal","internal","","","false","","","","2026-08-31T09:33:58.401Z"
"https://www.printlog3d.com/recommended-gear","Terms","https://www.printlog3d.com/terms","https://www.printlog3d.com/terms","200","internal","internal","","","false","","","","2026-08-31T09:33:58.401Z"
"https://www.printlog3d.com/editorial-policy","","https://www.printlog3d.com/","https://www.printlog3d.com/","200","internal","internal","","","false","","","","2026-08-31T09:33:58.401Z"
"https://www.printlog3d.com/editorial-policy","Materials","https://www.printlog3d.com/library","https://www.printlog3d.com/library","200","internal","internal","","","false","","","","2026-08-31T09:33:58.401Z"
"https://www.printlog3d.com/editorial-policy","Guides","https://www.printlog3d.com/3d-printing-filament-guide","https://www.printlog3d.com/3d-printing-filament-guide","200","internal","internal","","","false","","","","2026-08-31T09:33:58.401Z"
"https://www.printlog3d.com/editorial-policy","Workshop","https://www.printlog3d.com/workshop","https://www.printlog3d.com/workshop","200","internal","internal","","","false","","","","2026-08-31T09:33:58.401Z"
"https://www.printlog3d.com/editorial-policy","Gear","https://www.printlog3d.com/recommended-gear","https://www.printlog3d.com/recommended-gear","200","internal","internal","","","false","","","","2026-08-31T09:33:58.401Z"
"https://www.printlog3d.com/editorial-policy","Get It Printed","https://www.printlog3d.com/get-it-printed","https://www.printlog3d.com/get-it-printed","200","internal","internal","","","false","","","","2026-08-31T09:33:58.401Z"
"https://www.printlog3d.com/editorial-policy","Free Download","https://www.printlog3d.com/free-download","https://www.printlog3d.com/free-download","200","internal","internal","","","false","","","","2026-08-31T09:33:58.401Z"
"https://www.printlog3d.com/editorial-policy","About","https://www.printlog3d.com/about","https://www.printlog3d.com/about","200","internal","internal","","","false","","","","2026-08-31T09:33:58.401Z"
"https://www.printlog3d.com/editorial-policy","Free Download","https://www.printlog3d.com/free-download","https://www.printlog3d.com/free-download","200","internal","internal","","","false","","","","2026-08-31T09:33:58.401Z"
"https://www.printlog3d.com/editorial-policy","disclosure page","https://www.printlog3d.com/disclosure","https://www.printlog3d.com/disclosure","200","internal","internal","","","false","","","","2026-08-31T09:33:58.401Z"
"https://www.printlog3d.com/editorial-policy","our support page","https://www.printlog3d.com/support","https://www.printlog3d.com/support","200","internal","internal","","","false","","","","2026-08-31T09:33:58.401Z"
"https://www.printlog3d.com/editorial-policy","Materials","https://www.printlog3d.com/library","https://www.printlog3d.com/library","200","internal","internal","","","false","","","","2026-08-31T09:33:58.401Z"
"https://www.printlog3d.com/editorial-policy","Guides","https://www.printlog3d.com/3d-printing-filament-guide","https://www.printlog3d.com/3d-printing-filament-guide","200","internal","internal","","","false","","","","2026-08-31T09:33:58.401Z"
"https://www.printlog3d.com/editorial-policy","Workshop","https://www.printlog3d.com/workshop","https://www.printlog3d.com/workshop","200","internal","internal","","","false","","","","2026-08-31T09:33:58.401Z"
"https://www.printlog3d.com/editorial-policy","Recommended Gear","https://www.printlog3d.com/recommended-gear","https://www.printlog3d.com/recommended-gear","200","internal","internal","","","false","","","","2026-08-31T09:33:58.401Z"
"https://www.printlog3d.com/editorial-policy","Get It Printed","https://www.printlog3d.com/get-it-printed","https://www.printlog3d.com/get-it-printed","200","internal","internal","","","false","","","","2026-08-31T09:33:58.401Z"
"https://www.printlog3d.com/editorial-policy","Free Download","https://www.printlog3d.com/free-download","https://www.printlog3d.com/free-download","200","internal","internal","","","false","","","","2026-08-31T09:33:58.401Z"
"https://www.printlog3d.com/editorial-policy","About","https://www.printlog3d.com/about","https://www.printlog3d.com/about","200","internal","internal","","","false","","","","2026-08-31T09:33:58.401Z"
"https://www.printlog3d.com/editorial-policy","Support","https://www.printlog3d.com/support","https://www.printlog3d.com/support","200","internal","internal","","","false","","","","2026-08-31T09:33:58.401Z"
"https://www.printlog3d.com/editorial-policy","Editorial policy","https://www.printlog3d.com/editorial-policy","https://www.printlog3d.com/editorial-policy","200","internal","internal","","","false","","","","2026-08-31T09:33:58.401Z"
"https://www.printlog3d.com/editorial-policy","Disclosure","https://www.printlog3d.com/disclosure","https://www.printlog3d.com/disclosure","200","internal","internal","","","false","","","","2026-08-31T09:33:58.401Z"
"https://www.printlog3d.com/editorial-policy","Privacy","https://www.printlog3d.com/privacy","https://www.printlog3d.com/privacy","200","internal","internal","","","false","","","","2026-08-31T09:33:58.401Z"
"https://www.printlog3d.com/editorial-policy","Terms","https://www.printlog3d.com/terms","https://www.printlog3d.com/terms","200","internal","internal","","","false","","","","2026-08-31T09:33:58.401Z"
"https://www.printlog3d.com/disclosure","","https://www.printlog3d.com/","https://www.printlog3d.com/","200","internal","internal","","","false","","","","2026-08-31T09:33:58.401Z"
"https://www.printlog3d.com/disclosure","Materials","https://www.printlog3d.com/library","https://www.printlog3d.com/library","200","internal","internal","","","false","","","","2026-08-31T09:33:58.401Z"
"https://www.printlog3d.com/disclosure","Guides","https://www.printlog3d.com/3d-printing-filament-guide","https://www.printlog3d.com/3d-printing-filament-guide","200","internal","internal","","","false","","","","2026-08-31T09:33:58.401Z"
"https://www.printlog3d.com/disclosure","Workshop","https://www.printlog3d.com/workshop","https://www.printlog3d.com/workshop","200","internal","internal","","","false","","","","2026-08-31T09:33:58.401Z"
"https://www.printlog3d.com/disclosure","Gear","https://www.printlog3d.com/recommended-gear","https://www.printlog3d.com/recommended-gear","200","internal","internal","","","false","","","","2026-08-31T09:33:58.401Z"
"https://www.printlog3d.com/disclosure","Get It Printed","https://www.printlog3d.com/get-it-printed","https://www.printlog3d.com/get-it-printed","200","internal","internal","","","false","","","","2026-08-31T09:33:58.401Z"
"https://www.printlog3d.com/disclosure","Free Download","https://www.printlog3d.com/free-download","https://www.printlog3d.com/free-download","200","internal","internal","","","false","","","","2026-08-31T09:33:58.401Z"
"https://www.printlog3d.com/disclosure","About","https://www.printlog3d.com/about","https://www.printlog3d.com/about","200","internal","internal","","","false","","","","2026-08-31T09:33:58.401Z"
"https://www.printlog3d.com/disclosure","Free Download","https://www.printlog3d.com/free-download","https://www.printlog3d.com/free-download","200","internal","internal","","","false","","","","2026-08-31T09:33:58.401Z"
"https://www.printlog3d.com/disclosure","PEEK page","https://www.printlog3d.com/library/peek","https://www.printlog3d.com/library/peek","200","internal","internal","","","false","","","","2026-08-31T09:33:58.401Z"
"https://www.printlog3d.com/disclosure","privacy policy","https://www.printlog3d.com/privacy","https://www.printlog3d.com/privacy","200","internal","internal","","","false","","","","2026-08-31T09:33:58.401Z"
"https://www.printlog3d.com/disclosure","terms","https://www.printlog3d.com/terms","https://www.printlog3d.com/terms","200","internal","internal","","","false","","","","2026-08-31T09:33:58.401Z"
"https://www.printlog3d.com/disclosure","support page","https://www.printlog3d.com/support","https://www.printlog3d.com/support","200","internal","internal","","","false","","","","2026-08-31T09:33:58.401Z"
"https://www.printlog3d.com/disclosure","Materials","https://www.printlog3d.com/library","https://www.printlog3d.com/library","200","internal","internal","","","false","","","","2026-08-31T09:33:58.401Z"
"https://www.printlog3d.com/disclosure","Guides","https://www.printlog3d.com/3d-printing-filament-guide","https://www.printlog3d.com/3d-printing-filament-guide","200","internal","internal","","","false","","","","2026-08-31T09:33:58.401Z"
"https://www.printlog3d.com/disclosure","Workshop","https://www.printlog3d.com/workshop","https://www.printlog3d.com/workshop","200","internal","internal","","","false","","","","2026-08-31T09:33:58.401Z"
"https://www.printlog3d.com/disclosure","Recommended Gear","https://www.printlog3d.com/recommended-gear","https://www.printlog3d.com/recommended-gear","200","internal","internal","","","false","","","","2026-08-31T09:33:58.401Z"
"https://www.printlog3d.com/disclosure","Get It Printed","https://www.printlog3d.com/get-it-printed","https://www.printlog3d.com/get-it-printed","200","internal","internal","","","false","","","","2026-08-31T09:33:58.401Z"
"https://www.printlog3d.com/disclosure","Free Download","https://www.printlog3d.com/free-download","https://www.printlog3d.com/free-download","200","internal","internal","","","false","","","","2026-08-31T09:33:58.401Z"
"https://www.printlog3d.com/disclosure","About","https://www.printlog3d.com/about","https://www.printlog3d.com/about","200","internal","internal","","","false","","","","2026-08-31T09:33:58.401Z"
"https://www.printlog3d.com/disclosure","Support","https://www.printlog3d.com/support","https://www.printlog3d.com/support","200","internal","internal","","","false","","","","2026-08-31T09:33:58.401Z"
"https://www.printlog3d.com/disclosure","Editorial policy","https://www.printlog3d.com/editorial-policy","https://www.printlog3d.com/editorial-policy","200","internal","internal","","","false","","","","2026-08-31T09:33:58.401Z"
"https://www.printlog3d.com/disclosure","Disclosure","https://www.printlog3d.com/disclosure","https://www.printlog3d.com/disclosure","200","internal","internal","","","false","","","","2026-08-31T09:33:58.401Z"
"https://www.printlog3d.com/disclosure","Privacy","https://www.printlog3d.com/privacy","https://www.printlog3d.com/privacy","200","internal","internal","","","false","","","","2026-08-31T09:33:58.401Z"
"https://www.printlog3d.com/disclosure","Terms","https://www.printlog3d.com/terms","https://www.printlog3d.com/terms","200","internal","internal","","","false","","","","2026-08-31T09:33:58.401Z"
"https://www.printlog3d.com/about","","https://www.printlog3d.com/","https://www.printlog3d.com/","200","internal","internal","","","false","","","","2026-08-31T09:33:58.401Z"
"https://www.printlog3d.com/about","Materials","https://www.printlog3d.com/library","https://www.printlog3d.com/library","200","internal","internal","","","false","","","","2026-08-31T09:33:58.401Z"
"https://www.printlog3d.com/about","Guides","https://www.printlog3d.com/3d-printing-filament-guide","https://www.printlog3d.com/3d-printing-filament-guide","200","internal","internal","","","false","","","","2026-08-31T09:33:58.401Z"
"https://www.printlog3d.com/about","Workshop","https://www.printlog3d.com/workshop","https://www.printlog3d.com/workshop","200","internal","internal","","","false","","","","2026-08-31T09:33:58.401Z"
"https://www.printlog3d.com/about","Gear","https://www.printlog3d.com/recommended-gear","https://www.printlog3d.com/recommended-gear","200","internal","internal","","","false","","","","2026-08-31T09:33:58.401Z"
"https://www.printlog3d.com/about","Get It Printed","https://www.printlog3d.com/get-it-printed","https://www.printlog3d.com/get-it-printed","200","internal","internal","","","false","","","","2026-08-31T09:33:58.401Z"
"https://www.printlog3d.com/about","Free Download","https://www.printlog3d.com/free-download","https://www.printlog3d.com/free-download","200","internal","internal","","","false","","","","2026-08-31T09:33:58.401Z"
"https://www.printlog3d.com/about","About","https://www.printlog3d.com/about","https://www.printlog3d.com/about","200","internal","internal","","","false","","","","2026-08-31T09:33:58.401Z"
"https://www.printlog3d.com/about","Free Download","https://www.printlog3d.com/free-download","https://www.printlog3d.com/free-download","200","internal","internal","","","false","","","","2026-08-31T09:33:58.401Z"
"https://www.printlog3d.com/about","Browse the Materials →","https://www.printlog3d.com/library","https://www.printlog3d.com/library","200","internal","internal","","","false","","","","2026-08-31T09:33:58.401Z"
"https://www.printlog3d.com/about","Free Download","https://www.printlog3d.com/free-download","https://www.printlog3d.com/free-download","200","internal","internal","","","false","","","","2026-08-31T09:33:58.401Z"
"https://www.printlog3d.com/about","Materials","https://www.printlog3d.com/library","https://www.printlog3d.com/library","200","internal","internal","","","false","","","","2026-08-31T09:33:58.401Z"
"https://www.printlog3d.com/about","Guides","https://www.printlog3d.com/3d-printing-filament-guide","https://www.printlog3d.com/3d-printing-filament-guide","200","internal","internal","","","false","","","","2026-08-31T09:33:58.401Z"
"https://www.printlog3d.com/about","Workshop","https://www.printlog3d.com/workshop","https://www.printlog3d.com/workshop","200","internal","internal","","","false","","","","2026-08-31T09:33:58.401Z"
"https://www.printlog3d.com/about","Recommended Gear","https://www.printlog3d.com/recommended-gear","https://www.printlog3d.com/recommended-gear","200","internal","internal","","","false","","","","2026-08-31T09:33:58.401Z"
"https://www.printlog3d.com/about","Get It Printed","https://www.printlog3d.com/get-it-printed","https://www.printlog3d.com/get-it-printed","200","internal","internal","","","false","","","","2026-08-31T09:33:58.401Z"
"https://www.printlog3d.com/about","Free Download","https://www.printlog3d.com/free-download","https://www.printlog3d.com/free-download","200","internal","internal","","","false","","","","2026-08-31T09:33:58.401Z"
"https://www.printlog3d.com/about","About","https://www.printlog3d.com/about","https://www.printlog3d.com/about","200","internal","internal","","","false","","","","2026-08-31T09:33:58.401Z"
"https://www.printlog3d.com/about","Support","https://www.printlog3d.com/support","https://www.printlog3d.com/support","200","internal","internal","","","false","","","","2026-08-31T09:33:58.401Z"
"https://www.printlog3d.com/about","Editorial policy","https://www.printlog3d.com/editorial-policy","https://www.printlog3d.com/editorial-policy","200","internal","internal","","","false","","","","2026-08-31T09:33:58.401Z"
"https://www.printlog3d.com/about","Disclosure","https://www.printlog3d.com/disclosure","https://www.printlog3d.com/disclosure","200","internal","internal","","","false","","","","2026-08-31T09:33:58.401Z"
"https://www.printlog3d.com/about","Privacy","https://www.printlog3d.com/privacy","https://www.printlog3d.com/privacy","200","internal","internal","","","false","","","","2026-08-31T09:33:58.401Z"
"https://www.printlog3d.com/about","Terms","https://www.printlog3d.com/terms","https://www.printlog3d.com/terms","200","internal","internal","","","false","","","","2026-08-31T09:33:58.401Z"
"https://www.printlog3d.com/support","","https://www.printlog3d.com/","https://www.printlog3d.com/","200","internal","internal","","","false","","","","2026-08-31T09:33:58.401Z"
"https://www.printlog3d.com/support","Materials","https://www.printlog3d.com/library","https://www.printlog3d.com/library","200","internal","internal","","","false","","","","2026-08-31T09:33:58.401Z"
"https://www.printlog3d.com/support","Guides","https://www.printlog3d.com/3d-printing-filament-guide","https://www.printlog3d.com/3d-printing-filament-guide","200","internal","internal","","","false","","","","2026-08-31T09:33:58.401Z"
"https://www.printlog3d.com/support","Workshop","https://www.printlog3d.com/workshop","https://www.printlog3d.com/workshop","200","internal","internal","","","false","","","","2026-08-31T09:33:58.401Z"
"https://www.printlog3d.com/support","Gear","https://www.printlog3d.com/recommended-gear","https://www.printlog3d.com/recommended-gear","200","internal","internal","","","false","","","","2026-08-31T09:33:58.401Z"
"https://www.printlog3d.com/support","Get It Printed","https://www.printlog3d.com/get-it-printed","https://www.printlog3d.com/get-it-printed","200","internal","internal","","","false","","","","2026-08-31T09:33:58.401Z"
"https://www.printlog3d.com/support","Free Download","https://www.printlog3d.com/free-download","https://www.printlog3d.com/free-download","200","internal","internal","","","false","","","","2026-08-31T09:33:58.401Z"
"https://www.printlog3d.com/support","About","https://www.printlog3d.com/about","https://www.printlog3d.com/about","200","internal","internal","","","false","","","","2026-08-31T09:33:58.401Z"
"https://www.printlog3d.com/support","Free Download","https://www.printlog3d.com/free-download","https://www.printlog3d.com/free-download","200","internal","internal","","","false","","","","2026-08-31T09:33:58.401Z"
"https://www.printlog3d.com/support","Privacy Policy","https://www.printlog3d.com/privacy","https://www.printlog3d.com/privacy","200","internal","internal","","","false","","","","2026-08-31T09:33:58.401Z"
"https://www.printlog3d.com/support","Materials","https://www.printlog3d.com/library","https://www.printlog3d.com/library","200","internal","internal","","","false","","","","2026-08-31T09:33:58.401Z"
"https://www.printlog3d.com/support","Guides","https://www.printlog3d.com/3d-printing-filament-guide","https://www.printlog3d.com/3d-printing-filament-guide","200","internal","internal","","","false","","","","2026-08-31T09:33:58.401Z"
"https://www.printlog3d.com/support","Workshop","https://www.printlog3d.com/workshop","https://www.printlog3d.com/workshop","200","internal","internal","","","false","","","","2026-08-31T09:33:58.401Z"
"https://www.printlog3d.com/support","Recommended Gear","https://www.printlog3d.com/recommended-gear","https://www.printlog3d.com/recommended-gear","200","internal","internal","","","false","","","","2026-08-31T09:33:58.401Z"
"https://www.printlog3d.com/support","Get It Printed","https://www.printlog3d.com/get-it-printed","https://www.printlog3d.com/get-it-printed","200","internal","internal","","","false","","","","2026-08-31T09:33:58.401Z"
"https://www.printlog3d.com/support","Free Download","https://www.printlog3d.com/free-download","https://www.printlog3d.com/free-download","200","internal","internal","","","false","","","","2026-08-31T09:33:58.401Z"
"https://www.printlog3d.com/support","About","https://www.printlog3d.com/about","https://www.printlog3d.com/about","200","internal","internal","","","false","","","","2026-08-31T09:33:58.401Z"
"https://www.printlog3d.com/support","Support","https://www.printlog3d.com/support","https://www.printlog3d.com/support","200","internal","internal","","","false","","","","2026-08-31T09:33:58.401Z"
"https://www.printlog3d.com/support","Editorial policy","https://www.printlog3d.com/editorial-policy","https://www.printlog3d.com/editorial-policy","200","internal","internal","","","false","","","","2026-08-31T09:33:58.401Z"
"https://www.printlog3d.com/support","Disclosure","https://www.printlog3d.com/disclosure","https://www.printlog3d.com/disclosure","200","internal","internal","","","false","","","","2026-08-31T09:33:58.401Z"
"https://www.printlog3d.com/support","Privacy","https://www.printlog3d.com/privacy","https://www.printlog3d.com/privacy","200","internal","internal","","","false","","","","2026-08-31T09:33:58.401Z"
"https://www.printlog3d.com/support","Terms","https://www.printlog3d.com/terms","https://www.printlog3d.com/terms","200","internal","internal","","","false","","","","2026-08-31T09:33:58.401Z"
"https://www.printlog3d.com/privacy","","https://www.printlog3d.com/","https://www.printlog3d.com/","200","internal","internal","","","false","","","","2026-08-31T09:33:58.401Z"
"https://www.printlog3d.com/privacy","Materials","https://www.printlog3d.com/library","https://www.printlog3d.com/library","200","internal","internal","","","false","","","","2026-08-31T09:33:58.401Z"
"https://www.printlog3d.com/privacy","Guides","https://www.printlog3d.com/3d-printing-filament-guide","https://www.printlog3d.com/3d-printing-filament-guide","200","internal","internal","","","false","","","","2026-08-31T09:33:58.401Z"
"https://www.printlog3d.com/privacy","Workshop","https://www.printlog3d.com/workshop","https://www.printlog3d.com/workshop","200","internal","internal","","","false","","","","2026-08-31T09:33:58.401Z"
"https://www.printlog3d.com/privacy","Gear","https://www.printlog3d.com/recommended-gear","https://www.printlog3d.com/recommended-gear","200","internal","internal","","","false","","","","2026-08-31T09:33:58.401Z"
"https://www.printlog3d.com/privacy","Get It Printed","https://www.printlog3d.com/get-it-printed","https://www.printlog3d.com/get-it-printed","200","internal","internal","","","false","","","","2026-08-31T09:33:58.401Z"
"https://www.printlog3d.com/privacy","Free Download","https://www.printlog3d.com/free-download","https://www.printlog3d.com/free-download","200","internal","internal","","","false","","","","2026-08-31T09:33:58.401Z"
"https://www.printlog3d.com/privacy","About","https://www.printlog3d.com/about","https://www.printlog3d.com/about","200","internal","internal","","","false","","","","2026-08-31T09:33:58.401Z"
"https://www.printlog3d.com/privacy","Free Download","https://www.printlog3d.com/free-download","https://www.printlog3d.com/free-download","200","internal","internal","","","false","","","","2026-08-31T09:33:58.401Z"
"https://www.printlog3d.com/privacy","Materials","https://www.printlog3d.com/library","https://www.printlog3d.com/library","200","internal","internal","","","false","","","","2026-08-31T09:33:58.401Z"
"https://www.printlog3d.com/privacy","Guides","https://www.printlog3d.com/3d-printing-filament-guide","https://www.printlog3d.com/3d-printing-filament-guide","200","internal","internal","","","false","","","","2026-08-31T09:33:58.401Z"
"https://www.printlog3d.com/privacy","Workshop","https://www.printlog3d.com/workshop","https://www.printlog3d.com/workshop","200","internal","internal","","","false","","","","2026-08-31T09:33:58.401Z"
"https://www.printlog3d.com/privacy","Recommended Gear","https://www.printlog3d.com/recommended-gear","https://www.printlog3d.com/recommended-gear","200","internal","internal","","","false","","","","2026-08-31T09:33:58.401Z"
"https://www.printlog3d.com/privacy","Get It Printed","https://www.printlog3d.com/get-it-printed","https://www.printlog3d.com/get-it-printed","200","internal","internal","","","false","","","","2026-08-31T09:33:58.401Z"
"https://www.printlog3d.com/privacy","Free Download","https://www.printlog3d.com/free-download","https://www.printlog3d.com/free-download","200","internal","internal","","","false","","","","2026-08-31T09:33:58.401Z"
"https://www.printlog3d.com/privacy","About","https://www.printlog3d.com/about","https://www.printlog3d.com/about","200","internal","internal","","","false","","","","2026-08-31T09:33:58.401Z"
"https://www.printlog3d.com/privacy","Support","https://www.printlog3d.com/support","https://www.printlog3d.com/support","200","internal","internal","","","false","","","","2026-08-31T09:33:58.401Z"
"https://www.printlog3d.com/privacy","Editorial policy","https://www.printlog3d.com/editorial-policy","https://www.printlog3d.com/editorial-policy","200","internal","internal","","","false","","","","2026-08-31T09:33:58.401Z"
"https://www.printlog3d.com/privacy","Disclosure","https://www.printlog3d.com/disclosure","https://www.printlog3d.com/disclosure","200","internal","internal","","","false","","","","2026-08-31T09:33:58.401Z"
"https://www.printlog3d.com/privacy","Privacy","https://www.printlog3d.com/privacy","https://www.printlog3d.com/privacy","200","internal","internal","","","false","","","","2026-08-31T09:33:58.401Z"
"https://www.printlog3d.com/privacy","Terms","https://www.printlog3d.com/terms","https://www.printlog3d.com/terms","200","internal","internal","","","false","","","","2026-08-31T09:33:58.401Z"
"https://www.printlog3d.com/terms","","https://www.printlog3d.com/","https://www.printlog3d.com/","200","internal","internal","","","false","","","","2026-08-31T09:33:58.401Z"
"https://www.printlog3d.com/terms","Materials","https://www.printlog3d.com/library","https://www.printlog3d.com/library","200","internal","internal","","","false","","","","2026-08-31T09:33:58.401Z"
"https://www.printlog3d.com/terms","Guides","https://www.printlog3d.com/3d-printing-filament-guide","https://www.printlog3d.com/3d-printing-filament-guide","200","internal","internal","","","false","","","","2026-08-31T09:33:58.401Z"
"https://www.printlog3d.com/terms","Workshop","https://www.printlog3d.com/workshop","https://www.printlog3d.com/workshop","200","internal","internal","","","false","","","","2026-08-31T09:33:58.401Z"
"https://www.printlog3d.com/terms","Gear","https://www.printlog3d.com/recommended-gear","https://www.printlog3d.com/recommended-gear","200","internal","internal","","","false","","","","2026-08-31T09:33:58.401Z"
"https://www.printlog3d.com/terms","Get It Printed","https://www.printlog3d.com/get-it-printed","https://www.printlog3d.com/get-it-printed","200","internal","internal","","","false","","","","2026-08-31T09:33:58.401Z"
"https://www.printlog3d.com/terms","Free Download","https://www.printlog3d.com/free-download","https://www.printlog3d.com/free-download","200","internal","internal","","","false","","","","2026-08-31T09:33:58.401Z"
"https://www.printlog3d.com/terms","About","https://www.printlog3d.com/about","https://www.printlog3d.com/about","200","internal","internal","","","false","","","","2026-08-31T09:33:58.401Z"
"https://www.printlog3d.com/terms","Free Download","https://www.printlog3d.com/free-download","https://www.printlog3d.com/free-download","200","internal","internal","","","false","","","","2026-08-31T09:33:58.401Z"
"https://www.printlog3d.com/terms","Materials","https://www.printlog3d.com/library","https://www.printlog3d.com/library","200","internal","internal","","","false","","","","2026-08-31T09:33:58.401Z"
"https://www.printlog3d.com/terms","Guides","https://www.printlog3d.com/3d-printing-filament-guide","https://www.printlog3d.com/3d-printing-filament-guide","200","internal","internal","","","false","","","","2026-08-31T09:33:58.401Z"
"https://www.printlog3d.com/terms","Workshop","https://www.printlog3d.com/workshop","https://www.printlog3d.com/workshop","200","internal","internal","","","false","","","","2026-08-31T09:33:58.401Z"
"https://www.printlog3d.com/terms","Recommended Gear","https://www.printlog3d.com/recommended-gear","https://www.printlog3d.com/recommended-gear","200","internal","internal","","","false","","","","2026-08-31T09:33:58.401Z"
"https://www.printlog3d.com/terms","Get It Printed","https://www.printlog3d.com/get-it-printed","https://www.printlog3d.com/get-it-printed","200","internal","internal","","","false","","","","2026-08-31T09:33:58.401Z"
"https://www.printlog3d.com/terms","Free Download","https://www.printlog3d.com/free-download","https://www.printlog3d.com/free-download","200","internal","internal","","","false","","","","2026-08-31T09:33:58.401Z"
"https://www.printlog3d.com/terms","About","https://www.printlog3d.com/about","https://www.printlog3d.com/about","200","internal","internal","","","false","","","","2026-08-31T09:33:58.401Z"
"https://www.printlog3d.com/terms","Support","https://www.printlog3d.com/support","https://www.printlog3d.com/support","200","internal","internal","","","false","","","","2026-08-31T09:33:58.401Z"
"https://www.printlog3d.com/terms","Editorial policy","https://www.printlog3d.com/editorial-policy","https://www.printlog3d.com/editorial-policy","200","internal","internal","","","false","","","","2026-08-31T09:33:58.401Z"
"https://www.printlog3d.com/terms","Disclosure","https://www.printlog3d.com/disclosure","https://www.printlog3d.com/disclosure","200","internal","internal","","","false","","","","2026-08-31T09:33:58.401Z"
"https://www.printlog3d.com/terms","Privacy","https://www.printlog3d.com/privacy","https://www.printlog3d.com/privacy","200","internal","internal","","","false","","","","2026-08-31T09:33:58.401Z"
"https://www.printlog3d.com/terms","Terms","https://www.printlog3d.com/terms","https://www.printlog3d.com/terms","200","internal","internal","","","false","","","","2026-08-31T09:33:58.401Z"
"https://www.printlog3d.com/library/pla","","https://www.printlog3d.com/","https://www.printlog3d.com/","200","internal","internal","","","false","","","","2026-08-31T09:33:58.401Z"
"https://www.printlog3d.com/library/pla","Materials","https://www.printlog3d.com/library","https://www.printlog3d.com/library","200","internal","internal","","","false","","","","2026-08-31T09:33:58.401Z"
"https://www.printlog3d.com/library/pla","Guides","https://www.printlog3d.com/3d-printing-filament-guide","https://www.printlog3d.com/3d-printing-filament-guide","200","internal","internal","","","false","","","","2026-08-31T09:33:58.401Z"
"https://www.printlog3d.com/library/pla","Workshop","https://www.printlog3d.com/workshop","https://www.printlog3d.com/workshop","200","internal","internal","","","false","","","","2026-08-31T09:33:58.401Z"
"https://www.printlog3d.com/library/pla","Gear","https://www.printlog3d.com/recommended-gear","https://www.printlog3d.com/recommended-gear","200","internal","internal","","","false","","","","2026-08-31T09:33:58.401Z"
"https://www.printlog3d.com/library/pla","Get It Printed","https://www.printlog3d.com/get-it-printed","https://www.printlog3d.com/get-it-printed","200","internal","internal","","","false","","","","2026-08-31T09:33:58.401Z"
"https://www.printlog3d.com/library/pla","Free Download","https://www.printlog3d.com/free-download","https://www.printlog3d.com/free-download","200","internal","internal","","","false","","","","2026-08-31T09:33:58.401Z"
"https://www.printlog3d.com/library/pla","About","https://www.printlog3d.com/about","https://www.printlog3d.com/about","200","internal","internal","","","false","","","","2026-08-31T09:33:58.401Z"
"https://www.printlog3d.com/library/pla","Free Download","https://www.printlog3d.com/free-download","https://www.printlog3d.com/free-download","200","internal","internal","","","false","","","","2026-08-31T09:33:58.401Z"
"https://www.printlog3d.com/library/pla","Home","https://www.printlog3d.com/","https://www.printlog3d.com/","200","internal","internal","","","false","","","","2026-08-31T09:33:58.401Z"
"https://www.printlog3d.com/library/pla","Materials","https://www.printlog3d.com/library","https://www.printlog3d.com/library","200","internal","internal","","","false","","","","2026-08-31T09:33:58.401Z"
"https://www.printlog3d.com/library/pla","See PLA filament on Amazon","https://www.amazon.com/s?k=pla%20filament%201.75mm&tag=printlog3d-20","https://www.amazon.com/s?k=pla%20filament%201.75mm&tag=printlog3d-20","200","external","commercial","Amazon","amazon-associates","true","printlog3d-20","nofollow noopener noreferrer sponsored","","2026-08-31T09:33:58.401Z"
"https://www.printlog3d.com/library/pla","Compare all materials","https://www.printlog3d.com/library","https://www.printlog3d.com/library","200","internal","internal","","","false","","","","2026-08-31T09:33:58.401Z"
"https://www.printlog3d.com/library/pla","Get an instant quote","https://www.3dprinterondemand.com/instant-quote?source=printlog3d&source_page=%2Flibrary%2Fpla&placement=owned-service-material&material=PLA&campaign=printlog3d-referral","https://www.3dprinterondemand.com/instant-quote?source=printlog3d&source_page=%2Flibrary%2Fpla&placement=owned-service-material&material=PLA&campaign=printlog3d-referral","200","external","commercial","3DPrinterOnDemand","owned-service","n/a-no-credentials","","noopener noreferrer","","2026-08-31T09:33:58.401Z"
"https://www.printlog3d.com/library/pla","See heat-set threaded inserts on Amazon","https://www.amazon.com/s?k=threaded%20inserts%20m3%20brass&tag=printlog3d-20","https://www.amazon.com/s?k=threaded%20inserts%20m3%20brass&tag=printlog3d-20","200","external","commercial","Amazon","amazon-associates","true","printlog3d-20","nofollow noopener noreferrer sponsored","","2026-08-31T09:33:58.401Z"
"https://www.printlog3d.com/library/pla","Read the PETG settings guide →","https://www.printlog3d.com/library/petg","https://www.printlog3d.com/library/petg","200","internal","internal","","","false","","","","2026-08-31T09:33:58.401Z"
"https://www.printlog3d.com/library/pla","3D print tolerance: what fits and what does not","https://www.printlog3d.com/workshop/3d-print-tolerance","https://www.printlog3d.com/workshop/3d-print-tolerance","200","internal","internal","","","false","","","","2026-08-31T09:33:58.401Z"
"https://www.printlog3d.com/library/pla","Removing supports and cleaning up a print","https://www.printlog3d.com/workshop/removing-supports-and-deburring","https://www.printlog3d.com/workshop/removing-supports-and-deburring","200","internal","internal","","","false","","","","2026-08-31T09:33:58.401Z"
"https://www.printlog3d.com/library/pla","Sanding and finishing a 3D print","https://www.printlog3d.com/workshop/sanding-and-finishing-3d-prints","https://www.printlog3d.com/workshop/sanding-and-finishing-3d-prints","200","internal","internal","","","false","","","","2026-08-31T09:33:58.401Z"
"https://www.printlog3d.com/library/pla","Heat-set threaded inserts in 3D printed parts","https://www.printlog3d.com/workshop/heat-set-inserts","https://www.printlog3d.com/workshop/heat-set-inserts","200","internal","internal","","","false","","","","2026-08-31T09:33:58.401Z"
"https://www.printlog3d.com/library/pla","3D printer calibration: what to do, and in what order","https://www.printlog3d.com/workshop/printer-calibration","https://www.printlog3d.com/workshop/printer-calibration","200","internal","internal","","","false","","","","2026-08-31T09:33:58.401Z"
"https://www.printlog3d.com/library/pla","How to paint a 3D print so the finish lasts","https://www.printlog3d.com/workshop/painting-3d-prints","https://www.printlog3d.com/workshop/painting-3d-prints","200","internal","internal","","","false","","","","2026-08-31T09:33:58.401Z"
"https://www.printlog3d.com/library/pla","The best glue for 3D printed parts, by material","https://www.printlog3d.com/workshop/gluing-3d-printed-parts","https://www.printlog3d.com/workshop/gluing-3d-printed-parts","200","internal","internal","","","false","","","","2026-08-31T09:33:58.401Z"
"https://www.printlog3d.com/library/pla","PLA vs PETG: which should you print?","https://www.printlog3d.com/pla-vs-petg","https://www.printlog3d.com/pla-vs-petg","200","internal","internal","","","false","","","","2026-08-31T09:33:58.401Z"
"https://www.printlog3d.com/library/pla","PLA vs ABS: strength and heat compared","https://www.printlog3d.com/pla-vs-abs","https://www.printlog3d.com/pla-vs-abs","200","internal","internal","","","false","","","","2026-08-31T09:33:58.401Z"
"https://www.printlog3d.com/library/pla","The full filament guide","https://www.printlog3d.com/3d-printing-filament-guide","https://www.printlog3d.com/3d-printing-filament-guide","200","internal","internal","","","false","","","","2026-08-31T09:33:58.401Z"
"https://www.printlog3d.com/library/pla","PETG 220-250 °C nozzle · 70-85 °C bed","https://www.printlog3d.com/library/petg","https://www.printlog3d.com/library/petg","200","internal","internal","","","false","","","","2026-08-31T09:33:58.401Z"
"https://www.printlog3d.com/library/pla","ABS 220-250 °C nozzle · 100-110 °C bed","https://www.printlog3d.com/library/abs","https://www.printlog3d.com/library/abs","200","internal","internal","","","false","","","","2026-08-31T09:33:58.401Z"
"https://www.printlog3d.com/library/pla","ASA 235-255 °C nozzle · 90-110 °C bed","https://www.printlog3d.com/library/asa","https://www.printlog3d.com/library/asa","200","internal","internal","","","false","","","","2026-08-31T09:33:58.401Z"
"https://www.printlog3d.com/library/pla","PC 260-310 °C nozzle · 100-120 °C bed","https://www.printlog3d.com/library/pc","https://www.printlog3d.com/library/pc","200","internal","internal","","","false","","","","2026-08-31T09:33:58.401Z"
"https://www.printlog3d.com/library/pla","PEEK 370-420 °C nozzle · 120-160 °C bed","https://www.printlog3d.com/library/peek","https://www.printlog3d.com/library/peek","200","internal","internal","","","false","","","","2026-08-31T09:33:58.401Z"
"https://www.printlog3d.com/library/pla","Nylon PA6 230-260 °C nozzle · 70-90 °C bed","https://www.printlog3d.com/library/nylon-pa6","https://www.printlog3d.com/library/nylon-pa6","200","internal","internal","","","false","","","","2026-08-31T09:33:58.401Z"
"https://www.printlog3d.com/library/pla","All 31 materials →","https://www.printlog3d.com/library","https://www.printlog3d.com/library","200","internal","internal","","","false","","","","2026-08-31T09:33:58.401Z"
"https://www.printlog3d.com/library/pla","How we source and check this","https://www.printlog3d.com/editorial-policy","https://www.printlog3d.com/editorial-policy","200","internal","internal","","","false","","","","2026-08-31T09:33:58.401Z"
"https://www.printlog3d.com/library/pla","Materials","https://www.printlog3d.com/library","https://www.printlog3d.com/library","200","internal","internal","","","false","","","","2026-08-31T09:33:58.401Z"
"https://www.printlog3d.com/library/pla","Guides","https://www.printlog3d.com/3d-printing-filament-guide","https://www.printlog3d.com/3d-printing-filament-guide","200","internal","internal","","","false","","","","2026-08-31T09:33:58.401Z"
"https://www.printlog3d.com/library/pla","Workshop","https://www.printlog3d.com/workshop","https://www.printlog3d.com/workshop","200","internal","internal","","","false","","","","2026-08-31T09:33:58.401Z"
"https://www.printlog3d.com/library/pla","Recommended Gear","https://www.printlog3d.com/recommended-gear","https://www.printlog3d.com/recommended-gear","200","internal","internal","","","false","","","","2026-08-31T09:33:58.401Z"
"https://www.printlog3d.com/library/pla","Get It Printed","https://www.printlog3d.com/get-it-printed","https://www.printlog3d.com/get-it-printed","200","internal","internal","","","false","","","","2026-08-31T09:33:58.401Z"
"https://www.printlog3d.com/library/pla","Free Download","https://www.printlog3d.com/free-download","https://www.printlog3d.com/free-download","200","internal","internal","","","false","","","","2026-08-31T09:33:58.401Z"
"https://www.printlog3d.com/library/pla","About","https://www.printlog3d.com/about","https://www.printlog3d.com/about","200","internal","internal","","","false","","","","2026-08-31T09:33:58.401Z"
"https://www.printlog3d.com/library/pla","Support","https://www.printlog3d.com/support","https://www.printlog3d.com/support","200","internal","internal","","","false","","","","2026-08-31T09:33:58.401Z"
"https://www.printlog3d.com/library/pla","Editorial policy","https://www.printlog3d.com/editorial-policy","https://www.printlog3d.com/editorial-policy","200","internal","internal","","","false","","","","2026-08-31T09:33:58.401Z"
"https://www.printlog3d.com/library/pla","Disclosure","https://www.printlog3d.com/disclosure","https://www.printlog3d.com/disclosure","200","internal","internal","","","false","","","","2026-08-31T09:33:58.401Z"
"https://www.printlog3d.com/library/pla","Privacy","https://www.printlog3d.com/privacy","https://www.printlog3d.com/privacy","200","internal","internal","","","false","","","","2026-08-31T09:33:58.401Z"
"https://www.printlog3d.com/library/pla","Terms","https://www.printlog3d.com/terms","https://www.printlog3d.com/terms","200","internal","internal","","","false","","","","2026-08-31T09:33:58.401Z"
"https://www.printlog3d.com/library/petg","","https://www.printlog3d.com/","https://www.printlog3d.com/","200","internal","internal","","","false","","","","2026-08-31T09:33:58.401Z"
"https://www.printlog3d.com/library/petg","Materials","https://www.printlog3d.com/library","https://www.printlog3d.com/library","200","internal","internal","","","false","","","","2026-08-31T09:33:58.401Z"
"https://www.printlog3d.com/library/petg","Guides","https://www.printlog3d.com/3d-printing-filament-guide","https://www.printlog3d.com/3d-printing-filament-guide","200","internal","internal","","","false","","","","2026-08-31T09:33:58.401Z"
"https://www.printlog3d.com/library/petg","Workshop","https://www.printlog3d.com/workshop","https://www.printlog3d.com/workshop","200","internal","internal","","","false","","","","2026-08-31T09:33:58.401Z"
"https://www.printlog3d.com/library/petg","Gear","https://www.printlog3d.com/recommended-gear","https://www.printlog3d.com/recommended-gear","200","internal","internal","","","false","","","","2026-08-31T09:33:58.401Z"
"https://www.printlog3d.com/library/petg","Get It Printed","https://www.printlog3d.com/get-it-printed","https://www.printlog3d.com/get-it-printed","200","internal","internal","","","false","","","","2026-08-31T09:33:58.401Z"
"https://www.printlog3d.com/library/petg","Free Download","https://www.printlog3d.com/free-download","https://www.printlog3d.com/free-download","200","internal","internal","","","false","","","","2026-08-31T09:33:58.401Z"
"https://www.printlog3d.com/library/petg","About","https://www.printlog3d.com/about","https://www.printlog3d.com/about","200","internal","internal","","","false","","","","2026-08-31T09:33:58.401Z"
"https://www.printlog3d.com/library/petg","Free Download","https://www.printlog3d.com/free-download","https://www.printlog3d.com/free-download","200","internal","internal","","","false","","","","2026-08-31T09:33:58.401Z"
"https://www.printlog3d.com/library/petg","Home","https://www.printlog3d.com/","https://www.printlog3d.com/","200","internal","internal","","","false","","","","2026-08-31T09:33:58.401Z"
"https://www.printlog3d.com/library/petg","Materials","https://www.printlog3d.com/library","https://www.printlog3d.com/library","200","internal","internal","","","false","","","","2026-08-31T09:33:58.401Z"
"https://www.printlog3d.com/library/petg","See PETG filament on Amazon","https://www.amazon.com/s?k=petg%20filament%201.75mm&tag=printlog3d-20","https://www.amazon.com/s?k=petg%20filament%201.75mm&tag=printlog3d-20","200","external","commercial","Amazon","amazon-associates","true","printlog3d-20","nofollow noopener noreferrer sponsored","","2026-08-31T09:33:58.401Z"
"https://www.printlog3d.com/library/petg","Compare all materials","https://www.printlog3d.com/library","https://www.printlog3d.com/library","200","internal","internal","","","false","","","","2026-08-31T09:33:58.401Z"
"https://www.printlog3d.com/library/petg","Get an instant quote","https://www.3dprinterondemand.com/instant-quote?source=printlog3d&source_page=%2Flibrary%2Fpetg&placement=owned-service-material&material=PETG&campaign=printlog3d-referral","https://www.3dprinterondemand.com/instant-quote?source=printlog3d&source_page=%2Flibrary%2Fpetg&placement=owned-service-material&material=PETG&campaign=printlog3d-referral","200","external","commercial","3DPrinterOnDemand","owned-service","n/a-no-credentials","","noopener noreferrer","","2026-08-31T09:33:58.401Z"
"https://www.printlog3d.com/library/petg","See filament dryer on Amazon","https://www.amazon.com/s?k=filament%20dryer%2065C&tag=printlog3d-20","https://www.amazon.com/s?k=filament%20dryer%2065C&tag=printlog3d-20","200","external","commercial","Amazon","amazon-associates","true","printlog3d-20","nofollow noopener noreferrer sponsored","","2026-08-31T09:33:58.401Z"
"https://www.printlog3d.com/library/petg","See heat-set threaded inserts on Amazon","https://www.amazon.com/s?k=threaded%20inserts%20m3%20brass&tag=printlog3d-20","https://www.amazon.com/s?k=threaded%20inserts%20m3%20brass&tag=printlog3d-20","200","external","commercial","Amazon","amazon-associates","true","printlog3d-20","nofollow noopener noreferrer sponsored","","2026-08-31T09:33:58.401Z"
"https://www.printlog3d.com/library/petg","See airtight storage with desiccant on Amazon","https://www.amazon.com/s?k=filament%20storage%20container%20desiccant&tag=printlog3d-20","https://www.amazon.com/s?k=filament%20storage%20container%20desiccant&tag=printlog3d-20","200","external","commercial","Amazon","amazon-associates","true","printlog3d-20","nofollow noopener noreferrer sponsored","","2026-08-31T09:33:58.401Z"
"https://www.printlog3d.com/library/petg","Read the PLA settings guide →","https://www.printlog3d.com/library/pla","https://www.printlog3d.com/library/pla","200","internal","internal","","","false","","","","2026-08-31T09:33:58.401Z"
"https://www.printlog3d.com/library/petg","3D print tolerance: what fits and what does not","https://www.printlog3d.com/workshop/3d-print-tolerance","https://www.printlog3d.com/workshop/3d-print-tolerance","200","internal","internal","","","false","","","","2026-08-31T09:33:58.401Z"
"https://www.printlog3d.com/library/petg","Removing supports and cleaning up a print","https://www.printlog3d.com/workshop/removing-supports-and-deburring","https://www.printlog3d.com/workshop/removing-supports-and-deburring","200","internal","internal","","","false","","","","2026-08-31T09:33:58.401Z"
"https://www.printlog3d.com/library/petg","Sanding and finishing a 3D print","https://www.printlog3d.com/workshop/sanding-and-finishing-3d-prints","https://www.printlog3d.com/workshop/sanding-and-finishing-3d-prints","200","internal","internal","","","false","","","","2026-08-31T09:33:58.401Z"
"https://www.printlog3d.com/library/petg","Heat-set threaded inserts in 3D printed parts","https://www.printlog3d.com/workshop/heat-set-inserts","https://www.printlog3d.com/workshop/heat-set-inserts","200","internal","internal","","","false","","","","2026-08-31T09:33:58.401Z"
"https://www.printlog3d.com/library/petg","How to store 3D printer filament","https://www.printlog3d.com/workshop/filament-storage","https://www.printlog3d.com/workshop/filament-storage","200","internal","internal","","","false","","","","2026-08-31T09:33:58.401Z"
"https://www.printlog3d.com/library/petg","3D printer calibration: what to do, and in what order","https://www.printlog3d.com/workshop/printer-calibration","https://www.printlog3d.com/workshop/printer-calibration","200","internal","internal","","","false","","","","2026-08-31T09:33:58.401Z"
"https://www.printlog3d.com/library/petg","Why your print is not sticking to the bed","https://www.printlog3d.com/workshop/bed-adhesion-and-first-layer","https://www.printlog3d.com/workshop/bed-adhesion-and-first-layer","200","internal","internal","","","false","","","","2026-08-31T09:33:58.401Z"
"https://www.printlog3d.com/library/petg","How to paint a 3D print so the finish lasts","https://www.printlog3d.com/workshop/painting-3d-prints","https://www.printlog3d.com/workshop/painting-3d-prints","200","internal","internal","","","false","","","","2026-08-31T09:33:58.401Z"
"https://www.printlog3d.com/library/petg","The best glue for 3D printed parts, by material","https://www.printlog3d.com/workshop/gluing-3d-printed-parts","https://www.printlog3d.com/workshop/gluing-3d-printed-parts","200","internal","internal","","","false","","","","2026-08-31T09:33:58.401Z"
"https://www.printlog3d.com/library/petg","PLA vs PETG: which should you print?","https://www.printlog3d.com/pla-vs-petg","https://www.printlog3d.com/pla-vs-petg","200","internal","internal","","","false","","","","2026-08-31T09:33:58.401Z"
"https://www.printlog3d.com/library/petg","ABS vs PETG: picking the tougher part","https://www.printlog3d.com/abs-vs-petg","https://www.printlog3d.com/abs-vs-petg","200","internal","internal","","","false","","","","2026-08-31T09:33:58.401Z"
"https://www.printlog3d.com/library/petg","How to stop stringing","https://www.printlog3d.com/3d-print-stringing","https://www.printlog3d.com/3d-print-stringing","200","internal","internal","","","false","","","","2026-08-31T09:33:58.401Z"
"https://www.printlog3d.com/library/petg","How to dry filament properly","https://www.printlog3d.com/how-to-dry-filament","https://www.printlog3d.com/how-to-dry-filament","200","internal","internal","","","false","","","","2026-08-31T09:33:58.401Z"
"https://www.printlog3d.com/library/petg","The full filament guide","https://www.printlog3d.com/3d-printing-filament-guide","https://www.printlog3d.com/3d-printing-filament-guide","200","internal","internal","","","false","","","","2026-08-31T09:33:58.401Z"
"https://www.printlog3d.com/library/petg","ABS 220-250 °C nozzle · 100-110 °C bed","https://www.printlog3d.com/library/abs","https://www.printlog3d.com/library/abs","200","internal","internal","","","false","","","","2026-08-31T09:33:58.401Z"
"https://www.printlog3d.com/library/petg","ASA 235-255 °C nozzle · 90-110 °C bed","https://www.printlog3d.com/library/asa","https://www.printlog3d.com/library/asa","200","internal","internal","","","false","","","","2026-08-31T09:33:58.401Z"
"https://www.printlog3d.com/library/petg","PC 260-310 °C nozzle · 100-120 °C bed","https://www.printlog3d.com/library/pc","https://www.printlog3d.com/library/pc","200","internal","internal","","","false","","","","2026-08-31T09:33:58.401Z"
"https://www.printlog3d.com/library/petg","PEEK 370-420 °C nozzle · 120-160 °C bed","https://www.printlog3d.com/library/peek","https://www.printlog3d.com/library/peek","200","internal","internal","","","false","","","","2026-08-31T09:33:58.401Z"
"https://www.printlog3d.com/library/petg","Nylon PA6 230-260 °C nozzle · 70-90 °C bed","https://www.printlog3d.com/library/nylon-pa6","https://www.printlog3d.com/library/nylon-pa6","200","internal","internal","","","false","","","","2026-08-31T09:33:58.401Z"
"https://www.printlog3d.com/library/petg","Nylon PA12 240-270 °C nozzle · 70-90 °C bed","https://www.printlog3d.com/library/nylon-pa12","https://www.printlog3d.com/library/nylon-pa12","200","internal","internal","","","false","","","","2026-08-31T09:33:58.401Z"
"https://www.printlog3d.com/library/petg","All 31 materials →","https://www.printlog3d.com/library","https://www.printlog3d.com/library","200","internal","internal","","","false","","","","2026-08-31T09:33:58.401Z"
"https://www.printlog3d.com/library/petg","How we source and check this","https://www.printlog3d.com/editorial-policy","https://www.printlog3d.com/editorial-policy","200","internal","internal","","","false","","","","2026-08-31T09:33:58.401Z"
"https://www.printlog3d.com/library/petg","Materials","https://www.printlog3d.com/library","https://www.printlog3d.com/library","200","internal","internal","","","false","","","","2026-08-31T09:33:58.401Z"
"https://www.printlog3d.com/library/petg","Guides","https://www.printlog3d.com/3d-printing-filament-guide","https://www.printlog3d.com/3d-printing-filament-guide","200","internal","internal","","","false","","","","2026-08-31T09:33:58.401Z"
"https://www.printlog3d.com/library/petg","Workshop","https://www.printlog3d.com/workshop","https://www.printlog3d.com/workshop","200","internal","internal","","","false","","","","2026-08-31T09:33:58.401Z"
"https://www.printlog3d.com/library/petg","Recommended Gear","https://www.printlog3d.com/recommended-gear","https://www.printlog3d.com/recommended-gear","200","internal","internal","","","false","","","","2026-08-31T09:33:58.401Z"
"https://www.printlog3d.com/library/petg","Get It Printed","https://www.printlog3d.com/get-it-printed","https://www.printlog3d.com/get-it-printed","200","internal","internal","","","false","","","","2026-08-31T09:33:58.401Z"
"https://www.printlog3d.com/library/petg","Free Download","https://www.printlog3d.com/free-download","https://www.printlog3d.com/free-download","200","internal","internal","","","false","","","","2026-08-31T09:33:58.401Z"
"https://www.printlog3d.com/library/petg","About","https://www.printlog3d.com/about","https://www.printlog3d.com/about","200","internal","internal","","","false","","","","2026-08-31T09:33:58.401Z"
"https://www.printlog3d.com/library/petg","Support","https://www.printlog3d.com/support","https://www.printlog3d.com/support","200","internal","internal","","","false","","","","2026-08-31T09:33:58.401Z"
"https://www.printlog3d.com/library/petg","Editorial policy","https://www.printlog3d.com/editorial-policy","https://www.printlog3d.com/editorial-policy","200","internal","internal","","","false","","","","2026-08-31T09:33:58.401Z"
"https://www.printlog3d.com/library/petg","Disclosure","https://www.printlog3d.com/disclosure","https://www.printlog3d.com/disclosure","200","internal","internal","","","false","","","","2026-08-31T09:33:58.401Z"
"https://www.printlog3d.com/library/petg","Privacy","https://www.printlog3d.com/privacy","https://www.printlog3d.com/privacy","200","internal","internal","","","false","","","","2026-08-31T09:33:58.401Z"
"https://www.printlog3d.com/library/petg","Terms","https://www.printlog3d.com/terms","https://www.printlog3d.com/terms","200","internal","internal","","","false","","","","2026-08-31T09:33:58.401Z"
"https://www.printlog3d.com/library/abs","","https://www.printlog3d.com/","https://www.printlog3d.com/","200","internal","internal","","","false","","","","2026-08-31T09:33:58.401Z"
"https://www.printlog3d.com/library/abs","Materials","https://www.printlog3d.com/library","https://www.printlog3d.com/library","200","internal","internal","","","false","","","","2026-08-31T09:33:58.401Z"
"https://www.printlog3d.com/library/abs","Guides","https://www.printlog3d.com/3d-printing-filament-guide","https://www.printlog3d.com/3d-printing-filament-guide","200","internal","internal","","","false","","","","2026-08-31T09:33:58.401Z"
"https://www.printlog3d.com/library/abs","Workshop","https://www.printlog3d.com/workshop","https://www.printlog3d.com/workshop","200","internal","internal","","","false","","","","2026-08-31T09:33:58.401Z"
"https://www.printlog3d.com/library/abs","Gear","https://www.printlog3d.com/recommended-gear","https://www.printlog3d.com/recommended-gear","200","internal","internal","","","false","","","","2026-08-31T09:33:58.401Z"
"https://www.printlog3d.com/library/abs","Get It Printed","https://www.printlog3d.com/get-it-printed","https://www.printlog3d.com/get-it-printed","200","internal","internal","","","false","","","","2026-08-31T09:33:58.401Z"
"https://www.printlog3d.com/library/abs","Free Download","https://www.printlog3d.com/free-download","https://www.printlog3d.com/free-download","200","internal","internal","","","false","","","","2026-08-31T09:33:58.401Z"
"https://www.printlog3d.com/library/abs","About","https://www.printlog3d.com/about","https://www.printlog3d.com/about","200","internal","internal","","","false","","","","2026-08-31T09:33:58.401Z"
"https://www.printlog3d.com/library/abs","Free Download","https://www.printlog3d.com/free-download","https://www.printlog3d.com/free-download","200","internal","internal","","","false","","","","2026-08-31T09:33:58.401Z"
"https://www.printlog3d.com/library/abs","Home","https://www.printlog3d.com/","https://www.printlog3d.com/","200","internal","internal","","","false","","","","2026-08-31T09:33:58.401Z"
"https://www.printlog3d.com/library/abs","Materials","https://www.printlog3d.com/library","https://www.printlog3d.com/library","200","internal","internal","","","false","","","","2026-08-31T09:33:58.401Z"
"https://www.printlog3d.com/library/abs","See ABS filament on Amazon","https://www.amazon.com/s?k=abs%20filament%201.75mm&tag=printlog3d-20","https://www.amazon.com/s?k=abs%20filament%201.75mm&tag=printlog3d-20","200","external","commercial","Amazon","amazon-associates","true","printlog3d-20","nofollow noopener noreferrer sponsored","","2026-08-31T09:33:58.401Z"
"https://www.printlog3d.com/library/abs","Compare all materials","https://www.printlog3d.com/library","https://www.printlog3d.com/library","200","internal","internal","","","false","","","","2026-08-31T09:33:58.401Z"
"https://www.printlog3d.com/library/abs","Get a quote","https://www.3dprinterondemand.com/instant-quote?source=printlog3d&source_page=%2Flibrary%2Fabs&placement=owned-service-material&material=ABS&campaign=printlog3d-referral","https://www.3dprinterondemand.com/instant-quote?source=printlog3d&source_page=%2Flibrary%2Fabs&placement=owned-service-material&material=ABS&campaign=printlog3d-referral","200","external","commercial","3DPrinterOnDemand","owned-service","n/a-no-credentials","","noopener noreferrer","","2026-08-31T09:33:58.401Z"
"https://www.printlog3d.com/library/abs","See filament dryer on Amazon","https://www.amazon.com/s?k=filament%20dryer%2065C&tag=printlog3d-20","https://www.amazon.com/s?k=filament%20dryer%2065C&tag=printlog3d-20","200","external","commercial","Amazon","amazon-associates","true","printlog3d-20","nofollow noopener noreferrer sponsored","","2026-08-31T09:33:58.401Z"
"https://www.printlog3d.com/library/abs","See printer enclosure on Amazon","https://www.amazon.com/s?k=3d%20printer%20enclosure&tag=printlog3d-20","https://www.amazon.com/s?k=3d%20printer%20enclosure&tag=printlog3d-20","200","external","commercial","Amazon","amazon-associates","true","printlog3d-20","nofollow noopener noreferrer sponsored","","2026-08-31T09:33:58.401Z"
"https://www.printlog3d.com/library/abs","See bed adhesion on Amazon","https://www.amazon.com/s?k=PEI%20build%20plate%203d%20printer&tag=printlog3d-20","https://www.amazon.com/s?k=PEI%20build%20plate%203d%20printer&tag=printlog3d-20","200","external","commercial","Amazon","amazon-associates","true","printlog3d-20","nofollow noopener noreferrer sponsored","","2026-08-31T09:33:58.401Z"
"https://www.printlog3d.com/library/abs","See heat-set threaded inserts on Amazon","https://www.amazon.com/s?k=threaded%20inserts%20m3%20brass&tag=printlog3d-20","https://www.amazon.com/s?k=threaded%20inserts%20m3%20brass&tag=printlog3d-20","200","external","commercial","Amazon","amazon-associates","true","printlog3d-20","nofollow noopener noreferrer sponsored","","2026-08-31T09:33:58.401Z"
"https://www.printlog3d.com/library/abs","See airtight storage with desiccant on Amazon","https://www.amazon.com/s?k=filament%20storage%20container%20desiccant&tag=printlog3d-20","https://www.amazon.com/s?k=filament%20storage%20container%20desiccant&tag=printlog3d-20","200","external","commercial","Amazon","amazon-associates","true","printlog3d-20","nofollow noopener noreferrer sponsored","","2026-08-31T09:33:58.401Z"
"https://www.printlog3d.com/library/abs","Read the ASA settings guide →","https://www.printlog3d.com/library/asa","https://www.printlog3d.com/library/asa","200","internal","internal","","","false","","","","2026-08-31T09:33:58.401Z"
"https://www.printlog3d.com/library/abs","3D print tolerance: what fits and what does not","https://www.printlog3d.com/workshop/3d-print-tolerance","https://www.printlog3d.com/workshop/3d-print-tolerance","200","internal","internal","","","false","","","","2026-08-31T09:33:58.401Z"
"https://www.printlog3d.com/library/abs","Removing supports and cleaning up a print","https://www.printlog3d.com/workshop/removing-supports-and-deburring","https://www.printlog3d.com/workshop/removing-supports-and-deburring","200","internal","internal","","","false","","","","2026-08-31T09:33:58.401Z"
"https://www.printlog3d.com/library/abs","Sanding and finishing a 3D print","https://www.printlog3d.com/workshop/sanding-and-finishing-3d-prints","https://www.printlog3d.com/workshop/sanding-and-finishing-3d-prints","200","internal","internal","","","false","","","","2026-08-31T09:33:58.401Z"
"https://www.printlog3d.com/library/abs","Heat-set threaded inserts in 3D printed parts","https://www.printlog3d.com/workshop/heat-set-inserts","https://www.printlog3d.com/workshop/heat-set-inserts","200","internal","internal","","","false","","","","2026-08-31T09:33:58.401Z"
"https://www.printlog3d.com/library/abs","3D printer calibration: what to do, and in what order","https://www.printlog3d.com/workshop/printer-calibration","https://www.printlog3d.com/workshop/printer-calibration","200","internal","internal","","","false","","","","2026-08-31T09:33:58.401Z"
"https://www.printlog3d.com/library/abs","Why your print is not sticking to the bed","https://www.printlog3d.com/workshop/bed-adhesion-and-first-layer","https://www.printlog3d.com/workshop/bed-adhesion-and-first-layer","200","internal","internal","","","false","","","","2026-08-31T09:33:58.401Z"
"https://www.printlog3d.com/library/abs","How to paint a 3D print so the finish lasts","https://www.printlog3d.com/workshop/painting-3d-prints","https://www.printlog3d.com/workshop/painting-3d-prints","200","internal","internal","","","false","","","","2026-08-31T09:33:58.401Z"
"https://www.printlog3d.com/library/abs","The best glue for 3D printed parts, by material","https://www.printlog3d.com/workshop/gluing-3d-printed-parts","https://www.printlog3d.com/workshop/gluing-3d-printed-parts","200","internal","internal","","","false","","","","2026-08-31T09:33:58.401Z"
"https://www.printlog3d.com/library/abs","PLA vs ABS: strength and heat compared","https://www.printlog3d.com/pla-vs-abs","https://www.printlog3d.com/pla-vs-abs","200","internal","internal","","","false","","","","2026-08-31T09:33:58.401Z"
"https://www.printlog3d.com/library/abs","ABS vs PETG: picking the tougher part","https://www.printlog3d.com/abs-vs-petg","https://www.printlog3d.com/abs-vs-petg","200","internal","internal","","","false","","","","2026-08-31T09:33:58.401Z"
"https://www.printlog3d.com/library/abs","How to dry filament properly","https://www.printlog3d.com/how-to-dry-filament","https://www.printlog3d.com/how-to-dry-filament","200","internal","internal","","","false","","","","2026-08-31T09:33:58.401Z"
"https://www.printlog3d.com/library/abs","The full filament guide","https://www.printlog3d.com/3d-printing-filament-guide","https://www.printlog3d.com/3d-printing-filament-guide","200","internal","internal","","","false","","","","2026-08-31T09:33:58.401Z"
"https://www.printlog3d.com/library/abs","ASA 235-255 °C nozzle · 90-110 °C bed","https://www.printlog3d.com/library/asa","https://www.printlog3d.com/library/asa","200","internal","internal","","","false","","","","2026-08-31T09:33:58.401Z"
"https://www.printlog3d.com/library/abs","PC 260-310 °C nozzle · 100-120 °C bed","https://www.printlog3d.com/library/pc","https://www.printlog3d.com/library/pc","200","internal","internal","","","false","","","","2026-08-31T09:33:58.401Z"
"https://www.printlog3d.com/library/abs","PEEK 370-420 °C nozzle · 120-160 °C bed","https://www.printlog3d.com/library/peek","https://www.printlog3d.com/library/peek","200","internal","internal","","","false","","","","2026-08-31T09:33:58.401Z"
"https://www.printlog3d.com/library/abs","Nylon PA6 230-260 °C nozzle · 70-90 °C bed","https://www.printlog3d.com/library/nylon-pa6","https://www.printlog3d.com/library/nylon-pa6","200","internal","internal","","","false","","","","2026-08-31T09:33:58.401Z"
"https://www.printlog3d.com/library/abs","Nylon PA12 240-270 °C nozzle · 70-90 °C bed","https://www.printlog3d.com/library/nylon-pa12","https://www.printlog3d.com/library/nylon-pa12","200","internal","internal","","","false","","","","2026-08-31T09:33:58.401Z"
"https://www.printlog3d.com/library/abs","PA-CF 260-280 °C nozzle · 80-100 °C bed","https://www.printlog3d.com/library/pa-cf","https://www.printlog3d.com/library/pa-cf","200","internal","internal","","","false","","","","2026-08-31T09:33:58.401Z"
"https://www.printlog3d.com/library/abs","All 31 materials →","https://www.printlog3d.com/library","https://www.printlog3d.com/library","200","internal","internal","","","false","","","","2026-08-31T09:33:58.401Z"
"https://www.printlog3d.com/library/abs","How we source and check this","https://www.printlog3d.com/editorial-policy","https://www.printlog3d.com/editorial-policy","200","internal","internal","","","false","","","","2026-08-31T09:33:58.401Z"
"https://www.printlog3d.com/library/abs","Materials","https://www.printlog3d.com/library","https://www.printlog3d.com/library","200","internal","internal","","","false","","","","2026-08-31T09:33:58.401Z"
"https://www.printlog3d.com/library/abs","Guides","https://www.printlog3d.com/3d-printing-filament-guide","https://www.printlog3d.com/3d-printing-filament-guide","200","internal","internal","","","false","","","","2026-08-31T09:33:58.401Z"
"https://www.printlog3d.com/library/abs","Workshop","https://www.printlog3d.com/workshop","https://www.printlog3d.com/workshop","200","internal","internal","","","false","","","","2026-08-31T09:33:58.401Z"
"https://www.printlog3d.com/library/abs","Recommended Gear","https://www.printlog3d.com/recommended-gear","https://www.printlog3d.com/recommended-gear","200","internal","internal","","","false","","","","2026-08-31T09:33:58.401Z"
"https://www.printlog3d.com/library/abs","Get It Printed","https://www.printlog3d.com/get-it-printed","https://www.printlog3d.com/get-it-printed","200","internal","internal","","","false","","","","2026-08-31T09:33:58.401Z"
"https://www.printlog3d.com/library/abs","Free Download","https://www.printlog3d.com/free-download","https://www.printlog3d.com/free-download","200","internal","internal","","","false","","","","2026-08-31T09:33:58.401Z"
"https://www.printlog3d.com/library/abs","About","https://www.printlog3d.com/about","https://www.printlog3d.com/about","200","internal","internal","","","false","","","","2026-08-31T09:33:58.401Z"
"https://www.printlog3d.com/library/abs","Support","https://www.printlog3d.com/support","https://www.printlog3d.com/support","200","internal","internal","","","false","","","","2026-08-31T09:33:58.401Z"
"https://www.printlog3d.com/library/abs","Editorial policy","https://www.printlog3d.com/editorial-policy","https://www.printlog3d.com/editorial-policy","200","internal","internal","","","false","","","","2026-08-31T09:33:58.401Z"
"https://www.printlog3d.com/library/abs","Disclosure","https://www.printlog3d.com/disclosure","https://www.printlog3d.com/disclosure","200","internal","internal","","","false","","","","2026-08-31T09:33:58.401Z"
"https://www.printlog3d.com/library/abs","Privacy","https://www.printlog3d.com/privacy","https://www.printlog3d.com/privacy","200","internal","internal","","","false","","","","2026-08-31T09:33:58.401Z"
"https://www.printlog3d.com/library/abs","Terms","https://www.printlog3d.com/terms","https://www.printlog3d.com/terms","200","internal","internal","","","false","","","","2026-08-31T09:33:58.401Z"
"https://www.printlog3d.com/library/asa","","https://www.printlog3d.com/","https://www.printlog3d.com/","200","internal","internal","","","false","","","","2026-08-31T09:33:58.401Z"
"https://www.printlog3d.com/library/asa","Materials","https://www.printlog3d.com/library","https://www.printlog3d.com/library","200","internal","internal","","","false","","","","2026-08-31T09:33:58.401Z"
"https://www.printlog3d.com/library/asa","Guides","https://www.printlog3d.com/3d-printing-filament-guide","https://www.printlog3d.com/3d-printing-filament-guide","200","internal","internal","","","false","","","","2026-08-31T09:33:58.401Z"
"https://www.printlog3d.com/library/asa","Workshop","https://www.printlog3d.com/workshop","https://www.printlog3d.com/workshop","200","internal","internal","","","false","","","","2026-08-31T09:33:58.401Z"
"https://www.printlog3d.com/library/asa","Gear","https://www.printlog3d.com/recommended-gear","https://www.printlog3d.com/recommended-gear","200","internal","internal","","","false","","","","2026-08-31T09:33:58.401Z"
"https://www.printlog3d.com/library/asa","Get It Printed","https://www.printlog3d.com/get-it-printed","https://www.printlog3d.com/get-it-printed","200","internal","internal","","","false","","","","2026-08-31T09:33:58.401Z"
"https://www.printlog3d.com/library/asa","Free Download","https://www.printlog3d.com/free-download","https://www.printlog3d.com/free-download","200","internal","internal","","","false","","","","2026-08-31T09:33:58.401Z"
"https://www.printlog3d.com/library/asa","About","https://www.printlog3d.com/about","https://www.printlog3d.com/about","200","internal","internal","","","false","","","","2026-08-31T09:33:58.401Z"
"https://www.printlog3d.com/library/asa","Free Download","https://www.printlog3d.com/free-download","https://www.printlog3d.com/free-download","200","internal","internal","","","false","","","","2026-08-31T09:33:58.401Z"
"https://www.printlog3d.com/library/asa","Home","https://www.printlog3d.com/","https://www.printlog3d.com/","200","internal","internal","","","false","","","","2026-08-31T09:33:58.401Z"
"https://www.printlog3d.com/library/asa","Materials","https://www.printlog3d.com/library","https://www.printlog3d.com/library","200","internal","internal","","","false","","","","2026-08-31T09:33:58.401Z"
"https://www.printlog3d.com/library/asa","See ASA filament on Amazon","https://www.amazon.com/s?k=asa%20filament%201.75mm&tag=printlog3d-20","https://www.amazon.com/s?k=asa%20filament%201.75mm&tag=printlog3d-20","200","external","commercial","Amazon","amazon-associates","true","printlog3d-20","nofollow noopener noreferrer sponsored","","2026-08-31T09:33:58.401Z"
"https://www.printlog3d.com/library/asa","Compare all materials","https://www.printlog3d.com/library","https://www.printlog3d.com/library","200","internal","internal","","","false","","","","2026-08-31T09:33:58.401Z"
"https://www.printlog3d.com/library/asa","See filament dryer on Amazon","https://www.amazon.com/s?k=filament%20dryer%20nylon&tag=printlog3d-20","https://www.amazon.com/s?k=filament%20dryer%20nylon&tag=printlog3d-20","200","external","commercial","Amazon","amazon-associates","true","printlog3d-20","nofollow noopener noreferrer sponsored","","2026-08-31T09:33:58.401Z"
"https://www.printlog3d.com/library/asa","See printer enclosure on Amazon","https://www.amazon.com/s?k=3d%20printer%20enclosure&tag=printlog3d-20","https://www.amazon.com/s?k=3d%20printer%20enclosure&tag=printlog3d-20","200","external","commercial","Amazon","amazon-associates","true","printlog3d-20","nofollow noopener noreferrer sponsored","","2026-08-31T09:33:58.401Z"
"https://www.printlog3d.com/library/asa","See bed adhesion on Amazon","https://www.amazon.com/s?k=PEI%20build%20plate%203d%20printer&tag=printlog3d-20","https://www.amazon.com/s?k=PEI%20build%20plate%203d%20printer&tag=printlog3d-20","200","external","commercial","Amazon","amazon-associates","true","printlog3d-20","nofollow noopener noreferrer sponsored","","2026-08-31T09:33:58.401Z"
"https://www.printlog3d.com/library/asa","See heat-set threaded inserts on Amazon","https://www.amazon.com/s?k=threaded%20inserts%20m3%20brass&tag=printlog3d-20","https://www.amazon.com/s?k=threaded%20inserts%20m3%20brass&tag=printlog3d-20","200","external","commercial","Amazon","amazon-associates","true","printlog3d-20","nofollow noopener noreferrer sponsored","","2026-08-31T09:33:58.401Z"
"https://www.printlog3d.com/library/asa","See airtight storage with desiccant on Amazon","https://www.amazon.com/s?k=filament%20storage%20container%20desiccant&tag=printlog3d-20","https://www.amazon.com/s?k=filament%20storage%20container%20desiccant&tag=printlog3d-20","200","external","commercial","Amazon","amazon-associates","true","printlog3d-20","nofollow noopener noreferrer sponsored","","2026-08-31T09:33:58.401Z"
"https://www.printlog3d.com/library/asa","Read the ABS settings guide →","https://www.printlog3d.com/library/abs","https://www.printlog3d.com/library/abs","200","internal","internal","","","false","","","","2026-08-31T09:33:58.401Z"
"https://www.printlog3d.com/library/asa","Why your print is not sticking to the bed","https://www.printlog3d.com/workshop/bed-adhesion-and-first-layer","https://www.printlog3d.com/workshop/bed-adhesion-and-first-layer","200","internal","internal","","","false","","","","2026-08-31T09:33:58.401Z"
"https://www.printlog3d.com/library/asa","How to paint a 3D print so the finish lasts","https://www.printlog3d.com/workshop/painting-3d-prints","https://www.printlog3d.com/workshop/painting-3d-prints","200","internal","internal","","","false","","","","2026-08-31T09:33:58.401Z"
"https://www.printlog3d.com/library/asa","The best glue for 3D printed parts, by material","https://www.printlog3d.com/workshop/gluing-3d-printed-parts","https://www.printlog3d.com/workshop/gluing-3d-printed-parts","200","internal","internal","","","false","","","","2026-08-31T09:33:58.401Z"
"https://www.printlog3d.com/library/asa","PLA vs ABS: strength and heat compared","https://www.printlog3d.com/pla-vs-abs","https://www.printlog3d.com/pla-vs-abs","200","internal","internal","","","false","","","","2026-08-31T09:33:58.401Z"
"https://www.printlog3d.com/library/asa","ABS vs PETG: picking the tougher part","https://www.printlog3d.com/abs-vs-petg","https://www.printlog3d.com/abs-vs-petg","200","internal","internal","","","false","","","","2026-08-31T09:33:58.401Z"
"https://www.printlog3d.com/library/asa","How to dry filament properly","https://www.printlog3d.com/how-to-dry-filament","https://www.printlog3d.com/how-to-dry-filament","200","internal","internal","","","false","","","","2026-08-31T09:33:58.401Z"
"https://www.printlog3d.com/library/asa","The full filament guide","https://www.printlog3d.com/3d-printing-filament-guide","https://www.printlog3d.com/3d-printing-filament-guide","200","internal","internal","","","false","","","","2026-08-31T09:33:58.401Z"
"https://www.printlog3d.com/library/asa","PC 260-310 °C nozzle · 100-120 °C bed","https://www.printlog3d.com/library/pc","https://www.printlog3d.com/library/pc","200","internal","internal","","","false","","","","2026-08-31T09:33:58.401Z"
"https://www.printlog3d.com/library/asa","PEEK 370-420 °C nozzle · 120-160 °C bed","https://www.printlog3d.com/library/peek","https://www.printlog3d.com/library/peek","200","internal","internal","","","false","","","","2026-08-31T09:33:58.401Z"
"https://www.printlog3d.com/library/asa","Nylon PA6 230-260 °C nozzle · 70-90 °C bed","https://www.printlog3d.com/library/nylon-pa6","https://www.printlog3d.com/library/nylon-pa6","200","internal","internal","","","false","","","","2026-08-31T09:33:58.401Z"
"https://www.printlog3d.com/library/asa","Nylon PA12 240-270 °C nozzle · 70-90 °C bed","https://www.printlog3d.com/library/nylon-pa12","https://www.printlog3d.com/library/nylon-pa12","200","internal","internal","","","false","","","","2026-08-31T09:33:58.401Z"
"https://www.printlog3d.com/library/asa","PA-CF 260-280 °C nozzle · 80-100 °C bed","https://www.printlog3d.com/library/pa-cf","https://www.printlog3d.com/library/pa-cf","200","internal","internal","","","false","","","","2026-08-31T09:33:58.401Z"
"https://www.printlog3d.com/library/asa","PETG-CF 240-260 °C nozzle · 80-90 °C bed","https://www.printlog3d.com/library/petg-cf","https://www.printlog3d.com/library/petg-cf","200","internal","internal","","","false","","","","2026-08-31T09:33:58.401Z"
"https://www.printlog3d.com/library/asa","All 31 materials →","https://www.printlog3d.com/library","https://www.printlog3d.com/library","200","internal","internal","","","false","","","","2026-08-31T09:33:58.401Z"
"https://www.printlog3d.com/library/asa","How we source and check this","https://www.printlog3d.com/editorial-policy","https://www.printlog3d.com/editorial-policy","200","internal","internal","","","false","","","","2026-08-31T09:33:58.401Z"
"https://www.printlog3d.com/library/asa","Materials","https://www.printlog3d.com/library","https://www.printlog3d.com/library","200","internal","internal","","","false","","","","2026-08-31T09:33:58.401Z"
"https://www.printlog3d.com/library/asa","Guides","https://www.printlog3d.com/3d-printing-filament-guide","https://www.printlog3d.com/3d-printing-filament-guide","200","internal","internal","","","false","","","","2026-08-31T09:33:58.401Z"
"https://www.printlog3d.com/library/asa","Workshop","https://www.printlog3d.com/workshop","https://www.printlog3d.com/workshop","200","internal","internal","","","false","","","","2026-08-31T09:33:58.401Z"
"https://www.printlog3d.com/library/asa","Recommended Gear","https://www.printlog3d.com/recommended-gear","https://www.printlog3d.com/recommended-gear","200","internal","internal","","","false","","","","2026-08-31T09:33:58.401Z"
"https://www.printlog3d.com/library/asa","Get It Printed","https://www.printlog3d.com/get-it-printed","https://www.printlog3d.com/get-it-printed","200","internal","internal","","","false","","","","2026-08-31T09:33:58.401Z"
"https://www.printlog3d.com/library/asa","Free Download","https://www.printlog3d.com/free-download","https://www.printlog3d.com/free-download","200","internal","internal","","","false","","","","2026-08-31T09:33:58.401Z"
"https://www.printlog3d.com/library/asa","About","https://www.printlog3d.com/about","https://www.printlog3d.com/about","200","internal","internal","","","false","","","","2026-08-31T09:33:58.401Z"
"https://www.printlog3d.com/library/asa","Support","https://www.printlog3d.com/support","https://www.printlog3d.com/support","200","internal","internal","","","false","","","","2026-08-31T09:33:58.401Z"
"https://www.printlog3d.com/library/asa","Editorial policy","https://www.printlog3d.com/editorial-policy","https://www.printlog3d.com/editorial-policy","200","internal","internal","","","false","","","","2026-08-31T09:33:58.401Z"
"https://www.printlog3d.com/library/asa","Disclosure","https://www.printlog3d.com/disclosure","https://www.printlog3d.com/disclosure","200","internal","internal","","","false","","","","2026-08-31T09:33:58.401Z"
"https://www.printlog3d.com/library/asa","Privacy","https://www.printlog3d.com/privacy","https://www.printlog3d.com/privacy","200","internal","internal","","","false","","","","2026-08-31T09:33:58.401Z"
"https://www.printlog3d.com/library/asa","Terms","https://www.printlog3d.com/terms","https://www.printlog3d.com/terms","200","internal","internal","","","false","","","","2026-08-31T09:33:58.401Z"
"https://www.printlog3d.com/library/pc","","https://www.printlog3d.com/","https://www.printlog3d.com/","200","internal","internal","","","false","","","","2026-08-31T09:33:58.401Z"
"https://www.printlog3d.com/library/pc","Materials","https://www.printlog3d.com/library","https://www.printlog3d.com/library","200","internal","internal","","","false","","","","2026-08-31T09:33:58.401Z"
"https://www.printlog3d.com/library/pc","Guides","https://www.printlog3d.com/3d-printing-filament-guide","https://www.printlog3d.com/3d-printing-filament-guide","200","internal","internal","","","false","","","","2026-08-31T09:33:58.401Z"
"https://www.printlog3d.com/library/pc","Workshop","https://www.printlog3d.com/workshop","https://www.printlog3d.com/workshop","200","internal","internal","","","false","","","","2026-08-31T09:33:58.401Z"
"https://www.printlog3d.com/library/pc","Gear","https://www.printlog3d.com/recommended-gear","https://www.printlog3d.com/recommended-gear","200","internal","internal","","","false","","","","2026-08-31T09:33:58.401Z"
"https://www.printlog3d.com/library/pc","Get It Printed","https://www.printlog3d.com/get-it-printed","https://www.printlog3d.com/get-it-printed","200","internal","internal","","","false","","","","2026-08-31T09:33:58.401Z"
"https://www.printlog3d.com/library/pc","Free Download","https://www.printlog3d.com/free-download","https://www.printlog3d.com/free-download","200","internal","internal","","","false","","","","2026-08-31T09:33:58.401Z"
"https://www.printlog3d.com/library/pc","About","https://www.printlog3d.com/about","https://www.printlog3d.com/about","200","internal","internal","","","false","","","","2026-08-31T09:33:58.401Z"
"https://www.printlog3d.com/library/pc","Free Download","https://www.printlog3d.com/free-download","https://www.printlog3d.com/free-download","200","internal","internal","","","false","","","","2026-08-31T09:33:58.401Z"
"https://www.printlog3d.com/library/pc","Home","https://www.printlog3d.com/","https://www.printlog3d.com/","200","internal","internal","","","false","","","","2026-08-31T09:33:58.401Z"
"https://www.printlog3d.com/library/pc","Materials","https://www.printlog3d.com/library","https://www.printlog3d.com/library","200","internal","internal","","","false","","","","2026-08-31T09:33:58.401Z"
"https://www.printlog3d.com/library/pc","Xometry","https://www.xometry.com/","https://www.xometry.com/","200","external","editorial","Xometry","","false","","noopener noreferrer","","2026-08-31T09:33:58.401Z"
"https://www.printlog3d.com/library/pc","Treatstock","https://www.treatstock.com/","https://www.treatstock.com/","200","external","commercial","Treatstock","treatstock","n/a-no-credentials","","noopener noreferrer","","2026-08-31T09:33:58.401Z"
"https://www.printlog3d.com/library/pc","MatterHackers","https://www.matterhackers.com/","https://www.matterhackers.com/","200","external","commercial","MatterHackers","matterhackers","n/a-no-credentials","","noopener noreferrer","","2026-08-31T09:33:58.401Z"
"https://www.printlog3d.com/library/pc","Printed Solid","https://www.printedsolid.com/","https://www.printedsolid.com/","200","external","editorial","Printed Solid","","false","","noopener noreferrer","","2026-08-31T09:33:58.401Z"
"https://www.printlog3d.com/library/pc","Check Amazon for PC","https://www.amazon.com/s?k=pc%20filament%201.75mm&tag=printlog3d-20","https://www.amazon.com/s?k=pc%20filament%201.75mm&tag=printlog3d-20","200","external","commercial","Amazon","amazon-associates","true","printlog3d-20","nofollow noopener noreferrer sponsored","","2026-08-31T09:33:58.401Z"
"https://www.printlog3d.com/library/pc","Compare all materials","https://www.printlog3d.com/library","https://www.printlog3d.com/library","200","internal","internal","","","false","","","","2026-08-31T09:33:58.401Z"
"https://www.printlog3d.com/library/pc","See filament dryer on Amazon","https://www.amazon.com/s?k=filament%20dryer%20nylon&tag=printlog3d-20","https://www.amazon.com/s?k=filament%20dryer%20nylon&tag=printlog3d-20","200","external","commercial","Amazon","amazon-associates","true","printlog3d-20","nofollow noopener noreferrer sponsored","","2026-08-31T09:33:58.401Z"
"https://www.printlog3d.com/library/pc","See printer enclosure on Amazon","https://www.amazon.com/s?k=3d%20printer%20enclosure&tag=printlog3d-20","https://www.amazon.com/s?k=3d%20printer%20enclosure&tag=printlog3d-20","200","external","commercial","Amazon","amazon-associates","true","printlog3d-20","nofollow noopener noreferrer sponsored","","2026-08-31T09:33:58.401Z"
"https://www.printlog3d.com/library/pc","See bed adhesion on Amazon","https://www.amazon.com/s?k=PEI%20build%20plate%203d%20printer&tag=printlog3d-20","https://www.amazon.com/s?k=PEI%20build%20plate%203d%20printer&tag=printlog3d-20","200","external","commercial","Amazon","amazon-associates","true","printlog3d-20","nofollow noopener noreferrer sponsored","","2026-08-31T09:33:58.401Z"
"https://www.printlog3d.com/library/pc","See heat-set threaded inserts on Amazon","https://www.amazon.com/s?k=threaded%20inserts%20m3%20brass&tag=printlog3d-20","https://www.amazon.com/s?k=threaded%20inserts%20m3%20brass&tag=printlog3d-20","200","external","commercial","Amazon","amazon-associates","true","printlog3d-20","nofollow noopener noreferrer sponsored","","2026-08-31T09:33:58.401Z"
"https://www.printlog3d.com/library/pc","See airtight storage with desiccant on Amazon","https://www.amazon.com/s?k=filament%20storage%20container%20desiccant&tag=printlog3d-20","https://www.amazon.com/s?k=filament%20storage%20container%20desiccant&tag=printlog3d-20","200","external","commercial","Amazon","amazon-associates","true","printlog3d-20","nofollow noopener noreferrer sponsored","","2026-08-31T09:33:58.401Z"
"https://www.printlog3d.com/library/pc","Read the PA-CF settings guide →","https://www.printlog3d.com/library/pa-cf","https://www.printlog3d.com/library/pa-cf","200","internal","internal","","","false","","","","2026-08-31T09:33:58.401Z"
"https://www.printlog3d.com/library/pc","How to store 3D printer filament","https://www.printlog3d.com/workshop/filament-storage","https://www.printlog3d.com/workshop/filament-storage","200","internal","internal","","","false","","","","2026-08-31T09:33:58.401Z"
"https://www.printlog3d.com/library/pc","Why your print is not sticking to the bed","https://www.printlog3d.com/workshop/bed-adhesion-and-first-layer","https://www.printlog3d.com/workshop/bed-adhesion-and-first-layer","200","internal","internal","","","false","","","","2026-08-31T09:33:58.401Z"
"https://www.printlog3d.com/library/pc","How to dry filament properly","https://www.printlog3d.com/how-to-dry-filament","https://www.printlog3d.com/how-to-dry-filament","200","internal","internal","","","false","","","","2026-08-31T09:33:58.401Z"
"https://www.printlog3d.com/library/pc","The full filament guide","https://www.printlog3d.com/3d-printing-filament-guide","https://www.printlog3d.com/3d-printing-filament-guide","200","internal","internal","","","false","","","","2026-08-31T09:33:58.401Z"
"https://www.printlog3d.com/library/pc","PEEK 370-420 °C nozzle · 120-160 °C bed","https://www.printlog3d.com/library/peek","https://www.printlog3d.com/library/peek","200","internal","internal","","","false","","","","2026-08-31T09:33:58.401Z"
"https://www.printlog3d.com/library/pc","Nylon PA6 230-260 °C nozzle · 70-90 °C bed","https://www.printlog3d.com/library/nylon-pa6","https://www.printlog3d.com/library/nylon-pa6","200","internal","internal","","","false","","","","2026-08-31T09:33:58.401Z"
"https://www.printlog3d.com/library/pc","Nylon PA12 240-270 °C nozzle · 70-90 °C bed","https://www.printlog3d.com/library/nylon-pa12","https://www.printlog3d.com/library/nylon-pa12","200","internal","internal","","","false","","","","2026-08-31T09:33:58.401Z"
"https://www.printlog3d.com/library/pc","PA-CF 260-280 °C nozzle · 80-100 °C bed","https://www.printlog3d.com/library/pa-cf","https://www.printlog3d.com/library/pa-cf","200","internal","internal","","","false","","","","2026-08-31T09:33:58.401Z"
"https://www.printlog3d.com/library/pc","PETG-CF 240-260 °C nozzle · 80-90 °C bed","https://www.printlog3d.com/library/petg-cf","https://www.printlog3d.com/library/petg-cf","200","internal","internal","","","false","","","","2026-08-31T09:33:58.401Z"
"https://www.printlog3d.com/library/pc","PCTG 230-250 °C nozzle · 70-85 °C bed","https://www.printlog3d.com/library/pctg","https://www.printlog3d.com/library/pctg","200","internal","internal","","","false","","","","2026-08-31T09:33:58.401Z"
"https://www.printlog3d.com/library/pc","All 31 materials →","https://www.printlog3d.com/library","https://www.printlog3d.com/library","200","internal","internal","","","false","","","","2026-08-31T09:33:58.401Z"
"https://www.printlog3d.com/library/pc","How we source and check this","https://www.printlog3d.com/editorial-policy","https://www.printlog3d.com/editorial-policy","200","internal","internal","","","false","","","","2026-08-31T09:33:58.401Z"
"https://www.printlog3d.com/library/pc","Materials","https://www.printlog3d.com/library","https://www.printlog3d.com/library","200","internal","internal","","","false","","","","2026-08-31T09:33:58.401Z"
"https://www.printlog3d.com/library/pc","Guides","https://www.printlog3d.com/3d-printing-filament-guide","https://www.printlog3d.com/3d-printing-filament-guide","200","internal","internal","","","false","","","","2026-08-31T09:33:58.401Z"
"https://www.printlog3d.com/library/pc","Workshop","https://www.printlog3d.com/workshop","https://www.printlog3d.com/workshop","200","internal","internal","","","false","","","","2026-08-31T09:33:58.401Z"
"https://www.printlog3d.com/library/pc","Recommended Gear","https://www.printlog3d.com/recommended-gear","https://www.printlog3d.com/recommended-gear","200","internal","internal","","","false","","","","2026-08-31T09:33:58.401Z"
"https://www.printlog3d.com/library/pc","Get It Printed","https://www.printlog3d.com/get-it-printed","https://www.printlog3d.com/get-it-printed","200","internal","internal","","","false","","","","2026-08-31T09:33:58.401Z"
"https://www.printlog3d.com/library/pc","Free Download","https://www.printlog3d.com/free-download","https://www.printlog3d.com/free-download","200","internal","internal","","","false","","","","2026-08-31T09:33:58.401Z"
"https://www.printlog3d.com/library/pc","About","https://www.printlog3d.com/about","https://www.printlog3d.com/about","200","internal","internal","","","false","","","","2026-08-31T09:33:58.401Z"
"https://www.printlog3d.com/library/pc","Support","https://www.printlog3d.com/support","https://www.printlog3d.com/support","200","internal","internal","","","false","","","","2026-08-31T09:33:58.401Z"
"https://www.printlog3d.com/library/pc","Editorial policy","https://www.printlog3d.com/editorial-policy","https://www.printlog3d.com/editorial-policy","200","internal","internal","","","false","","","","2026-08-31T09:33:58.401Z"
"https://www.printlog3d.com/library/pc","Disclosure","https://www.printlog3d.com/disclosure","https://www.printlog3d.com/disclosure","200","internal","internal","","","false","","","","2026-08-31T09:33:58.401Z"
"https://www.printlog3d.com/library/pc","Privacy","https://www.printlog3d.com/privacy","https://www.printlog3d.com/privacy","200","internal","internal","","","false","","","","2026-08-31T09:33:58.401Z"
"https://www.printlog3d.com/library/pc","Terms","https://www.printlog3d.com/terms","https://www.printlog3d.com/terms","200","internal","internal","","","false","","","","2026-08-31T09:33:58.401Z"
"https://www.printlog3d.com/library/peek","","https://www.printlog3d.com/","https://www.printlog3d.com/","200","internal","internal","","","false","","","","2026-08-31T09:33:58.401Z"
"https://www.printlog3d.com/library/peek","Materials","https://www.printlog3d.com/library","https://www.printlog3d.com/library","200","internal","internal","","","false","","","","2026-08-31T09:33:58.401Z"
"https://www.printlog3d.com/library/peek","Guides","https://www.printlog3d.com/3d-printing-filament-guide","https://www.printlog3d.com/3d-printing-filament-guide","200","internal","internal","","","false","","","","2026-08-31T09:33:58.401Z"
"https://www.printlog3d.com/library/peek","Workshop","https://www.printlog3d.com/workshop","https://www.printlog3d.com/workshop","200","internal","internal","","","false","","","","2026-08-31T09:33:58.401Z"
"https://www.printlog3d.com/library/peek","Gear","https://www.printlog3d.com/recommended-gear","https://www.printlog3d.com/recommended-gear","200","internal","internal","","","false","","","","2026-08-31T09:33:58.401Z"
"https://www.printlog3d.com/library/peek","Get It Printed","https://www.printlog3d.com/get-it-printed","https://www.printlog3d.com/get-it-printed","200","internal","internal","","","false","","","","2026-08-31T09:33:58.401Z"
"https://www.printlog3d.com/library/peek","Free Download","https://www.printlog3d.com/free-download","https://www.printlog3d.com/free-download","200","internal","internal","","","false","","","","2026-08-31T09:33:58.401Z"
"https://www.printlog3d.com/library/peek","About","https://www.printlog3d.com/about","https://www.printlog3d.com/about","200","internal","internal","","","false","","","","2026-08-31T09:33:58.401Z"
"https://www.printlog3d.com/library/peek","Free Download","https://www.printlog3d.com/free-download","https://www.printlog3d.com/free-download","200","internal","internal","","","false","","","","2026-08-31T09:33:58.401Z"
"https://www.printlog3d.com/library/peek","Home","https://www.printlog3d.com/","https://www.printlog3d.com/","200","internal","internal","","","false","","","","2026-08-31T09:33:58.401Z"
"https://www.printlog3d.com/library/peek","Materials","https://www.printlog3d.com/library","https://www.printlog3d.com/library","200","internal","internal","","","false","","","","2026-08-31T09:33:58.401Z"
"https://www.printlog3d.com/library/peek","Xometry","https://www.xometry.com/","https://www.xometry.com/","200","external","editorial","Xometry","","false","","noopener noreferrer","","2026-08-31T09:33:58.401Z"
"https://www.printlog3d.com/library/peek","JLC3DP","https://jlc3dp.com/","https://jlc3dp.com/","200","external","editorial","JLC3DP","","false","","noopener noreferrer","","2026-08-31T09:33:58.401Z"
"https://www.printlog3d.com/library/peek","MatterHackers","https://www.matterhackers.com/","https://www.matterhackers.com/","200","external","commercial","MatterHackers","matterhackers","n/a-no-credentials","","noopener noreferrer","","2026-08-31T09:33:58.401Z"
"https://www.printlog3d.com/library/peek","Printed Solid","https://www.printedsolid.com/","https://www.printedsolid.com/","200","external","editorial","Printed Solid","","false","","noopener noreferrer","","2026-08-31T09:33:58.401Z"
"https://www.printlog3d.com/library/peek","Check Amazon for PEEK","https://www.amazon.com/s?k=PEEK%203D%20printer%20filament&tag=printlog3d-20","https://www.amazon.com/s?k=PEEK%203D%20printer%20filament&tag=printlog3d-20","200","external","commercial","Amazon","amazon-associates","true","printlog3d-20","nofollow noopener noreferrer sponsored","","2026-08-31T09:33:58.401Z"
"https://www.printlog3d.com/library/peek","Compare all materials","https://www.printlog3d.com/library","https://www.printlog3d.com/library","200","internal","internal","","","false","","","","2026-08-31T09:33:58.401Z"
"https://www.printlog3d.com/library/peek","See high-temperature oven on Amazon","https://www.amazon.com/s?k=laboratory%20drying%20oven&tag=printlog3d-20","https://www.amazon.com/s?k=laboratory%20drying%20oven&tag=printlog3d-20","200","external","commercial","Amazon","amazon-associates","true","printlog3d-20","nofollow noopener noreferrer sponsored","","2026-08-31T09:33:58.401Z"
"https://www.printlog3d.com/library/peek","See printer enclosure on Amazon","https://www.amazon.com/s?k=3d%20printer%20enclosure&tag=printlog3d-20","https://www.amazon.com/s?k=3d%20printer%20enclosure&tag=printlog3d-20","200","external","commercial","Amazon","amazon-associates","true","printlog3d-20","nofollow noopener noreferrer sponsored","","2026-08-31T09:33:58.401Z"
"https://www.printlog3d.com/library/peek","See bed adhesion on Amazon","https://www.amazon.com/s?k=PEI%20build%20plate%203d%20printer&tag=printlog3d-20","https://www.amazon.com/s?k=PEI%20build%20plate%203d%20printer&tag=printlog3d-20","200","external","commercial","Amazon","amazon-associates","true","printlog3d-20","nofollow noopener noreferrer sponsored","","2026-08-31T09:33:58.401Z"
"https://www.printlog3d.com/library/peek","See airtight storage with desiccant on Amazon","https://www.amazon.com/s?k=filament%20storage%20container%20desiccant&tag=printlog3d-20","https://www.amazon.com/s?k=filament%20storage%20container%20desiccant&tag=printlog3d-20","200","external","commercial","Amazon","amazon-associates","true","printlog3d-20","nofollow noopener noreferrer sponsored","","2026-08-31T09:33:58.401Z"
"https://www.printlog3d.com/library/peek","Read the PC settings guide →","https://www.printlog3d.com/library/pc","https://www.printlog3d.com/library/pc","200","internal","internal","","","false","","","","2026-08-31T09:33:58.401Z"
"https://www.printlog3d.com/library/peek","3D print tolerance: what fits and what does not","https://www.printlog3d.com/workshop/3d-print-tolerance","https://www.printlog3d.com/workshop/3d-print-tolerance","200","internal","internal","","","false","","","","2026-08-31T09:33:58.401Z"
"https://www.printlog3d.com/library/peek","How to store 3D printer filament","https://www.printlog3d.com/workshop/filament-storage","https://www.printlog3d.com/workshop/filament-storage","200","internal","internal","","","false","","","","2026-08-31T09:33:58.401Z"
"https://www.printlog3d.com/library/peek","Why your print is not sticking to the bed","https://www.printlog3d.com/workshop/bed-adhesion-and-first-layer","https://www.printlog3d.com/workshop/bed-adhesion-and-first-layer","200","internal","internal","","","false","","","","2026-08-31T09:33:58.401Z"
"https://www.printlog3d.com/library/peek","How to dry filament properly","https://www.printlog3d.com/how-to-dry-filament","https://www.printlog3d.com/how-to-dry-filament","200","internal","internal","","","false","","","","2026-08-31T09:33:58.401Z"
"https://www.printlog3d.com/library/peek","The full filament guide","https://www.printlog3d.com/3d-printing-filament-guide","https://www.printlog3d.com/3d-printing-filament-guide","200","internal","internal","","","false","","","","2026-08-31T09:33:58.401Z"
"https://www.printlog3d.com/library/peek","Nylon PA6 230-260 °C nozzle · 70-90 °C bed","https://www.printlog3d.com/library/nylon-pa6","https://www.printlog3d.com/library/nylon-pa6","200","internal","internal","","","false","","","","2026-08-31T09:33:58.401Z"
"https://www.printlog3d.com/library/peek","Nylon PA12 240-270 °C nozzle · 70-90 °C bed","https://www.printlog3d.com/library/nylon-pa12","https://www.printlog3d.com/library/nylon-pa12","200","internal","internal","","","false","","","","2026-08-31T09:33:58.401Z"
"https://www.printlog3d.com/library/peek","PA-CF 260-280 °C nozzle · 80-100 °C bed","https://www.printlog3d.com/library/pa-cf","https://www.printlog3d.com/library/pa-cf","200","internal","internal","","","false","","","","2026-08-31T09:33:58.401Z"
"https://www.printlog3d.com/library/peek","PETG-CF 240-260 °C nozzle · 80-90 °C bed","https://www.printlog3d.com/library/petg-cf","https://www.printlog3d.com/library/petg-cf","200","internal","internal","","","false","","","","2026-08-31T09:33:58.401Z"
"https://www.printlog3d.com/library/peek","PCTG 230-250 °C nozzle · 70-85 °C bed","https://www.printlog3d.com/library/pctg","https://www.printlog3d.com/library/pctg","200","internal","internal","","","false","","","","2026-08-31T09:33:58.401Z"
"https://www.printlog3d.com/library/peek","CPE 240-260 °C nozzle · 75-90 °C bed","https://www.printlog3d.com/library/cpe","https://www.printlog3d.com/library/cpe","200","internal","internal","","","false","","","","2026-08-31T09:33:58.401Z"
"https://www.printlog3d.com/library/peek","All 31 materials →","https://www.printlog3d.com/library","https://www.printlog3d.com/library","200","internal","internal","","","false","","","","2026-08-31T09:33:58.401Z"
"https://www.printlog3d.com/library/peek","How we source and check this","https://www.printlog3d.com/editorial-policy","https://www.printlog3d.com/editorial-policy","200","internal","internal","","","false","","","","2026-08-31T09:33:58.401Z"
"https://www.printlog3d.com/library/peek","Materials","https://www.printlog3d.com/library","https://www.printlog3d.com/library","200","internal","internal","","","false","","","","2026-08-31T09:33:58.401Z"
"https://www.printlog3d.com/library/peek","Guides","https://www.printlog3d.com/3d-printing-filament-guide","https://www.printlog3d.com/3d-printing-filament-guide","200","internal","internal","","","false","","","","2026-08-31T09:33:58.401Z"
"https://www.printlog3d.com/library/peek","Workshop","https://www.printlog3d.com/workshop","https://www.printlog3d.com/workshop","200","internal","internal","","","false","","","","2026-08-31T09:33:58.401Z"
"https://www.printlog3d.com/library/peek","Recommended Gear","https://www.printlog3d.com/recommended-gear","https://www.printlog3d.com/recommended-gear","200","internal","internal","","","false","","","","2026-08-31T09:33:58.401Z"
"https://www.printlog3d.com/library/peek","Get It Printed","https://www.printlog3d.com/get-it-printed","https://www.printlog3d.com/get-it-printed","200","internal","internal","","","false","","","","2026-08-31T09:33:58.401Z"
"https://www.printlog3d.com/library/peek","Free Download","https://www.printlog3d.com/free-download","https://www.printlog3d.com/free-download","200","internal","internal","","","false","","","","2026-08-31T09:33:58.401Z"
"https://www.printlog3d.com/library/peek","About","https://www.printlog3d.com/about","https://www.printlog3d.com/about","200","internal","internal","","","false","","","","2026-08-31T09:33:58.401Z"
"https://www.printlog3d.com/library/peek","Support","https://www.printlog3d.com/support","https://www.printlog3d.com/support","200","internal","internal","","","false","","","","2026-08-31T09:33:58.401Z"
"https://www.printlog3d.com/library/peek","Editorial policy","https://www.printlog3d.com/editorial-policy","https://www.printlog3d.com/editorial-policy","200","internal","internal","","","false","","","","2026-08-31T09:33:58.401Z"
"https://www.printlog3d.com/library/peek","Disclosure","https://www.printlog3d.com/disclosure","https://www.printlog3d.com/disclosure","200","internal","internal","","","false","","","","2026-08-31T09:33:58.401Z"
"https://www.printlog3d.com/library/peek","Privacy","https://www.printlog3d.com/privacy","https://www.printlog3d.com/privacy","200","internal","internal","","","false","","","","2026-08-31T09:33:58.401Z"
"https://www.printlog3d.com/library/peek","Terms","https://www.printlog3d.com/terms","https://www.printlog3d.com/terms","200","internal","internal","","","false","","","","2026-08-31T09:33:58.401Z"
"https://www.printlog3d.com/library/nylon-pa6","","https://www.printlog3d.com/","https://www.printlog3d.com/","200","internal","internal","","","false","","","","2026-08-31T09:33:58.401Z"
"https://www.printlog3d.com/library/nylon-pa6","Materials","https://www.printlog3d.com/library","https://www.printlog3d.com/library","200","internal","internal","","","false","","","","2026-08-31T09:33:58.401Z"
"https://www.printlog3d.com/library/nylon-pa6","Guides","https://www.printlog3d.com/3d-printing-filament-guide","https://www.printlog3d.com/3d-printing-filament-guide","200","internal","internal","","","false","","","","2026-08-31T09:33:58.401Z"
"https://www.printlog3d.com/library/nylon-pa6","Workshop","https://www.printlog3d.com/workshop","https://www.printlog3d.com/workshop","200","internal","internal","","","false","","","","2026-08-31T09:33:58.401Z"
"https://www.printlog3d.com/library/nylon-pa6","Gear","https://www.printlog3d.com/recommended-gear","https://www.printlog3d.com/recommended-gear","200","internal","internal","","","false","","","","2026-08-31T09:33:58.401Z"
"https://www.printlog3d.com/library/nylon-pa6","Get It Printed","https://www.printlog3d.com/get-it-printed","https://www.printlog3d.com/get-it-printed","200","internal","internal","","","false","","","","2026-08-31T09:33:58.401Z"
"https://www.printlog3d.com/library/nylon-pa6","Free Download","https://www.printlog3d.com/free-download","https://www.printlog3d.com/free-download","200","internal","internal","","","false","","","","2026-08-31T09:33:58.401Z"
"https://www.printlog3d.com/library/nylon-pa6","About","https://www.printlog3d.com/about","https://www.printlog3d.com/about","200","internal","internal","","","false","","","","2026-08-31T09:33:58.401Z"
"https://www.printlog3d.com/library/nylon-pa6","Free Download","https://www.printlog3d.com/free-download","https://www.printlog3d.com/free-download","200","internal","internal","","","false","","","","2026-08-31T09:33:58.401Z"
"https://www.printlog3d.com/library/nylon-pa6","Home","https://www.printlog3d.com/","https://www.printlog3d.com/","200","internal","internal","","","false","","","","2026-08-31T09:33:58.401Z"
"https://www.printlog3d.com/library/nylon-pa6","Materials","https://www.printlog3d.com/library","https://www.printlog3d.com/library","200","internal","internal","","","false","","","","2026-08-31T09:33:58.401Z"
"https://www.printlog3d.com/library/nylon-pa6","MatterHackers","https://www.matterhackers.com/","https://www.matterhackers.com/","200","external","commercial","MatterHackers","matterhackers","n/a-no-credentials","","noopener noreferrer","","2026-08-31T09:33:58.401Z"
"https://www.printlog3d.com/library/nylon-pa6","Printed Solid","https://www.printedsolid.com/","https://www.printedsolid.com/","200","external","editorial","Printed Solid","","false","","noopener noreferrer","","2026-08-31T09:33:58.401Z"
"https://www.printlog3d.com/library/nylon-pa6","Check Amazon for Nylon PA6","https://www.amazon.com/s?k=nylon%20pa6%20filament%201.75mm&tag=printlog3d-20","https://www.amazon.com/s?k=nylon%20pa6%20filament%201.75mm&tag=printlog3d-20","200","external","commercial","Amazon","amazon-associates","true","printlog3d-20","nofollow noopener noreferrer sponsored","","2026-08-31T09:33:58.401Z"
"https://www.printlog3d.com/library/nylon-pa6","Compare all materials","https://www.printlog3d.com/library","https://www.printlog3d.com/library","200","internal","internal","","","false","","","","2026-08-31T09:33:58.401Z"
"https://www.printlog3d.com/library/nylon-pa6","See filament dryer on Amazon","https://www.amazon.com/s?k=filament%20dryer%20nylon&tag=printlog3d-20","https://www.amazon.com/s?k=filament%20dryer%20nylon&tag=printlog3d-20","200","external","commercial","Amazon","amazon-associates","true","printlog3d-20","nofollow noopener noreferrer sponsored","","2026-08-31T09:33:58.401Z"
"https://www.printlog3d.com/library/nylon-pa6","See printer enclosure on Amazon","https://www.amazon.com/s?k=3d%20printer%20enclosure&tag=printlog3d-20","https://www.amazon.com/s?k=3d%20printer%20enclosure&tag=printlog3d-20","200","external","commercial","Amazon","amazon-associates","true","printlog3d-20","nofollow noopener noreferrer sponsored","","2026-08-31T09:33:58.401Z"
"https://www.printlog3d.com/library/nylon-pa6","See bed adhesion on Amazon","https://www.amazon.com/s?k=PEI%20build%20plate%203d%20printer&tag=printlog3d-20","https://www.amazon.com/s?k=PEI%20build%20plate%203d%20printer&tag=printlog3d-20","200","external","commercial","Amazon","amazon-associates","true","printlog3d-20","nofollow noopener noreferrer sponsored","","2026-08-31T09:33:58.401Z"
"https://www.printlog3d.com/library/nylon-pa6","See heat-set threaded inserts on Amazon","https://www.amazon.com/s?k=threaded%20inserts%20m3%20brass&tag=printlog3d-20","https://www.amazon.com/s?k=threaded%20inserts%20m3%20brass&tag=printlog3d-20","200","external","commercial","Amazon","amazon-associates","true","printlog3d-20","nofollow noopener noreferrer sponsored","","2026-08-31T09:33:58.401Z"
"https://www.printlog3d.com/library/nylon-pa6","See airtight storage with desiccant on Amazon","https://www.amazon.com/s?k=filament%20storage%20container%20desiccant&tag=printlog3d-20","https://www.amazon.com/s?k=filament%20storage%20container%20desiccant&tag=printlog3d-20","200","external","commercial","Amazon","amazon-associates","true","printlog3d-20","nofollow noopener noreferrer sponsored","","2026-08-31T09:33:58.401Z"
"https://www.printlog3d.com/library/nylon-pa6","Read the Nylon PA12 settings guide →","https://www.printlog3d.com/library/nylon-pa12","https://www.printlog3d.com/library/nylon-pa12","200","internal","internal","","","false","","","","2026-08-31T09:33:58.401Z"
"https://www.printlog3d.com/library/nylon-pa6","How to store 3D printer filament","https://www.printlog3d.com/workshop/filament-storage","https://www.printlog3d.com/workshop/filament-storage","200","internal","internal","","","false","","","","2026-08-31T09:33:58.401Z"
"https://www.printlog3d.com/library/nylon-pa6","Why your print is not sticking to the bed","https://www.printlog3d.com/workshop/bed-adhesion-and-first-layer","https://www.printlog3d.com/workshop/bed-adhesion-and-first-layer","200","internal","internal","","","false","","","","2026-08-31T09:33:58.401Z"
"https://www.printlog3d.com/library/nylon-pa6","How to dry filament properly","https://www.printlog3d.com/how-to-dry-filament","https://www.printlog3d.com/how-to-dry-filament","200","internal","internal","","","false","","","","2026-08-31T09:33:58.401Z"
"https://www.printlog3d.com/library/nylon-pa6","The full filament guide","https://www.printlog3d.com/3d-printing-filament-guide","https://www.printlog3d.com/3d-printing-filament-guide","200","internal","internal","","","false","","","","2026-08-31T09:33:58.401Z"
"https://www.printlog3d.com/library/nylon-pa6","Nylon PA12 240-270 °C nozzle · 70-90 °C bed","https://www.printlog3d.com/library/nylon-pa12","https://www.printlog3d.com/library/nylon-pa12","200","internal","internal","","","false","","","","2026-08-31T09:33:58.401Z"
"https://www.printlog3d.com/library/nylon-pa6","PA-CF 260-280 °C nozzle · 80-100 °C bed","https://www.printlog3d.com/library/pa-cf","https://www.printlog3d.com/library/pa-cf","200","internal","internal","","","false","","","","2026-08-31T09:33:58.401Z"
"https://www.printlog3d.com/library/nylon-pa6","PETG-CF 240-260 °C nozzle · 80-90 °C bed","https://www.printlog3d.com/library/petg-cf","https://www.printlog3d.com/library/petg-cf","200","internal","internal","","","false","","","","2026-08-31T09:33:58.401Z"
"https://www.printlog3d.com/library/nylon-pa6","PCTG 230-250 °C nozzle · 70-85 °C bed","https://www.printlog3d.com/library/pctg","https://www.printlog3d.com/library/pctg","200","internal","internal","","","false","","","","2026-08-31T09:33:58.401Z"
"https://www.printlog3d.com/library/nylon-pa6","CPE 240-260 °C nozzle · 75-90 °C bed","https://www.printlog3d.com/library/cpe","https://www.printlog3d.com/library/cpe","200","internal","internal","","","false","","","","2026-08-31T09:33:58.401Z"
"https://www.printlog3d.com/library/nylon-pa6","HIPS 220-250 °C nozzle · 100-115 °C bed","https://www.printlog3d.com/library/hips","https://www.printlog3d.com/library/hips","200","internal","internal","","","false","","","","2026-08-31T09:33:58.401Z"
"https://www.printlog3d.com/library/nylon-pa6","All 31 materials →","https://www.printlog3d.com/library","https://www.printlog3d.com/library","200","internal","internal","","","false","","","","2026-08-31T09:33:58.401Z"
"https://www.printlog3d.com/library/nylon-pa6","How we source and check this","https://www.printlog3d.com/editorial-policy","https://www.printlog3d.com/editorial-policy","200","internal","internal","","","false","","","","2026-08-31T09:33:58.401Z"
"https://www.printlog3d.com/library/nylon-pa6","Materials","https://www.printlog3d.com/library","https://www.printlog3d.com/library","200","internal","internal","","","false","","","","2026-08-31T09:33:58.401Z"
"https://www.printlog3d.com/library/nylon-pa6","Guides","https://www.printlog3d.com/3d-printing-filament-guide","https://www.printlog3d.com/3d-printing-filament-guide","200","internal","internal","","","false","","","","2026-08-31T09:33:58.401Z"
"https://www.printlog3d.com/library/nylon-pa6","Workshop","https://www.printlog3d.com/workshop","https://www.printlog3d.com/workshop","200","internal","internal","","","false","","","","2026-08-31T09:33:58.401Z"
"https://www.printlog3d.com/library/nylon-pa6","Recommended Gear","https://www.printlog3d.com/recommended-gear","https://www.printlog3d.com/recommended-gear","200","internal","internal","","","false","","","","2026-08-31T09:33:58.401Z"
"https://www.printlog3d.com/library/nylon-pa6","Get It Printed","https://www.printlog3d.com/get-it-printed","https://www.printlog3d.com/get-it-printed","200","internal","internal","","","false","","","","2026-08-31T09:33:58.401Z"
"https://www.printlog3d.com/library/nylon-pa6","Free Download","https://www.printlog3d.com/free-download","https://www.printlog3d.com/free-download","200","internal","internal","","","false","","","","2026-08-31T09:33:58.401Z"
"https://www.printlog3d.com/library/nylon-pa6","About","https://www.printlog3d.com/about","https://www.printlog3d.com/about","200","internal","internal","","","false","","","","2026-08-31T09:33:58.401Z"
"https://www.printlog3d.com/library/nylon-pa6","Support","https://www.printlog3d.com/support","https://www.printlog3d.com/support","200","internal","internal","","","false","","","","2026-08-31T09:33:58.401Z"
"https://www.printlog3d.com/library/nylon-pa6","Editorial policy","https://www.printlog3d.com/editorial-policy","https://www.printlog3d.com/editorial-policy","200","internal","internal","","","false","","","","2026-08-31T09:33:58.401Z"
"https://www.printlog3d.com/library/nylon-pa6","Disclosure","https://www.printlog3d.com/disclosure","https://www.printlog3d.com/disclosure","200","internal","internal","","","false","","","","2026-08-31T09:33:58.401Z"
"https://www.printlog3d.com/library/nylon-pa6","Privacy","https://www.printlog3d.com/privacy","https://www.printlog3d.com/privacy","200","internal","internal","","","false","","","","2026-08-31T09:33:58.401Z"
"https://www.printlog3d.com/library/nylon-pa6","Terms","https://www.printlog3d.com/terms","https://www.printlog3d.com/terms","200","internal","internal","","","false","","","","2026-08-31T09:33:58.401Z"
"https://www.printlog3d.com/library/nylon-pa12","","https://www.printlog3d.com/","https://www.printlog3d.com/","200","internal","internal","","","false","","","","2026-08-31T09:33:58.401Z"
"https://www.printlog3d.com/library/nylon-pa12","Materials","https://www.printlog3d.com/library","https://www.printlog3d.com/library","200","internal","internal","","","false","","","","2026-08-31T09:33:58.401Z"
"https://www.printlog3d.com/library/nylon-pa12","Guides","https://www.printlog3d.com/3d-printing-filament-guide","https://www.printlog3d.com/3d-printing-filament-guide","200","internal","internal","","","false","","","","2026-08-31T09:33:58.401Z"
"https://www.printlog3d.com/library/nylon-pa12","Workshop","https://www.printlog3d.com/workshop","https://www.printlog3d.com/workshop","200","internal","internal","","","false","","","","2026-08-31T09:33:58.401Z"
"https://www.printlog3d.com/library/nylon-pa12","Gear","https://www.printlog3d.com/recommended-gear","https://www.printlog3d.com/recommended-gear","200","internal","internal","","","false","","","","2026-08-31T09:33:58.401Z"
"https://www.printlog3d.com/library/nylon-pa12","Get It Printed","https://www.printlog3d.com/get-it-printed","https://www.printlog3d.com/get-it-printed","200","internal","internal","","","false","","","","2026-08-31T09:33:58.401Z"
"https://www.printlog3d.com/library/nylon-pa12","Free Download","https://www.printlog3d.com/free-download","https://www.printlog3d.com/free-download","200","internal","internal","","","false","","","","2026-08-31T09:33:58.401Z"
"https://www.printlog3d.com/library/nylon-pa12","About","https://www.printlog3d.com/about","https://www.printlog3d.com/about","200","internal","internal","","","false","","","","2026-08-31T09:33:58.401Z"
"https://www.printlog3d.com/library/nylon-pa12","Free Download","https://www.printlog3d.com/free-download","https://www.printlog3d.com/free-download","200","internal","internal","","","false","","","","2026-08-31T09:33:58.401Z"
"https://www.printlog3d.com/library/nylon-pa12","Home","https://www.printlog3d.com/","https://www.printlog3d.com/","200","internal","internal","","","false","","","","2026-08-31T09:33:58.401Z"
"https://www.printlog3d.com/library/nylon-pa12","Materials","https://www.printlog3d.com/library","https://www.printlog3d.com/library","200","internal","internal","","","false","","","","2026-08-31T09:33:58.401Z"
"https://www.printlog3d.com/library/nylon-pa12","Xometry","https://www.xometry.com/","https://www.xometry.com/","200","external","editorial","Xometry","","false","","noopener noreferrer","","2026-08-31T09:33:58.401Z"
"https://www.printlog3d.com/library/nylon-pa12","JLC3DP","https://jlc3dp.com/","https://jlc3dp.com/","200","external","editorial","JLC3DP","","false","","noopener noreferrer","","2026-08-31T09:33:58.401Z"
"https://www.printlog3d.com/library/nylon-pa12","MatterHackers","https://www.matterhackers.com/","https://www.matterhackers.com/","200","external","commercial","MatterHackers","matterhackers","n/a-no-credentials","","noopener noreferrer","","2026-08-31T09:33:58.401Z"
"https://www.printlog3d.com/library/nylon-pa12","Printed Solid","https://www.printedsolid.com/","https://www.printedsolid.com/","200","external","editorial","Printed Solid","","false","","noopener noreferrer","","2026-08-31T09:33:58.401Z"
"https://www.printlog3d.com/library/nylon-pa12","Check Amazon for Nylon PA12","https://www.amazon.com/s?k=nylon%20pa12%20filament%201.75mm&tag=printlog3d-20","https://www.amazon.com/s?k=nylon%20pa12%20filament%201.75mm&tag=printlog3d-20","200","external","commercial","Amazon","amazon-associates","true","printlog3d-20","nofollow noopener noreferrer sponsored","","2026-08-31T09:33:58.401Z"
"https://www.printlog3d.com/library/nylon-pa12","Compare all materials","https://www.printlog3d.com/library","https://www.printlog3d.com/library","200","internal","internal","","","false","","","","2026-08-31T09:33:58.401Z"
"https://www.printlog3d.com/library/nylon-pa12","See filament dryer on Amazon","https://www.amazon.com/s?k=filament%20dryer%20nylon&tag=printlog3d-20","https://www.amazon.com/s?k=filament%20dryer%20nylon&tag=printlog3d-20","200","external","commercial","Amazon","amazon-associates","true","printlog3d-20","nofollow noopener noreferrer sponsored","","2026-08-31T09:33:58.401Z"
"https://www.printlog3d.com/library/nylon-pa12","See printer enclosure on Amazon","https://www.amazon.com/s?k=3d%20printer%20enclosure&tag=printlog3d-20","https://www.amazon.com/s?k=3d%20printer%20enclosure&tag=printlog3d-20","200","external","commercial","Amazon","amazon-associates","true","printlog3d-20","nofollow noopener noreferrer sponsored","","2026-08-31T09:33:58.401Z"
"https://www.printlog3d.com/library/nylon-pa12","See bed adhesion on Amazon","https://www.amazon.com/s?k=PEI%20build%20plate%203d%20printer&tag=printlog3d-20","https://www.amazon.com/s?k=PEI%20build%20plate%203d%20printer&tag=printlog3d-20","200","external","commercial","Amazon","amazon-associates","true","printlog3d-20","nofollow noopener noreferrer sponsored","","2026-08-31T09:33:58.401Z"
"https://www.printlog3d.com/library/nylon-pa12","See heat-set threaded inserts on Amazon","https://www.amazon.com/s?k=threaded%20inserts%20m3%20brass&tag=printlog3d-20","https://www.amazon.com/s?k=threaded%20inserts%20m3%20brass&tag=printlog3d-20","200","external","commercial","Amazon","amazon-associates","true","printlog3d-20","nofollow noopener noreferrer sponsored","","2026-08-31T09:33:58.401Z"
"https://www.printlog3d.com/library/nylon-pa12","See airtight storage with desiccant on Amazon","https://www.amazon.com/s?k=filament%20storage%20container%20desiccant&tag=printlog3d-20","https://www.amazon.com/s?k=filament%20storage%20container%20desiccant&tag=printlog3d-20","200","external","commercial","Amazon","amazon-associates","true","printlog3d-20","nofollow noopener noreferrer sponsored","","2026-08-31T09:33:58.401Z"
"https://www.printlog3d.com/library/nylon-pa12","Read the Nylon PA6 settings guide →","https://www.printlog3d.com/library/nylon-pa6","https://www.printlog3d.com/library/nylon-pa6","200","internal","internal","","","false","","","","2026-08-31T09:33:58.401Z"
"https://www.printlog3d.com/library/nylon-pa12","How to store 3D printer filament","https://www.printlog3d.com/workshop/filament-storage","https://www.printlog3d.com/workshop/filament-storage","200","internal","internal","","","false","","","","2026-08-31T09:33:58.401Z"
"https://www.printlog3d.com/library/nylon-pa12","Why your print is not sticking to the bed","https://www.printlog3d.com/workshop/bed-adhesion-and-first-layer","https://www.printlog3d.com/workshop/bed-adhesion-and-first-layer","200","internal","internal","","","false","","","","2026-08-31T09:33:58.401Z"
"https://www.printlog3d.com/library/nylon-pa12","How to dry filament properly","https://www.printlog3d.com/how-to-dry-filament","https://www.printlog3d.com/how-to-dry-filament","200","internal","internal","","","false","","","","2026-08-31T09:33:58.401Z"
"https://www.printlog3d.com/library/nylon-pa12","The full filament guide","https://www.printlog3d.com/3d-printing-filament-guide","https://www.printlog3d.com/3d-printing-filament-guide","200","internal","internal","","","false","","","","2026-08-31T09:33:58.401Z"
"https://www.printlog3d.com/library/nylon-pa12","PA-CF 260-280 °C nozzle · 80-100 °C bed","https://www.printlog3d.com/library/pa-cf","https://www.printlog3d.com/library/pa-cf","200","internal","internal","","","false","","","","2026-08-31T09:33:58.401Z"
"https://www.printlog3d.com/library/nylon-pa12","PETG-CF 240-260 °C nozzle · 80-90 °C bed","https://www.printlog3d.com/library/petg-cf","https://www.printlog3d.com/library/petg-cf","200","internal","internal","","","false","","","","2026-08-31T09:33:58.401Z"
"https://www.printlog3d.com/library/nylon-pa12","PCTG 230-250 °C nozzle · 70-85 °C bed","https://www.printlog3d.com/library/pctg","https://www.printlog3d.com/library/pctg","200","internal","internal","","","false","","","","2026-08-31T09:33:58.401Z"
"https://www.printlog3d.com/library/nylon-pa12","CPE 240-260 °C nozzle · 75-90 °C bed","https://www.printlog3d.com/library/cpe","https://www.printlog3d.com/library/cpe","200","internal","internal","","","false","","","","2026-08-31T09:33:58.401Z"
"https://www.printlog3d.com/library/nylon-pa12","HIPS 220-250 °C nozzle · 100-115 °C bed","https://www.printlog3d.com/library/hips","https://www.printlog3d.com/library/hips","200","internal","internal","","","false","","","","2026-08-31T09:33:58.401Z"
"https://www.printlog3d.com/library/nylon-pa12","PLA Silk 195-225 °C nozzle · 50-60 °C bed","https://www.printlog3d.com/library/pla-silk","https://www.printlog3d.com/library/pla-silk","200","internal","internal","","","false","","","","2026-08-31T09:33:58.401Z"
"https://www.printlog3d.com/library/nylon-pa12","All 31 materials →","https://www.printlog3d.com/library","https://www.printlog3d.com/library","200","internal","internal","","","false","","","","2026-08-31T09:33:58.401Z"
"https://www.printlog3d.com/library/nylon-pa12","How we source and check this","https://www.printlog3d.com/editorial-policy","https://www.printlog3d.com/editorial-policy","200","internal","internal","","","false","","","","2026-08-31T09:33:58.401Z"
"https://www.printlog3d.com/library/nylon-pa12","Materials","https://www.printlog3d.com/library","https://www.printlog3d.com/library","200","internal","internal","","","false","","","","2026-08-31T09:33:58.401Z"
"https://www.printlog3d.com/library/nylon-pa12","Guides","https://www.printlog3d.com/3d-printing-filament-guide","https://www.printlog3d.com/3d-printing-filament-guide","200","internal","internal","","","false","","","","2026-08-31T09:33:58.401Z"
"https://www.printlog3d.com/library/nylon-pa12","Workshop","https://www.printlog3d.com/workshop","https://www.printlog3d.com/workshop","200","internal","internal","","","false","","","","2026-08-31T09:33:58.401Z"
"https://www.printlog3d.com/library/nylon-pa12","Recommended Gear","https://www.printlog3d.com/recommended-gear","https://www.printlog3d.com/recommended-gear","200","internal","internal","","","false","","","","2026-08-31T09:33:58.401Z"
"https://www.printlog3d.com/library/nylon-pa12","Get It Printed","https://www.printlog3d.com/get-it-printed","https://www.printlog3d.com/get-it-printed","200","internal","internal","","","false","","","","2026-08-31T09:33:58.401Z"
"https://www.printlog3d.com/library/nylon-pa12","Free Download","https://www.printlog3d.com/free-download","https://www.printlog3d.com/free-download","200","internal","internal","","","false","","","","2026-08-31T09:33:58.401Z"
"https://www.printlog3d.com/library/nylon-pa12","About","https://www.printlog3d.com/about","https://www.printlog3d.com/about","200","internal","internal","","","false","","","","2026-08-31T09:33:58.401Z"
"https://www.printlog3d.com/library/nylon-pa12","Support","https://www.printlog3d.com/support","https://www.printlog3d.com/support","200","internal","internal","","","false","","","","2026-08-31T09:33:58.401Z"
"https://www.printlog3d.com/library/nylon-pa12","Editorial policy","https://www.printlog3d.com/editorial-policy","https://www.printlog3d.com/editorial-policy","200","internal","internal","","","false","","","","2026-08-31T09:33:58.401Z"
"https://www.printlog3d.com/library/nylon-pa12","Disclosure","https://www.printlog3d.com/disclosure","https://www.printlog3d.com/disclosure","200","internal","internal","","","false","","","","2026-08-31T09:33:58.401Z"
"https://www.printlog3d.com/library/nylon-pa12","Privacy","https://www.printlog3d.com/privacy","https://www.printlog3d.com/privacy","200","internal","internal","","","false","","","","2026-08-31T09:33:58.401Z"
"https://www.printlog3d.com/library/nylon-pa12","Terms","https://www.printlog3d.com/terms","https://www.printlog3d.com/terms","200","internal","internal","","","false","","","","2026-08-31T09:33:58.401Z"
"https://www.printlog3d.com/library/pa-cf","","https://www.printlog3d.com/","https://www.printlog3d.com/","200","internal","internal","","","false","","","","2026-08-31T09:33:58.401Z"
"https://www.printlog3d.com/library/pa-cf","Materials","https://www.printlog3d.com/library","https://www.printlog3d.com/library","200","internal","internal","","","false","","","","2026-08-31T09:33:58.401Z"
"https://www.printlog3d.com/library/pa-cf","Guides","https://www.printlog3d.com/3d-printing-filament-guide","https://www.printlog3d.com/3d-printing-filament-guide","200","internal","internal","","","false","","","","2026-08-31T09:33:58.401Z"
"https://www.printlog3d.com/library/pa-cf","Workshop","https://www.printlog3d.com/workshop","https://www.printlog3d.com/workshop","200","internal","internal","","","false","","","","2026-08-31T09:33:58.401Z"
"https://www.printlog3d.com/library/pa-cf","Gear","https://www.printlog3d.com/recommended-gear","https://www.printlog3d.com/recommended-gear","200","internal","internal","","","false","","","","2026-08-31T09:33:58.401Z"
"https://www.printlog3d.com/library/pa-cf","Get It Printed","https://www.printlog3d.com/get-it-printed","https://www.printlog3d.com/get-it-printed","200","internal","internal","","","false","","","","2026-08-31T09:33:58.401Z"
"https://www.printlog3d.com/library/pa-cf","Free Download","https://www.printlog3d.com/free-download","https://www.printlog3d.com/free-download","200","internal","internal","","","false","","","","2026-08-31T09:33:58.401Z"
"https://www.printlog3d.com/library/pa-cf","About","https://www.printlog3d.com/about","https://www.printlog3d.com/about","200","internal","internal","","","false","","","","2026-08-31T09:33:58.401Z"
"https://www.printlog3d.com/library/pa-cf","Free Download","https://www.printlog3d.com/free-download","https://www.printlog3d.com/free-download","200","internal","internal","","","false","","","","2026-08-31T09:33:58.401Z"
"https://www.printlog3d.com/library/pa-cf","Home","https://www.printlog3d.com/","https://www.printlog3d.com/","200","internal","internal","","","false","","","","2026-08-31T09:33:58.401Z"
"https://www.printlog3d.com/library/pa-cf","Materials","https://www.printlog3d.com/library","https://www.printlog3d.com/library","200","internal","internal","","","false","","","","2026-08-31T09:33:58.401Z"
"https://www.printlog3d.com/library/pa-cf","Xometry","https://www.xometry.com/","https://www.xometry.com/","200","external","editorial","Xometry","","false","","noopener noreferrer","","2026-08-31T09:33:58.401Z"
"https://www.printlog3d.com/library/pa-cf","JLC3DP","https://jlc3dp.com/","https://jlc3dp.com/","200","external","editorial","JLC3DP","","false","","noopener noreferrer","","2026-08-31T09:33:58.401Z"
"https://www.printlog3d.com/library/pa-cf","MatterHackers","https://www.matterhackers.com/","https://www.matterhackers.com/","200","external","commercial","MatterHackers","matterhackers","n/a-no-credentials","","noopener noreferrer","","2026-08-31T09:33:58.401Z"
"https://www.printlog3d.com/library/pa-cf","Printed Solid","https://www.printedsolid.com/","https://www.printedsolid.com/","200","external","editorial","Printed Solid","","false","","noopener noreferrer","","2026-08-31T09:33:58.401Z"
"https://www.printlog3d.com/library/pa-cf","Check Amazon for PA-CF","https://www.amazon.com/s?k=pa-cf%20filament%201.75mm&tag=printlog3d-20","https://www.amazon.com/s?k=pa-cf%20filament%201.75mm&tag=printlog3d-20","200","external","commercial","Amazon","amazon-associates","true","printlog3d-20","nofollow noopener noreferrer sponsored","","2026-08-31T09:33:58.401Z"
"https://www.printlog3d.com/library/pa-cf","Compare all materials","https://www.printlog3d.com/library","https://www.printlog3d.com/library","200","internal","internal","","","false","","","","2026-08-31T09:33:58.401Z"
"https://www.printlog3d.com/library/pa-cf","Get a quote","https://www.3dprinterondemand.com/instant-quote?source=printlog3d&source_page=%2Flibrary%2Fpa-cf&placement=owned-service-material&material=PA-CF&campaign=printlog3d-referral","https://www.3dprinterondemand.com/instant-quote?source=printlog3d&source_page=%2Flibrary%2Fpa-cf&placement=owned-service-material&material=PA-CF&campaign=printlog3d-referral","200","external","commercial","3DPrinterOnDemand","owned-service","n/a-no-credentials","","noopener noreferrer","","2026-08-31T09:33:58.401Z"
"https://www.printlog3d.com/library/pa-cf","See filament dryer on Amazon","https://www.amazon.com/s?k=filament%20dryer%20nylon&tag=printlog3d-20","https://www.amazon.com/s?k=filament%20dryer%20nylon&tag=printlog3d-20","200","external","commercial","Amazon","amazon-associates","true","printlog3d-20","nofollow noopener noreferrer sponsored","","2026-08-31T09:33:58.401Z"
"https://www.printlog3d.com/library/pa-cf","See printer enclosure on Amazon","https://www.amazon.com/s?k=3d%20printer%20enclosure&tag=printlog3d-20","https://www.amazon.com/s?k=3d%20printer%20enclosure&tag=printlog3d-20","200","external","commercial","Amazon","amazon-associates","true","printlog3d-20","nofollow noopener noreferrer sponsored","","2026-08-31T09:33:58.401Z"
"https://www.printlog3d.com/library/pa-cf","See bed adhesion on Amazon","https://www.amazon.com/s?k=PEI%20build%20plate%203d%20printer&tag=printlog3d-20","https://www.amazon.com/s?k=PEI%20build%20plate%203d%20printer&tag=printlog3d-20","200","external","commercial","Amazon","amazon-associates","true","printlog3d-20","nofollow noopener noreferrer sponsored","","2026-08-31T09:33:58.401Z"
"https://www.printlog3d.com/library/pa-cf","See heat-set threaded inserts on Amazon","https://www.amazon.com/s?k=threaded%20inserts%20m3%20brass&tag=printlog3d-20","https://www.amazon.com/s?k=threaded%20inserts%20m3%20brass&tag=printlog3d-20","200","external","commercial","Amazon","amazon-associates","true","printlog3d-20","nofollow noopener noreferrer sponsored","","2026-08-31T09:33:58.401Z"
"https://www.printlog3d.com/library/pa-cf","Creality · Hardened steel nozzles, MK8 Hardened steel for abrasive filament. MK8","https://www.amazon.com/dp/B09SG855M9?tag=printlog3d-20","https://www.amazon.com/dp/B09SG855M9?tag=printlog3d-20","200","external","commercial","Amazon","amazon-associates","true","printlog3d-20","nofollow noopener noreferrer sponsored","","2026-08-31T09:33:58.401Z"
"https://www.printlog3d.com/library/pa-cf","See airtight storage with desiccant on Amazon","https://www.amazon.com/s?k=filament%20storage%20container%20desiccant&tag=printlog3d-20","https://www.amazon.com/s?k=filament%20storage%20container%20desiccant&tag=printlog3d-20","200","external","commercial","Amazon","amazon-associates","true","printlog3d-20","nofollow noopener noreferrer sponsored","","2026-08-31T09:33:58.401Z"
"https://www.printlog3d.com/library/pa-cf","Read the PC settings guide →","https://www.printlog3d.com/library/pc","https://www.printlog3d.com/library/pc","200","internal","internal","","","false","","","","2026-08-31T09:33:58.401Z"
"https://www.printlog3d.com/library/pa-cf","Cleaning and replacing a 3D printer nozzle","https://www.printlog3d.com/workshop/nozzle-maintenance","https://www.printlog3d.com/workshop/nozzle-maintenance","200","internal","internal","","","false","","","","2026-08-31T09:33:58.401Z"
"https://www.printlog3d.com/library/pa-cf","How to dry filament properly","https://www.printlog3d.com/how-to-dry-filament","https://www.printlog3d.com/how-to-dry-filament","200","internal","internal","","","false","","","","2026-08-31T09:33:58.401Z"
"https://www.printlog3d.com/library/pa-cf","The full filament guide","https://www.printlog3d.com/3d-printing-filament-guide","https://www.printlog3d.com/3d-printing-filament-guide","200","internal","internal","","","false","","","","2026-08-31T09:33:58.401Z"
"https://www.printlog3d.com/library/pa-cf","PETG-CF 240-260 °C nozzle · 80-90 °C bed","https://www.printlog3d.com/library/petg-cf","https://www.printlog3d.com/library/petg-cf","200","internal","internal","","","false","","","","2026-08-31T09:33:58.401Z"
"https://www.printlog3d.com/library/pa-cf","PCTG 230-250 °C nozzle · 70-85 °C bed","https://www.printlog3d.com/library/pctg","https://www.printlog3d.com/library/pctg","200","internal","internal","","","false","","","","2026-08-31T09:33:58.401Z"
"https://www.printlog3d.com/library/pa-cf","CPE 240-260 °C nozzle · 75-90 °C bed","https://www.printlog3d.com/library/cpe","https://www.printlog3d.com/library/cpe","200","internal","internal","","","false","","","","2026-08-31T09:33:58.401Z"
"https://www.printlog3d.com/library/pa-cf","HIPS 220-250 °C nozzle · 100-115 °C bed","https://www.printlog3d.com/library/hips","https://www.printlog3d.com/library/hips","200","internal","internal","","","false","","","","2026-08-31T09:33:58.401Z"
"https://www.printlog3d.com/library/pa-cf","PLA Silk 195-225 °C nozzle · 50-60 °C bed","https://www.printlog3d.com/library/pla-silk","https://www.printlog3d.com/library/pla-silk","200","internal","internal","","","false","","","","2026-08-31T09:33:58.401Z"
"https://www.printlog3d.com/library/pa-cf","PLA Matte 195-220 °C nozzle · 50-60 °C bed","https://www.printlog3d.com/library/pla-matte","https://www.printlog3d.com/library/pla-matte","200","internal","internal","","","false","","","","2026-08-31T09:33:58.401Z"
"https://www.printlog3d.com/library/pa-cf","All 31 materials →","https://www.printlog3d.com/library","https://www.printlog3d.com/library","200","internal","internal","","","false","","","","2026-08-31T09:33:58.401Z"
"https://www.printlog3d.com/library/pa-cf","How we source and check this","https://www.printlog3d.com/editorial-policy","https://www.printlog3d.com/editorial-policy","200","internal","internal","","","false","","","","2026-08-31T09:33:58.401Z"
"https://www.printlog3d.com/library/pa-cf","Materials","https://www.printlog3d.com/library","https://www.printlog3d.com/library","200","internal","internal","","","false","","","","2026-08-31T09:33:58.401Z"
"https://www.printlog3d.com/library/pa-cf","Guides","https://www.printlog3d.com/3d-printing-filament-guide","https://www.printlog3d.com/3d-printing-filament-guide","200","internal","internal","","","false","","","","2026-08-31T09:33:58.401Z"
"https://www.printlog3d.com/library/pa-cf","Workshop","https://www.printlog3d.com/workshop","https://www.printlog3d.com/workshop","200","internal","internal","","","false","","","","2026-08-31T09:33:58.401Z"
"https://www.printlog3d.com/library/pa-cf","Recommended Gear","https://www.printlog3d.com/recommended-gear","https://www.printlog3d.com/recommended-gear","200","internal","internal","","","false","","","","2026-08-31T09:33:58.401Z"
"https://www.printlog3d.com/library/pa-cf","Get It Printed","https://www.printlog3d.com/get-it-printed","https://www.printlog3d.com/get-it-printed","200","internal","internal","","","false","","","","2026-08-31T09:33:58.401Z"
"https://www.printlog3d.com/library/pa-cf","Free Download","https://www.printlog3d.com/free-download","https://www.printlog3d.com/free-download","200","internal","internal","","","false","","","","2026-08-31T09:33:58.401Z"
"https://www.printlog3d.com/library/pa-cf","About","https://www.printlog3d.com/about","https://www.printlog3d.com/about","200","internal","internal","","","false","","","","2026-08-31T09:33:58.401Z"
"https://www.printlog3d.com/library/pa-cf","Support","https://www.printlog3d.com/support","https://www.printlog3d.com/support","200","internal","internal","","","false","","","","2026-08-31T09:33:58.401Z"
"https://www.printlog3d.com/library/pa-cf","Editorial policy","https://www.printlog3d.com/editorial-policy","https://www.printlog3d.com/editorial-policy","200","internal","internal","","","false","","","","2026-08-31T09:33:58.401Z"
"https://www.printlog3d.com/library/pa-cf","Disclosure","https://www.printlog3d.com/disclosure","https://www.printlog3d.com/disclosure","200","internal","internal","","","false","","","","2026-08-31T09:33:58.401Z"
"https://www.printlog3d.com/library/pa-cf","Privacy","https://www.printlog3d.com/privacy","https://www.printlog3d.com/privacy","200","internal","internal","","","false","","","","2026-08-31T09:33:58.401Z"
"https://www.printlog3d.com/library/pa-cf","Terms","https://www.printlog3d.com/terms","https://www.printlog3d.com/terms","200","internal","internal","","","false","","","","2026-08-31T09:33:58.401Z"
"https://www.printlog3d.com/library/petg-cf","","https://www.printlog3d.com/","https://www.printlog3d.com/","200","internal","internal","","","false","","","","2026-08-31T09:33:58.401Z"
"https://www.printlog3d.com/library/petg-cf","Materials","https://www.printlog3d.com/library","https://www.printlog3d.com/library","200","internal","internal","","","false","","","","2026-08-31T09:33:58.401Z"
"https://www.printlog3d.com/library/petg-cf","Guides","https://www.printlog3d.com/3d-printing-filament-guide","https://www.printlog3d.com/3d-printing-filament-guide","200","internal","internal","","","false","","","","2026-08-31T09:33:58.401Z"
"https://www.printlog3d.com/library/petg-cf","Workshop","https://www.printlog3d.com/workshop","https://www.printlog3d.com/workshop","200","internal","internal","","","false","","","","2026-08-31T09:33:58.401Z"
"https://www.printlog3d.com/library/petg-cf","Gear","https://www.printlog3d.com/recommended-gear","https://www.printlog3d.com/recommended-gear","200","internal","internal","","","false","","","","2026-08-31T09:33:58.401Z"
"https://www.printlog3d.com/library/petg-cf","Get It Printed","https://www.printlog3d.com/get-it-printed","https://www.printlog3d.com/get-it-printed","200","internal","internal","","","false","","","","2026-08-31T09:33:58.401Z"
"https://www.printlog3d.com/library/petg-cf","Free Download","https://www.printlog3d.com/free-download","https://www.printlog3d.com/free-download","200","internal","internal","","","false","","","","2026-08-31T09:33:58.401Z"
"https://www.printlog3d.com/library/petg-cf","About","https://www.printlog3d.com/about","https://www.printlog3d.com/about","200","internal","internal","","","false","","","","2026-08-31T09:33:58.401Z"
"https://www.printlog3d.com/library/petg-cf","Free Download","https://www.printlog3d.com/free-download","https://www.printlog3d.com/free-download","200","internal","internal","","","false","","","","2026-08-31T09:33:58.401Z"
"https://www.printlog3d.com/library/petg-cf","Home","https://www.printlog3d.com/","https://www.printlog3d.com/","200","internal","internal","","","false","","","","2026-08-31T09:33:58.401Z"
"https://www.printlog3d.com/library/petg-cf","Materials","https://www.printlog3d.com/library","https://www.printlog3d.com/library","200","internal","internal","","","false","","","","2026-08-31T09:33:58.401Z"
"https://www.printlog3d.com/library/petg-cf","MatterHackers","https://www.matterhackers.com/","https://www.matterhackers.com/","200","external","commercial","MatterHackers","matterhackers","n/a-no-credentials","","noopener noreferrer","","2026-08-31T09:33:58.401Z"
"https://www.printlog3d.com/library/petg-cf","Printed Solid","https://www.printedsolid.com/","https://www.printedsolid.com/","200","external","editorial","Printed Solid","","false","","noopener noreferrer","","2026-08-31T09:33:58.401Z"
"https://www.printlog3d.com/library/petg-cf","Check Amazon for PETG-CF","https://www.amazon.com/s?k=petg-cf%20filament%201.75mm&tag=printlog3d-20","https://www.amazon.com/s?k=petg-cf%20filament%201.75mm&tag=printlog3d-20","200","external","commercial","Amazon","amazon-associates","true","printlog3d-20","nofollow noopener noreferrer sponsored","","2026-08-31T09:33:58.401Z"
"https://www.printlog3d.com/library/petg-cf","Compare all materials","https://www.printlog3d.com/library","https://www.printlog3d.com/library","200","internal","internal","","","false","","","","2026-08-31T09:33:58.401Z"
"https://www.printlog3d.com/library/petg-cf","See filament dryer on Amazon","https://www.amazon.com/s?k=filament%20dryer%2065C&tag=printlog3d-20","https://www.amazon.com/s?k=filament%20dryer%2065C&tag=printlog3d-20","200","external","commercial","Amazon","amazon-associates","true","printlog3d-20","nofollow noopener noreferrer sponsored","","2026-08-31T09:33:58.401Z"
"https://www.printlog3d.com/library/petg-cf","See heat-set threaded inserts on Amazon","https://www.amazon.com/s?k=threaded%20inserts%20m3%20brass&tag=printlog3d-20","https://www.amazon.com/s?k=threaded%20inserts%20m3%20brass&tag=printlog3d-20","200","external","commercial","Amazon","amazon-associates","true","printlog3d-20","nofollow noopener noreferrer sponsored","","2026-08-31T09:33:58.401Z"
"https://www.printlog3d.com/library/petg-cf","Creality · Hardened steel nozzles, MK8 Hardened steel for abrasive filament. MK8","https://www.amazon.com/dp/B09SG855M9?tag=printlog3d-20","https://www.amazon.com/dp/B09SG855M9?tag=printlog3d-20","200","external","commercial","Amazon","amazon-associates","true","printlog3d-20","nofollow noopener noreferrer sponsored","","2026-08-31T09:33:58.401Z"
"https://www.printlog3d.com/library/petg-cf","See airtight storage with desiccant on Amazon","https://www.amazon.com/s?k=filament%20storage%20container%20desiccant&tag=printlog3d-20","https://www.amazon.com/s?k=filament%20storage%20container%20desiccant&tag=printlog3d-20","200","external","commercial","Amazon","amazon-associates","true","printlog3d-20","nofollow noopener noreferrer sponsored","","2026-08-31T09:33:58.401Z"
"https://www.printlog3d.com/library/petg-cf","Read the PETG settings guide →","https://www.printlog3d.com/library/petg","https://www.printlog3d.com/library/petg","200","internal","internal","","","false","","","","2026-08-31T09:33:58.401Z"
"https://www.printlog3d.com/library/petg-cf","Cleaning and replacing a 3D printer nozzle","https://www.printlog3d.com/workshop/nozzle-maintenance","https://www.printlog3d.com/workshop/nozzle-maintenance","200","internal","internal","","","false","","","","2026-08-31T09:33:58.401Z"
"https://www.printlog3d.com/library/petg-cf","PLA vs PETG: which should you print?","https://www.printlog3d.com/pla-vs-petg","https://www.printlog3d.com/pla-vs-petg","200","internal","internal","","","false","","","","2026-08-31T09:33:58.401Z"
"https://www.printlog3d.com/library/petg-cf","ABS vs PETG: picking the tougher part","https://www.printlog3d.com/abs-vs-petg","https://www.printlog3d.com/abs-vs-petg","200","internal","internal","","","false","","","","2026-08-31T09:33:58.401Z"
"https://www.printlog3d.com/library/petg-cf","How to stop stringing","https://www.printlog3d.com/3d-print-stringing","https://www.printlog3d.com/3d-print-stringing","200","internal","internal","","","false","","","","2026-08-31T09:33:58.401Z"
"https://www.printlog3d.com/library/petg-cf","How to dry filament properly","https://www.printlog3d.com/how-to-dry-filament","https://www.printlog3d.com/how-to-dry-filament","200","internal","internal","","","false","","","","2026-08-31T09:33:58.401Z"
"https://www.printlog3d.com/library/petg-cf","The full filament guide","https://www.printlog3d.com/3d-printing-filament-guide","https://www.printlog3d.com/3d-printing-filament-guide","200","internal","internal","","","false","","","","2026-08-31T09:33:58.401Z"
"https://www.printlog3d.com/library/petg-cf","PCTG 230-250 °C nozzle · 70-85 °C bed","https://www.printlog3d.com/library/pctg","https://www.printlog3d.com/library/pctg","200","internal","internal","","","false","","","","2026-08-31T09:33:58.401Z"
"https://www.printlog3d.com/library/petg-cf","CPE 240-260 °C nozzle · 75-90 °C bed","https://www.printlog3d.com/library/cpe","https://www.printlog3d.com/library/cpe","200","internal","internal","","","false","","","","2026-08-31T09:33:58.401Z"
"https://www.printlog3d.com/library/petg-cf","HIPS 220-250 °C nozzle · 100-115 °C bed","https://www.printlog3d.com/library/hips","https://www.printlog3d.com/library/hips","200","internal","internal","","","false","","","","2026-08-31T09:33:58.401Z"
"https://www.printlog3d.com/library/petg-cf","PLA Silk 195-225 °C nozzle · 50-60 °C bed","https://www.printlog3d.com/library/pla-silk","https://www.printlog3d.com/library/pla-silk","200","internal","internal","","","false","","","","2026-08-31T09:33:58.401Z"
"https://www.printlog3d.com/library/petg-cf","PLA Matte 195-220 °C nozzle · 50-60 °C bed","https://www.printlog3d.com/library/pla-matte","https://www.printlog3d.com/library/pla-matte","200","internal","internal","","","false","","","","2026-08-31T09:33:58.401Z"
"https://www.printlog3d.com/library/petg-cf","PLA Wood 190-220 °C nozzle · 50-60 °C bed","https://www.printlog3d.com/library/pla-wood","https://www.printlog3d.com/library/pla-wood","200","internal","internal","","","false","","","","2026-08-31T09:33:58.401Z"
"https://www.printlog3d.com/library/petg-cf","All 31 materials →","https://www.printlog3d.com/library","https://www.printlog3d.com/library","200","internal","internal","","","false","","","","2026-08-31T09:33:58.401Z"
"https://www.printlog3d.com/library/petg-cf","How we source and check this","https://www.printlog3d.com/editorial-policy","https://www.printlog3d.com/editorial-policy","200","internal","internal","","","false","","","","2026-08-31T09:33:58.401Z"
"https://www.printlog3d.com/library/petg-cf","Materials","https://www.printlog3d.com/library","https://www.printlog3d.com/library","200","internal","internal","","","false","","","","2026-08-31T09:33:58.401Z"
"https://www.printlog3d.com/library/petg-cf","Guides","https://www.printlog3d.com/3d-printing-filament-guide","https://www.printlog3d.com/3d-printing-filament-guide","200","internal","internal","","","false","","","","2026-08-31T09:33:58.401Z"
"https://www.printlog3d.com/library/petg-cf","Workshop","https://www.printlog3d.com/workshop","https://www.printlog3d.com/workshop","200","internal","internal","","","false","","","","2026-08-31T09:33:58.401Z"
"https://www.printlog3d.com/library/petg-cf","Recommended Gear","https://www.printlog3d.com/recommended-gear","https://www.printlog3d.com/recommended-gear","200","internal","internal","","","false","","","","2026-08-31T09:33:58.401Z"
"https://www.printlog3d.com/library/petg-cf","Get It Printed","https://www.printlog3d.com/get-it-printed","https://www.printlog3d.com/get-it-printed","200","internal","internal","","","false","","","","2026-08-31T09:33:58.401Z"
"https://www.printlog3d.com/library/petg-cf","Free Download","https://www.printlog3d.com/free-download","https://www.printlog3d.com/free-download","200","internal","internal","","","false","","","","2026-08-31T09:33:58.401Z"
"https://www.printlog3d.com/library/petg-cf","About","https://www.printlog3d.com/about","https://www.printlog3d.com/about","200","internal","internal","","","false","","","","2026-08-31T09:33:58.401Z"
"https://www.printlog3d.com/library/petg-cf","Support","https://www.printlog3d.com/support","https://www.printlog3d.com/support","200","internal","internal","","","false","","","","2026-08-31T09:33:58.401Z"
"https://www.printlog3d.com/library/petg-cf","Editorial policy","https://www.printlog3d.com/editorial-policy","https://www.printlog3d.com/editorial-policy","200","internal","internal","","","false","","","","2026-08-31T09:33:58.401Z"
"https://www.printlog3d.com/library/petg-cf","Disclosure","https://www.printlog3d.com/disclosure","https://www.printlog3d.com/disclosure","200","internal","internal","","","false","","","","2026-08-31T09:33:58.401Z"
"https://www.printlog3d.com/library/petg-cf","Privacy","https://www.printlog3d.com/privacy","https://www.printlog3d.com/privacy","200","internal","internal","","","false","","","","2026-08-31T09:33:58.401Z"
"https://www.printlog3d.com/library/petg-cf","Terms","https://www.printlog3d.com/terms","https://www.printlog3d.com/terms","200","internal","internal","","","false","","","","2026-08-31T09:33:58.401Z"
"https://www.printlog3d.com/library/pctg","","https://www.printlog3d.com/","https://www.printlog3d.com/","200","internal","internal","","","false","","","","2026-08-31T09:33:58.401Z"
"https://www.printlog3d.com/library/pctg","Materials","https://www.printlog3d.com/library","https://www.printlog3d.com/library","200","internal","internal","","","false","","","","2026-08-31T09:33:58.401Z"
"https://www.printlog3d.com/library/pctg","Guides","https://www.printlog3d.com/3d-printing-filament-guide","https://www.printlog3d.com/3d-printing-filament-guide","200","internal","internal","","","false","","","","2026-08-31T09:33:58.401Z"
"https://www.printlog3d.com/library/pctg","Workshop","https://www.printlog3d.com/workshop","https://www.printlog3d.com/workshop","200","internal","internal","","","false","","","","2026-08-31T09:33:58.401Z"
"https://www.printlog3d.com/library/pctg","Gear","https://www.printlog3d.com/recommended-gear","https://www.printlog3d.com/recommended-gear","200","internal","internal","","","false","","","","2026-08-31T09:33:58.401Z"
"https://www.printlog3d.com/library/pctg","Get It Printed","https://www.printlog3d.com/get-it-printed","https://www.printlog3d.com/get-it-printed","200","internal","internal","","","false","","","","2026-08-31T09:33:58.401Z"
"https://www.printlog3d.com/library/pctg","Free Download","https://www.printlog3d.com/free-download","https://www.printlog3d.com/free-download","200","internal","internal","","","false","","","","2026-08-31T09:33:58.401Z"
"https://www.printlog3d.com/library/pctg","About","https://www.printlog3d.com/about","https://www.printlog3d.com/about","200","internal","internal","","","false","","","","2026-08-31T09:33:58.401Z"
"https://www.printlog3d.com/library/pctg","Free Download","https://www.printlog3d.com/free-download","https://www.printlog3d.com/free-download","200","internal","internal","","","false","","","","2026-08-31T09:33:58.401Z"
"https://www.printlog3d.com/library/pctg","Home","https://www.printlog3d.com/","https://www.printlog3d.com/","200","internal","internal","","","false","","","","2026-08-31T09:33:58.401Z"
"https://www.printlog3d.com/library/pctg","Materials","https://www.printlog3d.com/library","https://www.printlog3d.com/library","200","internal","internal","","","false","","","","2026-08-31T09:33:58.401Z"
"https://www.printlog3d.com/library/pctg","See PCTG filament on Amazon","https://www.amazon.com/s?k=pctg%20filament%201.75mm&tag=printlog3d-20","https://www.amazon.com/s?k=pctg%20filament%201.75mm&tag=printlog3d-20","200","external","commercial","Amazon","amazon-associates","true","printlog3d-20","nofollow noopener noreferrer sponsored","","2026-08-31T09:33:58.401Z"
"https://www.printlog3d.com/library/pctg","Compare all materials","https://www.printlog3d.com/library","https://www.printlog3d.com/library","200","internal","internal","","","false","","","","2026-08-31T09:33:58.401Z"
"https://www.printlog3d.com/library/pctg","See filament dryer on Amazon","https://www.amazon.com/s?k=filament%20dryer%2065C&tag=printlog3d-20","https://www.amazon.com/s?k=filament%20dryer%2065C&tag=printlog3d-20","200","external","commercial","Amazon","amazon-associates","true","printlog3d-20","nofollow noopener noreferrer sponsored","","2026-08-31T09:33:58.401Z"
"https://www.printlog3d.com/library/pctg","See airtight storage with desiccant on Amazon","https://www.amazon.com/s?k=filament%20storage%20container%20desiccant&tag=printlog3d-20","https://www.amazon.com/s?k=filament%20storage%20container%20desiccant&tag=printlog3d-20","200","external","commercial","Amazon","amazon-associates","true","printlog3d-20","nofollow noopener noreferrer sponsored","","2026-08-31T09:33:58.401Z"
"https://www.printlog3d.com/library/pctg","Read the PETG settings guide →","https://www.printlog3d.com/library/petg","https://www.printlog3d.com/library/petg","200","internal","internal","","","false","","","","2026-08-31T09:33:58.401Z"
"https://www.printlog3d.com/library/pctg","3D print tolerance: what fits and what does not","https://www.printlog3d.com/workshop/3d-print-tolerance","https://www.printlog3d.com/workshop/3d-print-tolerance","200","internal","internal","","","false","","","","2026-08-31T09:33:58.401Z"
"https://www.printlog3d.com/library/pctg","How to store 3D printer filament","https://www.printlog3d.com/workshop/filament-storage","https://www.printlog3d.com/workshop/filament-storage","200","internal","internal","","","false","","","","2026-08-31T09:33:58.401Z"
"https://www.printlog3d.com/library/pctg","PLA vs PETG: which should you print?","https://www.printlog3d.com/pla-vs-petg","https://www.printlog3d.com/pla-vs-petg","200","internal","internal","","","false","","","","2026-08-31T09:33:58.401Z"
"https://www.printlog3d.com/library/pctg","ABS vs PETG: picking the tougher part","https://www.printlog3d.com/abs-vs-petg","https://www.printlog3d.com/abs-vs-petg","200","internal","internal","","","false","","","","2026-08-31T09:33:58.401Z"
"https://www.printlog3d.com/library/pctg","How to stop stringing","https://www.printlog3d.com/3d-print-stringing","https://www.printlog3d.com/3d-print-stringing","200","internal","internal","","","false","","","","2026-08-31T09:33:58.401Z"
"https://www.printlog3d.com/library/pctg","How to dry filament properly","https://www.printlog3d.com/how-to-dry-filament","https://www.printlog3d.com/how-to-dry-filament","200","internal","internal","","","false","","","","2026-08-31T09:33:58.401Z"
"https://www.printlog3d.com/library/pctg","The full filament guide","https://www.printlog3d.com/3d-printing-filament-guide","https://www.printlog3d.com/3d-printing-filament-guide","200","internal","internal","","","false","","","","2026-08-31T09:33:58.401Z"
"https://www.printlog3d.com/library/pctg","CPE 240-260 °C nozzle · 75-90 °C bed","https://www.printlog3d.com/library/cpe","https://www.printlog3d.com/library/cpe","200","internal","internal","","","false","","","","2026-08-31T09:33:58.401Z"
"https://www.printlog3d.com/library/pctg","HIPS 220-250 °C nozzle · 100-115 °C bed","https://www.printlog3d.com/library/hips","https://www.printlog3d.com/library/hips","200","internal","internal","","","false","","","","2026-08-31T09:33:58.401Z"
"https://www.printlog3d.com/library/pctg","PLA Silk 195-225 °C nozzle · 50-60 °C bed","https://www.printlog3d.com/library/pla-silk","https://www.printlog3d.com/library/pla-silk","200","internal","internal","","","false","","","","2026-08-31T09:33:58.401Z"
"https://www.printlog3d.com/library/pctg","PLA Matte 195-220 °C nozzle · 50-60 °C bed","https://www.printlog3d.com/library/pla-matte","https://www.printlog3d.com/library/pla-matte","200","internal","internal","","","false","","","","2026-08-31T09:33:58.401Z"
"https://www.printlog3d.com/library/pctg","PLA Wood 190-220 °C nozzle · 50-60 °C bed","https://www.printlog3d.com/library/pla-wood","https://www.printlog3d.com/library/pla-wood","200","internal","internal","","","false","","","","2026-08-31T09:33:58.401Z"
"https://www.printlog3d.com/library/pctg","PLA Metal 190-225 °C nozzle · 50-60 °C bed","https://www.printlog3d.com/library/pla-metal","https://www.printlog3d.com/library/pla-metal","200","internal","internal","","","false","","","","2026-08-31T09:33:58.401Z"
"https://www.printlog3d.com/library/pctg","All 31 materials →","https://www.printlog3d.com/library","https://www.printlog3d.com/library","200","internal","internal","","","false","","","","2026-08-31T09:33:58.401Z"
"https://www.printlog3d.com/library/pctg","How we source and check this","https://www.printlog3d.com/editorial-policy","https://www.printlog3d.com/editorial-policy","200","internal","internal","","","false","","","","2026-08-31T09:33:58.401Z"
"https://www.printlog3d.com/library/pctg","Materials","https://www.printlog3d.com/library","https://www.printlog3d.com/library","200","internal","internal","","","false","","","","2026-08-31T09:33:58.401Z"
"https://www.printlog3d.com/library/pctg","Guides","https://www.printlog3d.com/3d-printing-filament-guide","https://www.printlog3d.com/3d-printing-filament-guide","200","internal","internal","","","false","","","","2026-08-31T09:33:58.401Z"
"https://www.printlog3d.com/library/pctg","Workshop","https://www.printlog3d.com/workshop","https://www.printlog3d.com/workshop","200","internal","internal","","","false","","","","2026-08-31T09:33:58.401Z"
"https://www.printlog3d.com/library/pctg","Recommended Gear","https://www.printlog3d.com/recommended-gear","https://www.printlog3d.com/recommended-gear","200","internal","internal","","","false","","","","2026-08-31T09:33:58.401Z"
"https://www.printlog3d.com/library/pctg","Get It Printed","https://www.printlog3d.com/get-it-printed","https://www.printlog3d.com/get-it-printed","200","internal","internal","","","false","","","","2026-08-31T09:33:58.401Z"
"https://www.printlog3d.com/library/pctg","Free Download","https://www.printlog3d.com/free-download","https://www.printlog3d.com/free-download","200","internal","internal","","","false","","","","2026-08-31T09:33:58.401Z"
"https://www.printlog3d.com/library/pctg","About","https://www.printlog3d.com/about","https://www.printlog3d.com/about","200","internal","internal","","","false","","","","2026-08-31T09:33:58.401Z"
"https://www.printlog3d.com/library/pctg","Support","https://www.printlog3d.com/support","https://www.printlog3d.com/support","200","internal","internal","","","false","","","","2026-08-31T09:33:58.401Z"
"https://www.printlog3d.com/library/pctg","Editorial policy","https://www.printlog3d.com/editorial-policy","https://www.printlog3d.com/editorial-policy","200","internal","internal","","","false","","","","2026-08-31T09:33:58.401Z"
"https://www.printlog3d.com/library/pctg","Disclosure","https://www.printlog3d.com/disclosure","https://www.printlog3d.com/disclosure","200","internal","internal","","","false","","","","2026-08-31T09:33:58.401Z"
"https://www.printlog3d.com/library/pctg","Privacy","https://www.printlog3d.com/privacy","https://www.printlog3d.com/privacy","200","internal","internal","","","false","","","","2026-08-31T09:33:58.401Z"
"https://www.printlog3d.com/library/pctg","Terms","https://www.printlog3d.com/terms","https://www.printlog3d.com/terms","200","internal","internal","","","false","","","","2026-08-31T09:33:58.401Z"
"https://www.printlog3d.com/library/cpe","","https://www.printlog3d.com/","https://www.printlog3d.com/","200","internal","internal","","","false","","","","2026-08-31T09:33:58.401Z"
"https://www.printlog3d.com/library/cpe","Materials","https://www.printlog3d.com/library","https://www.printlog3d.com/library","200","internal","internal","","","false","","","","2026-08-31T09:33:58.401Z"
"https://www.printlog3d.com/library/cpe","Guides","https://www.printlog3d.com/3d-printing-filament-guide","https://www.printlog3d.com/3d-printing-filament-guide","200","internal","internal","","","false","","","","2026-08-31T09:33:58.401Z"
"https://www.printlog3d.com/library/cpe","Workshop","https://www.printlog3d.com/workshop","https://www.printlog3d.com/workshop","200","internal","internal","","","false","","","","2026-08-31T09:33:58.401Z"
"https://www.printlog3d.com/library/cpe","Gear","https://www.printlog3d.com/recommended-gear","https://www.printlog3d.com/recommended-gear","200","internal","internal","","","false","","","","2026-08-31T09:33:58.401Z"
"https://www.printlog3d.com/library/cpe","Get It Printed","https://www.printlog3d.com/get-it-printed","https://www.printlog3d.com/get-it-printed","200","internal","internal","","","false","","","","2026-08-31T09:33:58.401Z"
"https://www.printlog3d.com/library/cpe","Free Download","https://www.printlog3d.com/free-download","https://www.printlog3d.com/free-download","200","internal","internal","","","false","","","","2026-08-31T09:33:58.401Z"
"https://www.printlog3d.com/library/cpe","About","https://www.printlog3d.com/about","https://www.printlog3d.com/about","200","internal","internal","","","false","","","","2026-08-31T09:33:58.401Z"
"https://www.printlog3d.com/library/cpe","Free Download","https://www.printlog3d.com/free-download","https://www.printlog3d.com/free-download","200","internal","internal","","","false","","","","2026-08-31T09:33:58.401Z"
"https://www.printlog3d.com/library/cpe","Home","https://www.printlog3d.com/","https://www.printlog3d.com/","200","internal","internal","","","false","","","","2026-08-31T09:33:58.401Z"
"https://www.printlog3d.com/library/cpe","Materials","https://www.printlog3d.com/library","https://www.printlog3d.com/library","200","internal","internal","","","false","","","","2026-08-31T09:33:58.401Z"
"https://www.printlog3d.com/library/cpe","MatterHackers","https://www.matterhackers.com/","https://www.matterhackers.com/","200","external","commercial","MatterHackers","matterhackers","n/a-no-credentials","","noopener noreferrer","","2026-08-31T09:33:58.401Z"
"https://www.printlog3d.com/library/cpe","Printed Solid","https://www.printedsolid.com/","https://www.printedsolid.com/","200","external","editorial","Printed Solid","","false","","noopener noreferrer","","2026-08-31T09:33:58.401Z"
"https://www.printlog3d.com/library/cpe","Compare all materials","https://www.printlog3d.com/library","https://www.printlog3d.com/library","200","internal","internal","","","false","","","","2026-08-31T09:33:58.401Z"
"https://www.printlog3d.com/library/cpe","See filament dryer on Amazon","https://www.amazon.com/s?k=filament%20dryer%2065C&tag=printlog3d-20","https://www.amazon.com/s?k=filament%20dryer%2065C&tag=printlog3d-20","200","external","commercial","Amazon","amazon-associates","true","printlog3d-20","nofollow noopener noreferrer sponsored","","2026-08-31T09:33:58.401Z"
"https://www.printlog3d.com/library/cpe","See heat-set threaded inserts on Amazon","https://www.amazon.com/s?k=threaded%20inserts%20m3%20brass&tag=printlog3d-20","https://www.amazon.com/s?k=threaded%20inserts%20m3%20brass&tag=printlog3d-20","200","external","commercial","Amazon","amazon-associates","true","printlog3d-20","nofollow noopener noreferrer sponsored","","2026-08-31T09:33:58.401Z"
"https://www.printlog3d.com/library/cpe","See airtight storage with desiccant on Amazon","https://www.amazon.com/s?k=filament%20storage%20container%20desiccant&tag=printlog3d-20","https://www.amazon.com/s?k=filament%20storage%20container%20desiccant&tag=printlog3d-20","200","external","commercial","Amazon","amazon-associates","true","printlog3d-20","nofollow noopener noreferrer sponsored","","2026-08-31T09:33:58.401Z"
"https://www.printlog3d.com/library/cpe","Read the PETG settings guide →","https://www.printlog3d.com/library/petg","https://www.printlog3d.com/library/petg","200","internal","internal","","","false","","","","2026-08-31T09:33:58.401Z"
"https://www.printlog3d.com/library/cpe","3D print tolerance: what fits and what does not","https://www.printlog3d.com/workshop/3d-print-tolerance","https://www.printlog3d.com/workshop/3d-print-tolerance","200","internal","internal","","","false","","","","2026-08-31T09:33:58.401Z"
"https://www.printlog3d.com/library/cpe","How to store 3D printer filament","https://www.printlog3d.com/workshop/filament-storage","https://www.printlog3d.com/workshop/filament-storage","200","internal","internal","","","false","","","","2026-08-31T09:33:58.401Z"
"https://www.printlog3d.com/library/cpe","PLA vs PETG: which should you print?","https://www.printlog3d.com/pla-vs-petg","https://www.printlog3d.com/pla-vs-petg","200","internal","internal","","","false","","","","2026-08-31T09:33:58.401Z"
"https://www.printlog3d.com/library/cpe","ABS vs PETG: picking the tougher part","https://www.printlog3d.com/abs-vs-petg","https://www.printlog3d.com/abs-vs-petg","200","internal","internal","","","false","","","","2026-08-31T09:33:58.401Z"
"https://www.printlog3d.com/library/cpe","How to stop stringing","https://www.printlog3d.com/3d-print-stringing","https://www.printlog3d.com/3d-print-stringing","200","internal","internal","","","false","","","","2026-08-31T09:33:58.401Z"
"https://www.printlog3d.com/library/cpe","How to dry filament properly","https://www.printlog3d.com/how-to-dry-filament","https://www.printlog3d.com/how-to-dry-filament","200","internal","internal","","","false","","","","2026-08-31T09:33:58.401Z"
"https://www.printlog3d.com/library/cpe","The full filament guide","https://www.printlog3d.com/3d-printing-filament-guide","https://www.printlog3d.com/3d-printing-filament-guide","200","internal","internal","","","false","","","","2026-08-31T09:33:58.401Z"
"https://www.printlog3d.com/library/cpe","HIPS 220-250 °C nozzle · 100-115 °C bed","https://www.printlog3d.com/library/hips","https://www.printlog3d.com/library/hips","200","internal","internal","","","false","","","","2026-08-31T09:33:58.401Z"
"https://www.printlog3d.com/library/cpe","PLA Silk 195-225 °C nozzle · 50-60 °C bed","https://www.printlog3d.com/library/pla-silk","https://www.printlog3d.com/library/pla-silk","200","internal","internal","","","false","","","","2026-08-31T09:33:58.401Z"
"https://www.printlog3d.com/library/cpe","PLA Matte 195-220 °C nozzle · 50-60 °C bed","https://www.printlog3d.com/library/pla-matte","https://www.printlog3d.com/library/pla-matte","200","internal","internal","","","false","","","","2026-08-31T09:33:58.401Z"
"https://www.printlog3d.com/library/cpe","PLA Wood 190-220 °C nozzle · 50-60 °C bed","https://www.printlog3d.com/library/pla-wood","https://www.printlog3d.com/library/pla-wood","200","internal","internal","","","false","","","","2026-08-31T09:33:58.401Z"
"https://www.printlog3d.com/library/cpe","PLA Metal 190-225 °C nozzle · 50-60 °C bed","https://www.printlog3d.com/library/pla-metal","https://www.printlog3d.com/library/pla-metal","200","internal","internal","","","false","","","","2026-08-31T09:33:58.401Z"
"https://www.printlog3d.com/library/cpe","TPU 220-250 °C nozzle · 30-50 °C bed","https://www.printlog3d.com/library/tpu","https://www.printlog3d.com/library/tpu","200","internal","internal","","","false","","","","2026-08-31T09:33:58.401Z"
"https://www.printlog3d.com/library/cpe","All 31 materials →","https://www.printlog3d.com/library","https://www.printlog3d.com/library","200","internal","internal","","","false","","","","2026-08-31T09:33:58.401Z"
"https://www.printlog3d.com/library/cpe","How we source and check this","https://www.printlog3d.com/editorial-policy","https://www.printlog3d.com/editorial-policy","200","internal","internal","","","false","","","","2026-08-31T09:33:58.401Z"
"https://www.printlog3d.com/library/cpe","Materials","https://www.printlog3d.com/library","https://www.printlog3d.com/library","200","internal","internal","","","false","","","","2026-08-31T09:33:58.401Z"
"https://www.printlog3d.com/library/cpe","Guides","https://www.printlog3d.com/3d-printing-filament-guide","https://www.printlog3d.com/3d-printing-filament-guide","200","internal","internal","","","false","","","","2026-08-31T09:33:58.401Z"
"https://www.printlog3d.com/library/cpe","Workshop","https://www.printlog3d.com/workshop","https://www.printlog3d.com/workshop","200","internal","internal","","","false","","","","2026-08-31T09:33:58.401Z"
"https://www.printlog3d.com/library/cpe","Recommended Gear","https://www.printlog3d.com/recommended-gear","https://www.printlog3d.com/recommended-gear","200","internal","internal","","","false","","","","2026-08-31T09:33:58.401Z"
"https://www.printlog3d.com/library/cpe","Get It Printed","https://www.printlog3d.com/get-it-printed","https://www.printlog3d.com/get-it-printed","200","internal","internal","","","false","","","","2026-08-31T09:33:58.401Z"
"https://www.printlog3d.com/library/cpe","Free Download","https://www.printlog3d.com/free-download","https://www.printlog3d.com/free-download","200","internal","internal","","","false","","","","2026-08-31T09:33:58.401Z"
"https://www.printlog3d.com/library/cpe","About","https://www.printlog3d.com/about","https://www.printlog3d.com/about","200","internal","internal","","","false","","","","2026-08-31T09:33:58.401Z"
"https://www.printlog3d.com/library/cpe","Support","https://www.printlog3d.com/support","https://www.printlog3d.com/support","200","internal","internal","","","false","","","","2026-08-31T09:33:58.401Z"
"https://www.printlog3d.com/library/cpe","Editorial policy","https://www.printlog3d.com/editorial-policy","https://www.printlog3d.com/editorial-policy","200","internal","internal","","","false","","","","2026-08-31T09:33:58.401Z"
"https://www.printlog3d.com/library/cpe","Disclosure","https://www.printlog3d.com/disclosure","https://www.printlog3d.com/disclosure","200","internal","internal","","","false","","","","2026-08-31T09:33:58.401Z"
"https://www.printlog3d.com/library/cpe","Privacy","https://www.printlog3d.com/privacy","https://www.printlog3d.com/privacy","200","internal","internal","","","false","","","","2026-08-31T09:33:58.401Z"
"https://www.printlog3d.com/library/cpe","Terms","https://www.printlog3d.com/terms","https://www.printlog3d.com/terms","200","internal","internal","","","false","","","","2026-08-31T09:33:58.401Z"
"https://www.printlog3d.com/library/hips","","https://www.printlog3d.com/","https://www.printlog3d.com/","200","internal","internal","","","false","","","","2026-08-31T09:33:58.401Z"
"https://www.printlog3d.com/library/hips","Materials","https://www.printlog3d.com/library","https://www.printlog3d.com/library","200","internal","internal","","","false","","","","2026-08-31T09:33:58.401Z"
"https://www.printlog3d.com/library/hips","Guides","https://www.printlog3d.com/3d-printing-filament-guide","https://www.printlog3d.com/3d-printing-filament-guide","200","internal","internal","","","false","","","","2026-08-31T09:33:58.401Z"
"https://www.printlog3d.com/library/hips","Workshop","https://www.printlog3d.com/workshop","https://www.printlog3d.com/workshop","200","internal","internal","","","false","","","","2026-08-31T09:33:58.401Z"
"https://www.printlog3d.com/library/hips","Gear","https://www.printlog3d.com/recommended-gear","https://www.printlog3d.com/recommended-gear","200","internal","internal","","","false","","","","2026-08-31T09:33:58.401Z"
"https://www.printlog3d.com/library/hips","Get It Printed","https://www.printlog3d.com/get-it-printed","https://www.printlog3d.com/get-it-printed","200","internal","internal","","","false","","","","2026-08-31T09:33:58.401Z"
"https://www.printlog3d.com/library/hips","Free Download","https://www.printlog3d.com/free-download","https://www.printlog3d.com/free-download","200","internal","internal","","","false","","","","2026-08-31T09:33:58.401Z"
"https://www.printlog3d.com/library/hips","About","https://www.printlog3d.com/about","https://www.printlog3d.com/about","200","internal","internal","","","false","","","","2026-08-31T09:33:58.401Z"
"https://www.printlog3d.com/library/hips","Free Download","https://www.printlog3d.com/free-download","https://www.printlog3d.com/free-download","200","internal","internal","","","false","","","","2026-08-31T09:33:58.401Z"
"https://www.printlog3d.com/library/hips","Home","https://www.printlog3d.com/","https://www.printlog3d.com/","200","internal","internal","","","false","","","","2026-08-31T09:33:58.401Z"
"https://www.printlog3d.com/library/hips","Materials","https://www.printlog3d.com/library","https://www.printlog3d.com/library","200","internal","internal","","","false","","","","2026-08-31T09:33:58.401Z"
"https://www.printlog3d.com/library/hips","See HIPS filament on Amazon","https://www.amazon.com/s?k=hips%20filament%201.75mm&tag=printlog3d-20","https://www.amazon.com/s?k=hips%20filament%201.75mm&tag=printlog3d-20","200","external","commercial","Amazon","amazon-associates","true","printlog3d-20","nofollow noopener noreferrer sponsored","","2026-08-31T09:33:58.401Z"
"https://www.printlog3d.com/library/hips","Compare all materials","https://www.printlog3d.com/library","https://www.printlog3d.com/library","200","internal","internal","","","false","","","","2026-08-31T09:33:58.401Z"
"https://www.printlog3d.com/library/hips","See printer enclosure on Amazon","https://www.amazon.com/s?k=3d%20printer%20enclosure&tag=printlog3d-20","https://www.amazon.com/s?k=3d%20printer%20enclosure&tag=printlog3d-20","200","external","commercial","Amazon","amazon-associates","true","printlog3d-20","nofollow noopener noreferrer sponsored","","2026-08-31T09:33:58.401Z"
"https://www.printlog3d.com/library/hips","See bed adhesion on Amazon","https://www.amazon.com/s?k=PEI%20build%20plate%203d%20printer&tag=printlog3d-20","https://www.amazon.com/s?k=PEI%20build%20plate%203d%20printer&tag=printlog3d-20","200","external","commercial","Amazon","amazon-associates","true","printlog3d-20","nofollow noopener noreferrer sponsored","","2026-08-31T09:33:58.401Z"
"https://www.printlog3d.com/library/hips","Read the ABS settings guide →","https://www.printlog3d.com/library/abs","https://www.printlog3d.com/library/abs","200","internal","internal","","","false","","","","2026-08-31T09:33:58.401Z"
"https://www.printlog3d.com/library/hips","3D print tolerance: what fits and what does not","https://www.printlog3d.com/workshop/3d-print-tolerance","https://www.printlog3d.com/workshop/3d-print-tolerance","200","internal","internal","","","false","","","","2026-08-31T09:33:58.401Z"
"https://www.printlog3d.com/library/hips","Removing supports and cleaning up a print","https://www.printlog3d.com/workshop/removing-supports-and-deburring","https://www.printlog3d.com/workshop/removing-supports-and-deburring","200","internal","internal","","","false","","","","2026-08-31T09:33:58.401Z"
"https://www.printlog3d.com/library/hips","Why your print is not sticking to the bed","https://www.printlog3d.com/workshop/bed-adhesion-and-first-layer","https://www.printlog3d.com/workshop/bed-adhesion-and-first-layer","200","internal","internal","","","false","","","","2026-08-31T09:33:58.401Z"
"https://www.printlog3d.com/library/hips","PLA vs ABS: strength and heat compared","https://www.printlog3d.com/pla-vs-abs","https://www.printlog3d.com/pla-vs-abs","200","internal","internal","","","false","","","","2026-08-31T09:33:58.401Z"
"https://www.printlog3d.com/library/hips","ABS vs PETG: picking the tougher part","https://www.printlog3d.com/abs-vs-petg","https://www.printlog3d.com/abs-vs-petg","200","internal","internal","","","false","","","","2026-08-31T09:33:58.401Z"
"https://www.printlog3d.com/library/hips","The full filament guide","https://www.printlog3d.com/3d-printing-filament-guide","https://www.printlog3d.com/3d-printing-filament-guide","200","internal","internal","","","false","","","","2026-08-31T09:33:58.401Z"
"https://www.printlog3d.com/library/hips","PLA Silk 195-225 °C nozzle · 50-60 °C bed","https://www.printlog3d.com/library/pla-silk","https://www.printlog3d.com/library/pla-silk","200","internal","internal","","","false","","","","2026-08-31T09:33:58.401Z"
"https://www.printlog3d.com/library/hips","PLA Matte 195-220 °C nozzle · 50-60 °C bed","https://www.printlog3d.com/library/pla-matte","https://www.printlog3d.com/library/pla-matte","200","internal","internal","","","false","","","","2026-08-31T09:33:58.401Z"
"https://www.printlog3d.com/library/hips","PLA Wood 190-220 °C nozzle · 50-60 °C bed","https://www.printlog3d.com/library/pla-wood","https://www.printlog3d.com/library/pla-wood","200","internal","internal","","","false","","","","2026-08-31T09:33:58.401Z"
"https://www.printlog3d.com/library/hips","PLA Metal 190-225 °C nozzle · 50-60 °C bed","https://www.printlog3d.com/library/pla-metal","https://www.printlog3d.com/library/pla-metal","200","internal","internal","","","false","","","","2026-08-31T09:33:58.401Z"
"https://www.printlog3d.com/library/hips","TPU 220-250 °C nozzle · 30-50 °C bed","https://www.printlog3d.com/library/tpu","https://www.printlog3d.com/library/tpu","200","internal","internal","","","false","","","","2026-08-31T09:33:58.401Z"
"https://www.printlog3d.com/library/hips","TPE 210-240 °C nozzle · 30-50 °C bed","https://www.printlog3d.com/library/tpe","https://www.printlog3d.com/library/tpe","200","internal","internal","","","false","","","","2026-08-31T09:33:58.401Z"
"https://www.printlog3d.com/library/hips","All 31 materials →","https://www.printlog3d.com/library","https://www.printlog3d.com/library","200","internal","internal","","","false","","","","2026-08-31T09:33:58.401Z"
"https://www.printlog3d.com/library/hips","How we source and check this","https://www.printlog3d.com/editorial-policy","https://www.printlog3d.com/editorial-policy","200","internal","internal","","","false","","","","2026-08-31T09:33:58.401Z"
"https://www.printlog3d.com/library/hips","Materials","https://www.printlog3d.com/library","https://www.printlog3d.com/library","200","internal","internal","","","false","","","","2026-08-31T09:33:58.401Z"
"https://www.printlog3d.com/library/hips","Guides","https://www.printlog3d.com/3d-printing-filament-guide","https://www.printlog3d.com/3d-printing-filament-guide","200","internal","internal","","","false","","","","2026-08-31T09:33:58.401Z"
"https://www.printlog3d.com/library/hips","Workshop","https://www.printlog3d.com/workshop","https://www.printlog3d.com/workshop","200","internal","internal","","","false","","","","2026-08-31T09:33:58.401Z"
"https://www.printlog3d.com/library/hips","Recommended Gear","https://www.printlog3d.com/recommended-gear","https://www.printlog3d.com/recommended-gear","200","internal","internal","","","false","","","","2026-08-31T09:33:58.401Z"
"https://www.printlog3d.com/library/hips","Get It Printed","https://www.printlog3d.com/get-it-printed","https://www.printlog3d.com/get-it-printed","200","internal","internal","","","false","","","","2026-08-31T09:33:58.401Z"
"https://www.printlog3d.com/library/hips","Free Download","https://www.printlog3d.com/free-download","https://www.printlog3d.com/free-download","200","internal","internal","","","false","","","","2026-08-31T09:33:58.401Z"
"https://www.printlog3d.com/library/hips","About","https://www.printlog3d.com/about","https://www.printlog3d.com/about","200","internal","internal","","","false","","","","2026-08-31T09:33:58.401Z"
"https://www.printlog3d.com/library/hips","Support","https://www.printlog3d.com/support","https://www.printlog3d.com/support","200","internal","internal","","","false","","","","2026-08-31T09:33:58.401Z"
"https://www.printlog3d.com/library/hips","Editorial policy","https://www.printlog3d.com/editorial-policy","https://www.printlog3d.com/editorial-policy","200","internal","internal","","","false","","","","2026-08-31T09:33:58.401Z"
"https://www.printlog3d.com/library/hips","Disclosure","https://www.printlog3d.com/disclosure","https://www.printlog3d.com/disclosure","200","internal","internal","","","false","","","","2026-08-31T09:33:58.401Z"
"https://www.printlog3d.com/library/hips","Privacy","https://www.printlog3d.com/privacy","https://www.printlog3d.com/privacy","200","internal","internal","","","false","","","","2026-08-31T09:33:58.401Z"
"https://www.printlog3d.com/library/hips","Terms","https://www.printlog3d.com/terms","https://www.printlog3d.com/terms","200","internal","internal","","","false","","","","2026-08-31T09:33:58.401Z"
"https://www.printlog3d.com/library/pla-silk","","https://www.printlog3d.com/","https://www.printlog3d.com/","200","internal","internal","","","false","","","","2026-08-31T09:33:58.401Z"
"https://www.printlog3d.com/library/pla-silk","Materials","https://www.printlog3d.com/library","https://www.printlog3d.com/library","200","internal","internal","","","false","","","","2026-08-31T09:33:58.401Z"
"https://www.printlog3d.com/library/pla-silk","Guides","https://www.printlog3d.com/3d-printing-filament-guide","https://www.printlog3d.com/3d-printing-filament-guide","200","internal","internal","","","false","","","","2026-08-31T09:33:58.401Z"
"https://www.printlog3d.com/library/pla-silk","Workshop","https://www.printlog3d.com/workshop","https://www.printlog3d.com/workshop","200","internal","internal","","","false","","","","2026-08-31T09:33:58.401Z"
"https://www.printlog3d.com/library/pla-silk","Gear","https://www.printlog3d.com/recommended-gear","https://www.printlog3d.com/recommended-gear","200","internal","internal","","","false","","","","2026-08-31T09:33:58.401Z"
"https://www.printlog3d.com/library/pla-silk","Get It Printed","https://www.printlog3d.com/get-it-printed","https://www.printlog3d.com/get-it-printed","200","internal","internal","","","false","","","","2026-08-31T09:33:58.401Z"
"https://www.printlog3d.com/library/pla-silk","Free Download","https://www.printlog3d.com/free-download","https://www.printlog3d.com/free-download","200","internal","internal","","","false","","","","2026-08-31T09:33:58.401Z"
"https://www.printlog3d.com/library/pla-silk","About","https://www.printlog3d.com/about","https://www.printlog3d.com/about","200","internal","internal","","","false","","","","2026-08-31T09:33:58.401Z"
"https://www.printlog3d.com/library/pla-silk","Free Download","https://www.printlog3d.com/free-download","https://www.printlog3d.com/free-download","200","internal","internal","","","false","","","","2026-08-31T09:33:58.401Z"
"https://www.printlog3d.com/library/pla-silk","Home","https://www.printlog3d.com/","https://www.printlog3d.com/","200","internal","internal","","","false","","","","2026-08-31T09:33:58.401Z"
"https://www.printlog3d.com/library/pla-silk","Materials","https://www.printlog3d.com/library","https://www.printlog3d.com/library","200","internal","internal","","","false","","","","2026-08-31T09:33:58.401Z"
"https://www.printlog3d.com/library/pla-silk","See PLA Silk filament on Amazon","https://www.amazon.com/s?k=pla%20silk%20filament%201.75mm&tag=printlog3d-20","https://www.amazon.com/s?k=pla%20silk%20filament%201.75mm&tag=printlog3d-20","200","external","commercial","Amazon","amazon-associates","true","printlog3d-20","nofollow noopener noreferrer sponsored","","2026-08-31T09:33:58.401Z"
"https://www.printlog3d.com/library/pla-silk","Compare all materials","https://www.printlog3d.com/library","https://www.printlog3d.com/library","200","internal","internal","","","false","","","","2026-08-31T09:33:58.401Z"
"https://www.printlog3d.com/library/pla-silk","Read the PLA settings guide →","https://www.printlog3d.com/library/pla","https://www.printlog3d.com/library/pla","200","internal","internal","","","false","","","","2026-08-31T09:33:58.401Z"
"https://www.printlog3d.com/library/pla-silk","3D print tolerance: what fits and what does not","https://www.printlog3d.com/workshop/3d-print-tolerance","https://www.printlog3d.com/workshop/3d-print-tolerance","200","internal","internal","","","false","","","","2026-08-31T09:33:58.401Z"
"https://www.printlog3d.com/library/pla-silk","PLA vs PETG: which should you print?","https://www.printlog3d.com/pla-vs-petg","https://www.printlog3d.com/pla-vs-petg","200","internal","internal","","","false","","","","2026-08-31T09:33:58.401Z"
"https://www.printlog3d.com/library/pla-silk","PLA vs ABS: strength and heat compared","https://www.printlog3d.com/pla-vs-abs","https://www.printlog3d.com/pla-vs-abs","200","internal","internal","","","false","","","","2026-08-31T09:33:58.401Z"
"https://www.printlog3d.com/library/pla-silk","The full filament guide","https://www.printlog3d.com/3d-printing-filament-guide","https://www.printlog3d.com/3d-printing-filament-guide","200","internal","internal","","","false","","","","2026-08-31T09:33:58.401Z"
"https://www.printlog3d.com/library/pla-silk","PLA Matte 195-220 °C nozzle · 50-60 °C bed","https://www.printlog3d.com/library/pla-matte","https://www.printlog3d.com/library/pla-matte","200","internal","internal","","","false","","","","2026-08-31T09:33:58.401Z"
"https://www.printlog3d.com/library/pla-silk","PLA Wood 190-220 °C nozzle · 50-60 °C bed","https://www.printlog3d.com/library/pla-wood","https://www.printlog3d.com/library/pla-wood","200","internal","internal","","","false","","","","2026-08-31T09:33:58.401Z"
"https://www.printlog3d.com/library/pla-silk","PLA Metal 190-225 °C nozzle · 50-60 °C bed","https://www.printlog3d.com/library/pla-metal","https://www.printlog3d.com/library/pla-metal","200","internal","internal","","","false","","","","2026-08-31T09:33:58.401Z"
"https://www.printlog3d.com/library/pla-silk","TPU 220-250 °C nozzle · 30-50 °C bed","https://www.printlog3d.com/library/tpu","https://www.printlog3d.com/library/tpu","200","internal","internal","","","false","","","","2026-08-31T09:33:58.401Z"
"https://www.printlog3d.com/library/pla-silk","TPE 210-240 °C nozzle · 30-50 °C bed","https://www.printlog3d.com/library/tpe","https://www.printlog3d.com/library/tpe","200","internal","internal","","","false","","","","2026-08-31T09:33:58.401Z"
"https://www.printlog3d.com/library/pla-silk","PVA 190-220 °C nozzle · 45-60 °C bed","https://www.printlog3d.com/library/pva","https://www.printlog3d.com/library/pva","200","internal","internal","","","false","","","","2026-08-31T09:33:58.401Z"
"https://www.printlog3d.com/library/pla-silk","All 31 materials →","https://www.printlog3d.com/library","https://www.printlog3d.com/library","200","internal","internal","","","false","","","","2026-08-31T09:33:58.401Z"
"https://www.printlog3d.com/library/pla-silk","How we source and check this","https://www.printlog3d.com/editorial-policy","https://www.printlog3d.com/editorial-policy","200","internal","internal","","","false","","","","2026-08-31T09:33:58.401Z"
"https://www.printlog3d.com/library/pla-silk","Materials","https://www.printlog3d.com/library","https://www.printlog3d.com/library","200","internal","internal","","","false","","","","2026-08-31T09:33:58.401Z"
"https://www.printlog3d.com/library/pla-silk","Guides","https://www.printlog3d.com/3d-printing-filament-guide","https://www.printlog3d.com/3d-printing-filament-guide","200","internal","internal","","","false","","","","2026-08-31T09:33:58.401Z"
"https://www.printlog3d.com/library/pla-silk","Workshop","https://www.printlog3d.com/workshop","https://www.printlog3d.com/workshop","200","internal","internal","","","false","","","","2026-08-31T09:33:58.401Z"
"https://www.printlog3d.com/library/pla-silk","Recommended Gear","https://www.printlog3d.com/recommended-gear","https://www.printlog3d.com/recommended-gear","200","internal","internal","","","false","","","","2026-08-31T09:33:58.401Z"
"https://www.printlog3d.com/library/pla-silk","Get It Printed","https://www.printlog3d.com/get-it-printed","https://www.printlog3d.com/get-it-printed","200","internal","internal","","","false","","","","2026-08-31T09:33:58.401Z"
"https://www.printlog3d.com/library/pla-silk","Free Download","https://www.printlog3d.com/free-download","https://www.printlog3d.com/free-download","200","internal","internal","","","false","","","","2026-08-31T09:33:58.401Z"
"https://www.printlog3d.com/library/pla-silk","About","https://www.printlog3d.com/about","https://www.printlog3d.com/about","200","internal","internal","","","false","","","","2026-08-31T09:33:58.401Z"
"https://www.printlog3d.com/library/pla-silk","Support","https://www.printlog3d.com/support","https://www.printlog3d.com/support","200","internal","internal","","","false","","","","2026-08-31T09:33:58.401Z"
"https://www.printlog3d.com/library/pla-silk","Editorial policy","https://www.printlog3d.com/editorial-policy","https://www.printlog3d.com/editorial-policy","200","internal","internal","","","false","","","","2026-08-31T09:33:58.401Z"
"https://www.printlog3d.com/library/pla-silk","Disclosure","https://www.printlog3d.com/disclosure","https://www.printlog3d.com/disclosure","200","internal","internal","","","false","","","","2026-08-31T09:33:58.401Z"
"https://www.printlog3d.com/library/pla-silk","Privacy","https://www.printlog3d.com/privacy","https://www.printlog3d.com/privacy","200","internal","internal","","","false","","","","2026-08-31T09:33:58.401Z"
"https://www.printlog3d.com/library/pla-silk","Terms","https://www.printlog3d.com/terms","https://www.printlog3d.com/terms","200","internal","internal","","","false","","","","2026-08-31T09:33:58.401Z"
"https://www.printlog3d.com/library/pla-matte","","https://www.printlog3d.com/","https://www.printlog3d.com/","200","internal","internal","","","false","","","","2026-08-31T09:33:58.401Z"
"https://www.printlog3d.com/library/pla-matte","Materials","https://www.printlog3d.com/library","https://www.printlog3d.com/library","200","internal","internal","","","false","","","","2026-08-31T09:33:58.401Z"
"https://www.printlog3d.com/library/pla-matte","Guides","https://www.printlog3d.com/3d-printing-filament-guide","https://www.printlog3d.com/3d-printing-filament-guide","200","internal","internal","","","false","","","","2026-08-31T09:33:58.401Z"
"https://www.printlog3d.com/library/pla-matte","Workshop","https://www.printlog3d.com/workshop","https://www.printlog3d.com/workshop","200","internal","internal","","","false","","","","2026-08-31T09:33:58.401Z"
"https://www.printlog3d.com/library/pla-matte","Gear","https://www.printlog3d.com/recommended-gear","https://www.printlog3d.com/recommended-gear","200","internal","internal","","","false","","","","2026-08-31T09:33:58.401Z"
"https://www.printlog3d.com/library/pla-matte","Get It Printed","https://www.printlog3d.com/get-it-printed","https://www.printlog3d.com/get-it-printed","200","internal","internal","","","false","","","","2026-08-31T09:33:58.401Z"
"https://www.printlog3d.com/library/pla-matte","Free Download","https://www.printlog3d.com/free-download","https://www.printlog3d.com/free-download","200","internal","internal","","","false","","","","2026-08-31T09:33:58.401Z"
"https://www.printlog3d.com/library/pla-matte","About","https://www.printlog3d.com/about","https://www.printlog3d.com/about","200","internal","internal","","","false","","","","2026-08-31T09:33:58.401Z"
"https://www.printlog3d.com/library/pla-matte","Free Download","https://www.printlog3d.com/free-download","https://www.printlog3d.com/free-download","200","internal","internal","","","false","","","","2026-08-31T09:33:58.401Z"
"https://www.printlog3d.com/library/pla-matte","Home","https://www.printlog3d.com/","https://www.printlog3d.com/","200","internal","internal","","","false","","","","2026-08-31T09:33:58.401Z"
"https://www.printlog3d.com/library/pla-matte","Materials","https://www.printlog3d.com/library","https://www.printlog3d.com/library","200","internal","internal","","","false","","","","2026-08-31T09:33:58.401Z"
"https://www.printlog3d.com/library/pla-matte","See PLA Matte filament on Amazon","https://www.amazon.com/s?k=pla%20matte%20filament%201.75mm&tag=printlog3d-20","https://www.amazon.com/s?k=pla%20matte%20filament%201.75mm&tag=printlog3d-20","200","external","commercial","Amazon","amazon-associates","true","printlog3d-20","nofollow noopener noreferrer sponsored","","2026-08-31T09:33:58.401Z"
"https://www.printlog3d.com/library/pla-matte","Compare all materials","https://www.printlog3d.com/library","https://www.printlog3d.com/library","200","internal","internal","","","false","","","","2026-08-31T09:33:58.401Z"
"https://www.printlog3d.com/library/pla-matte","Read the PLA settings guide →","https://www.printlog3d.com/library/pla","https://www.printlog3d.com/library/pla","200","internal","internal","","","false","","","","2026-08-31T09:33:58.401Z"
"https://www.printlog3d.com/library/pla-matte","How to paint a 3D print so the finish lasts","https://www.printlog3d.com/workshop/painting-3d-prints","https://www.printlog3d.com/workshop/painting-3d-prints","200","internal","internal","","","false","","","","2026-08-31T09:33:58.401Z"
"https://www.printlog3d.com/library/pla-matte","PLA vs PETG: which should you print?","https://www.printlog3d.com/pla-vs-petg","https://www.printlog3d.com/pla-vs-petg","200","internal","internal","","","false","","","","2026-08-31T09:33:58.401Z"
"https://www.printlog3d.com/library/pla-matte","PLA vs ABS: strength and heat compared","https://www.printlog3d.com/pla-vs-abs","https://www.printlog3d.com/pla-vs-abs","200","internal","internal","","","false","","","","2026-08-31T09:33:58.401Z"
"https://www.printlog3d.com/library/pla-matte","The full filament guide","https://www.printlog3d.com/3d-printing-filament-guide","https://www.printlog3d.com/3d-printing-filament-guide","200","internal","internal","","","false","","","","2026-08-31T09:33:58.401Z"
"https://www.printlog3d.com/library/pla-matte","PLA Wood 190-220 °C nozzle · 50-60 °C bed","https://www.printlog3d.com/library/pla-wood","https://www.printlog3d.com/library/pla-wood","200","internal","internal","","","false","","","","2026-08-31T09:33:58.401Z"
"https://www.printlog3d.com/library/pla-matte","PLA Metal 190-225 °C nozzle · 50-60 °C bed","https://www.printlog3d.com/library/pla-metal","https://www.printlog3d.com/library/pla-metal","200","internal","internal","","","false","","","","2026-08-31T09:33:58.401Z"
"https://www.printlog3d.com/library/pla-matte","TPU 220-250 °C nozzle · 30-50 °C bed","https://www.printlog3d.com/library/tpu","https://www.printlog3d.com/library/tpu","200","internal","internal","","","false","","","","2026-08-31T09:33:58.401Z"
"https://www.printlog3d.com/library/pla-matte","TPE 210-240 °C nozzle · 30-50 °C bed","https://www.printlog3d.com/library/tpe","https://www.printlog3d.com/library/tpe","200","internal","internal","","","false","","","","2026-08-31T09:33:58.401Z"
"https://www.printlog3d.com/library/pla-matte","PVA 190-220 °C nozzle · 45-60 °C bed","https://www.printlog3d.com/library/pva","https://www.printlog3d.com/library/pva","200","internal","internal","","","false","","","","2026-08-31T09:33:58.401Z"
"https://www.printlog3d.com/library/pla-matte","PP 220-250 °C nozzle · 85-100 °C bed","https://www.printlog3d.com/library/pp","https://www.printlog3d.com/library/pp","200","internal","internal","","","false","","","","2026-08-31T09:33:58.401Z"
"https://www.printlog3d.com/library/pla-matte","All 31 materials →","https://www.printlog3d.com/library","https://www.printlog3d.com/library","200","internal","internal","","","false","","","","2026-08-31T09:33:58.401Z"
"https://www.printlog3d.com/library/pla-matte","How we source and check this","https://www.printlog3d.com/editorial-policy","https://www.printlog3d.com/editorial-policy","200","internal","internal","","","false","","","","2026-08-31T09:33:58.401Z"
"https://www.printlog3d.com/library/pla-matte","Materials","https://www.printlog3d.com/library","https://www.printlog3d.com/library","200","internal","internal","","","false","","","","2026-08-31T09:33:58.401Z"
"https://www.printlog3d.com/library/pla-matte","Guides","https://www.printlog3d.com/3d-printing-filament-guide","https://www.printlog3d.com/3d-printing-filament-guide","200","internal","internal","","","false","","","","2026-08-31T09:33:58.401Z"
"https://www.printlog3d.com/library/pla-matte","Workshop","https://www.printlog3d.com/workshop","https://www.printlog3d.com/workshop","200","internal","internal","","","false","","","","2026-08-31T09:33:58.401Z"
"https://www.printlog3d.com/library/pla-matte","Recommended Gear","https://www.printlog3d.com/recommended-gear","https://www.printlog3d.com/recommended-gear","200","internal","internal","","","false","","","","2026-08-31T09:33:58.401Z"
"https://www.printlog3d.com/library/pla-matte","Get It Printed","https://www.printlog3d.com/get-it-printed","https://www.printlog3d.com/get-it-printed","200","internal","internal","","","false","","","","2026-08-31T09:33:58.401Z"
"https://www.printlog3d.com/library/pla-matte","Free Download","https://www.printlog3d.com/free-download","https://www.printlog3d.com/free-download","200","internal","internal","","","false","","","","2026-08-31T09:33:58.401Z"
"https://www.printlog3d.com/library/pla-matte","About","https://www.printlog3d.com/about","https://www.printlog3d.com/about","200","internal","internal","","","false","","","","2026-08-31T09:33:58.401Z"
"https://www.printlog3d.com/library/pla-matte","Support","https://www.printlog3d.com/support","https://www.printlog3d.com/support","200","internal","internal","","","false","","","","2026-08-31T09:33:58.401Z"
"https://www.printlog3d.com/library/pla-matte","Editorial policy","https://www.printlog3d.com/editorial-policy","https://www.printlog3d.com/editorial-policy","200","internal","internal","","","false","","","","2026-08-31T09:33:58.401Z"
"https://www.printlog3d.com/library/pla-matte","Disclosure","https://www.printlog3d.com/disclosure","https://www.printlog3d.com/disclosure","200","internal","internal","","","false","","","","2026-08-31T09:33:58.401Z"
"https://www.printlog3d.com/library/pla-matte","Privacy","https://www.printlog3d.com/privacy","https://www.printlog3d.com/privacy","200","internal","internal","","","false","","","","2026-08-31T09:33:58.401Z"
"https://www.printlog3d.com/library/pla-matte","Terms","https://www.printlog3d.com/terms","https://www.printlog3d.com/terms","200","internal","internal","","","false","","","","2026-08-31T09:33:58.401Z"
"https://www.printlog3d.com/library/pla-wood","","https://www.printlog3d.com/","https://www.printlog3d.com/","200","internal","internal","","","false","","","","2026-08-31T09:33:58.401Z"
"https://www.printlog3d.com/library/pla-wood","Materials","https://www.printlog3d.com/library","https://www.printlog3d.com/library","200","internal","internal","","","false","","","","2026-08-31T09:33:58.401Z"
"https://www.printlog3d.com/library/pla-wood","Guides","https://www.printlog3d.com/3d-printing-filament-guide","https://www.printlog3d.com/3d-printing-filament-guide","200","internal","internal","","","false","","","","2026-08-31T09:33:58.401Z"
"https://www.printlog3d.com/library/pla-wood","Workshop","https://www.printlog3d.com/workshop","https://www.printlog3d.com/workshop","200","internal","internal","","","false","","","","2026-08-31T09:33:58.401Z"
"https://www.printlog3d.com/library/pla-wood","Gear","https://www.printlog3d.com/recommended-gear","https://www.printlog3d.com/recommended-gear","200","internal","internal","","","false","","","","2026-08-31T09:33:58.401Z"
"https://www.printlog3d.com/library/pla-wood","Get It Printed","https://www.printlog3d.com/get-it-printed","https://www.printlog3d.com/get-it-printed","200","internal","internal","","","false","","","","2026-08-31T09:33:58.401Z"
"https://www.printlog3d.com/library/pla-wood","Free Download","https://www.printlog3d.com/free-download","https://www.printlog3d.com/free-download","200","internal","internal","","","false","","","","2026-08-31T09:33:58.401Z"
"https://www.printlog3d.com/library/pla-wood","About","https://www.printlog3d.com/about","https://www.printlog3d.com/about","200","internal","internal","","","false","","","","2026-08-31T09:33:58.401Z"
"https://www.printlog3d.com/library/pla-wood","Free Download","https://www.printlog3d.com/free-download","https://www.printlog3d.com/free-download","200","internal","internal","","","false","","","","2026-08-31T09:33:58.401Z"
"https://www.printlog3d.com/library/pla-wood","Home","https://www.printlog3d.com/","https://www.printlog3d.com/","200","internal","internal","","","false","","","","2026-08-31T09:33:58.401Z"
"https://www.printlog3d.com/library/pla-wood","Materials","https://www.printlog3d.com/library","https://www.printlog3d.com/library","200","internal","internal","","","false","","","","2026-08-31T09:33:58.401Z"
"https://www.printlog3d.com/library/pla-wood","See PLA Wood filament on Amazon","https://www.amazon.com/s?k=pla%20wood%20filament%201.75mm&tag=printlog3d-20","https://www.amazon.com/s?k=pla%20wood%20filament%201.75mm&tag=printlog3d-20","200","external","commercial","Amazon","amazon-associates","true","printlog3d-20","nofollow noopener noreferrer sponsored","","2026-08-31T09:33:58.401Z"
"https://www.printlog3d.com/library/pla-wood","Compare all materials","https://www.printlog3d.com/library","https://www.printlog3d.com/library","200","internal","internal","","","false","","","","2026-08-31T09:33:58.401Z"
"https://www.printlog3d.com/library/pla-wood","Assorted · Nozzle cleaning kit with needles 0.4mm needles plus tweezers, thinner","https://www.amazon.com/dp/B0797XV8ZK?tag=printlog3d-20","https://www.amazon.com/dp/B0797XV8ZK?tag=printlog3d-20","200","external","commercial","Amazon","amazon-associates","true","printlog3d-20","nofollow noopener noreferrer sponsored","","2026-08-31T09:33:58.401Z"
"https://www.printlog3d.com/library/pla-wood","Read the PLA settings guide →","https://www.printlog3d.com/library/pla","https://www.printlog3d.com/library/pla","200","internal","internal","","","false","","","","2026-08-31T09:33:58.401Z"
"https://www.printlog3d.com/library/pla-wood","3D print tolerance: what fits and what does not","https://www.printlog3d.com/workshop/3d-print-tolerance","https://www.printlog3d.com/workshop/3d-print-tolerance","200","internal","internal","","","false","","","","2026-08-31T09:33:58.401Z"
"https://www.printlog3d.com/library/pla-wood","Cleaning and replacing a 3D printer nozzle","https://www.printlog3d.com/workshop/nozzle-maintenance","https://www.printlog3d.com/workshop/nozzle-maintenance","200","internal","internal","","","false","","","","2026-08-31T09:33:58.401Z"
"https://www.printlog3d.com/library/pla-wood","PLA vs PETG: which should you print?","https://www.printlog3d.com/pla-vs-petg","https://www.printlog3d.com/pla-vs-petg","200","internal","internal","","","false","","","","2026-08-31T09:33:58.401Z"
"https://www.printlog3d.com/library/pla-wood","PLA vs ABS: strength and heat compared","https://www.printlog3d.com/pla-vs-abs","https://www.printlog3d.com/pla-vs-abs","200","internal","internal","","","false","","","","2026-08-31T09:33:58.401Z"
"https://www.printlog3d.com/library/pla-wood","The full filament guide","https://www.printlog3d.com/3d-printing-filament-guide","https://www.printlog3d.com/3d-printing-filament-guide","200","internal","internal","","","false","","","","2026-08-31T09:33:58.401Z"
"https://www.printlog3d.com/library/pla-wood","PLA Metal 190-225 °C nozzle · 50-60 °C bed","https://www.printlog3d.com/library/pla-metal","https://www.printlog3d.com/library/pla-metal","200","internal","internal","","","false","","","","2026-08-31T09:33:58.401Z"
"https://www.printlog3d.com/library/pla-wood","TPU 220-250 °C nozzle · 30-50 °C bed","https://www.printlog3d.com/library/tpu","https://www.printlog3d.com/library/tpu","200","internal","internal","","","false","","","","2026-08-31T09:33:58.401Z"
"https://www.printlog3d.com/library/pla-wood","TPE 210-240 °C nozzle · 30-50 °C bed","https://www.printlog3d.com/library/tpe","https://www.printlog3d.com/library/tpe","200","internal","internal","","","false","","","","2026-08-31T09:33:58.401Z"
"https://www.printlog3d.com/library/pla-wood","PVA 190-220 °C nozzle · 45-60 °C bed","https://www.printlog3d.com/library/pva","https://www.printlog3d.com/library/pva","200","internal","internal","","","false","","","","2026-08-31T09:33:58.401Z"
"https://www.printlog3d.com/library/pla-wood","PP 220-250 °C nozzle · 85-100 °C bed","https://www.printlog3d.com/library/pp","https://www.printlog3d.com/library/pp","200","internal","internal","","","false","","","","2026-08-31T09:33:58.401Z"
"https://www.printlog3d.com/library/pla-wood","PVB 215-235 °C nozzle · 60-75 °C bed","https://www.printlog3d.com/library/pvb","https://www.printlog3d.com/library/pvb","200","internal","internal","","","false","","","","2026-08-31T09:33:58.401Z"
"https://www.printlog3d.com/library/pla-wood","All 31 materials →","https://www.printlog3d.com/library","https://www.printlog3d.com/library","200","internal","internal","","","false","","","","2026-08-31T09:33:58.401Z"
"https://www.printlog3d.com/library/pla-wood","How we source and check this","https://www.printlog3d.com/editorial-policy","https://www.printlog3d.com/editorial-policy","200","internal","internal","","","false","","","","2026-08-31T09:33:58.401Z"
"https://www.printlog3d.com/library/pla-wood","Materials","https://www.printlog3d.com/library","https://www.printlog3d.com/library","200","internal","internal","","","false","","","","2026-08-31T09:33:58.401Z"
"https://www.printlog3d.com/library/pla-wood","Guides","https://www.printlog3d.com/3d-printing-filament-guide","https://www.printlog3d.com/3d-printing-filament-guide","200","internal","internal","","","false","","","","2026-08-31T09:33:58.401Z"
"https://www.printlog3d.com/library/pla-wood","Workshop","https://www.printlog3d.com/workshop","https://www.printlog3d.com/workshop","200","internal","internal","","","false","","","","2026-08-31T09:33:58.401Z"
"https://www.printlog3d.com/library/pla-wood","Recommended Gear","https://www.printlog3d.com/recommended-gear","https://www.printlog3d.com/recommended-gear","200","internal","internal","","","false","","","","2026-08-31T09:33:58.401Z"
"https://www.printlog3d.com/library/pla-wood","Get It Printed","https://www.printlog3d.com/get-it-printed","https://www.printlog3d.com/get-it-printed","200","internal","internal","","","false","","","","2026-08-31T09:33:58.401Z"
"https://www.printlog3d.com/library/pla-wood","Free Download","https://www.printlog3d.com/free-download","https://www.printlog3d.com/free-download","200","internal","internal","","","false","","","","2026-08-31T09:33:58.401Z"
"https://www.printlog3d.com/library/pla-wood","About","https://www.printlog3d.com/about","https://www.printlog3d.com/about","200","internal","internal","","","false","","","","2026-08-31T09:33:58.401Z"
"https://www.printlog3d.com/library/pla-wood","Support","https://www.printlog3d.com/support","https://www.printlog3d.com/support","200","internal","internal","","","false","","","","2026-08-31T09:33:58.401Z"
"https://www.printlog3d.com/library/pla-wood","Editorial policy","https://www.printlog3d.com/editorial-policy","https://www.printlog3d.com/editorial-policy","200","internal","internal","","","false","","","","2026-08-31T09:33:58.401Z"
"https://www.printlog3d.com/library/pla-wood","Disclosure","https://www.printlog3d.com/disclosure","https://www.printlog3d.com/disclosure","200","internal","internal","","","false","","","","2026-08-31T09:33:58.401Z"
"https://www.printlog3d.com/library/pla-wood","Privacy","https://www.printlog3d.com/privacy","https://www.printlog3d.com/privacy","200","internal","internal","","","false","","","","2026-08-31T09:33:58.401Z"
"https://www.printlog3d.com/library/pla-wood","Terms","https://www.printlog3d.com/terms","https://www.printlog3d.com/terms","200","internal","internal","","","false","","","","2026-08-31T09:33:58.401Z"
"https://www.printlog3d.com/library/pla-metal","","https://www.printlog3d.com/","https://www.printlog3d.com/","200","internal","internal","","","false","","","","2026-08-31T09:33:58.401Z"
"https://www.printlog3d.com/library/pla-metal","Materials","https://www.printlog3d.com/library","https://www.printlog3d.com/library","200","internal","internal","","","false","","","","2026-08-31T09:33:58.401Z"
"https://www.printlog3d.com/library/pla-metal","Guides","https://www.printlog3d.com/3d-printing-filament-guide","https://www.printlog3d.com/3d-printing-filament-guide","200","internal","internal","","","false","","","","2026-08-31T09:33:58.401Z"
"https://www.printlog3d.com/library/pla-metal","Workshop","https://www.printlog3d.com/workshop","https://www.printlog3d.com/workshop","200","internal","internal","","","false","","","","2026-08-31T09:33:58.401Z"
"https://www.printlog3d.com/library/pla-metal","Gear","https://www.printlog3d.com/recommended-gear","https://www.printlog3d.com/recommended-gear","200","internal","internal","","","false","","","","2026-08-31T09:33:58.401Z"
"https://www.printlog3d.com/library/pla-metal","Get It Printed","https://www.printlog3d.com/get-it-printed","https://www.printlog3d.com/get-it-printed","200","internal","internal","","","false","","","","2026-08-31T09:33:58.401Z"
"https://www.printlog3d.com/library/pla-metal","Free Download","https://www.printlog3d.com/free-download","https://www.printlog3d.com/free-download","200","internal","internal","","","false","","","","2026-08-31T09:33:58.401Z"
"https://www.printlog3d.com/library/pla-metal","About","https://www.printlog3d.com/about","https://www.printlog3d.com/about","200","internal","internal","","","false","","","","2026-08-31T09:33:58.401Z"
"https://www.printlog3d.com/library/pla-metal","Free Download","https://www.printlog3d.com/free-download","https://www.printlog3d.com/free-download","200","internal","internal","","","false","","","","2026-08-31T09:33:58.401Z"
"https://www.printlog3d.com/library/pla-metal","Home","https://www.printlog3d.com/","https://www.printlog3d.com/","200","internal","internal","","","false","","","","2026-08-31T09:33:58.401Z"
"https://www.printlog3d.com/library/pla-metal","Materials","https://www.printlog3d.com/library","https://www.printlog3d.com/library","200","internal","internal","","","false","","","","2026-08-31T09:33:58.401Z"
"https://www.printlog3d.com/library/pla-metal","See PLA Metal filament on Amazon","https://www.amazon.com/s?k=pla%20metal%20filament%201.75mm&tag=printlog3d-20","https://www.amazon.com/s?k=pla%20metal%20filament%201.75mm&tag=printlog3d-20","200","external","commercial","Amazon","amazon-associates","true","printlog3d-20","nofollow noopener noreferrer sponsored","","2026-08-31T09:33:58.401Z"
"https://www.printlog3d.com/library/pla-metal","Compare all materials","https://www.printlog3d.com/library","https://www.printlog3d.com/library","200","internal","internal","","","false","","","","2026-08-31T09:33:58.401Z"
"https://www.printlog3d.com/library/pla-metal","Creality · Hardened steel nozzles, MK8 Hardened steel for abrasive filament. MK8","https://www.amazon.com/dp/B09SG855M9?tag=printlog3d-20","https://www.amazon.com/dp/B09SG855M9?tag=printlog3d-20","200","external","commercial","Amazon","amazon-associates","true","printlog3d-20","nofollow noopener noreferrer sponsored","","2026-08-31T09:33:58.401Z"
"https://www.printlog3d.com/library/pla-metal","Read the PLA settings guide →","https://www.printlog3d.com/library/pla","https://www.printlog3d.com/library/pla","200","internal","internal","","","false","","","","2026-08-31T09:33:58.401Z"
"https://www.printlog3d.com/library/pla-metal","3D print tolerance: what fits and what does not","https://www.printlog3d.com/workshop/3d-print-tolerance","https://www.printlog3d.com/workshop/3d-print-tolerance","200","internal","internal","","","false","","","","2026-08-31T09:33:58.401Z"
"https://www.printlog3d.com/library/pla-metal","Cleaning and replacing a 3D printer nozzle","https://www.printlog3d.com/workshop/nozzle-maintenance","https://www.printlog3d.com/workshop/nozzle-maintenance","200","internal","internal","","","false","","","","2026-08-31T09:33:58.401Z"
"https://www.printlog3d.com/library/pla-metal","PLA vs PETG: which should you print?","https://www.printlog3d.com/pla-vs-petg","https://www.printlog3d.com/pla-vs-petg","200","internal","internal","","","false","","","","2026-08-31T09:33:58.401Z"
"https://www.printlog3d.com/library/pla-metal","PLA vs ABS: strength and heat compared","https://www.printlog3d.com/pla-vs-abs","https://www.printlog3d.com/pla-vs-abs","200","internal","internal","","","false","","","","2026-08-31T09:33:58.401Z"
"https://www.printlog3d.com/library/pla-metal","The full filament guide","https://www.printlog3d.com/3d-printing-filament-guide","https://www.printlog3d.com/3d-printing-filament-guide","200","internal","internal","","","false","","","","2026-08-31T09:33:58.401Z"
"https://www.printlog3d.com/library/pla-metal","TPU 220-250 °C nozzle · 30-50 °C bed","https://www.printlog3d.com/library/tpu","https://www.printlog3d.com/library/tpu","200","internal","internal","","","false","","","","2026-08-31T09:33:58.401Z"
"https://www.printlog3d.com/library/pla-metal","TPE 210-240 °C nozzle · 30-50 °C bed","https://www.printlog3d.com/library/tpe","https://www.printlog3d.com/library/tpe","200","internal","internal","","","false","","","","2026-08-31T09:33:58.401Z"
"https://www.printlog3d.com/library/pla-metal","PVA 190-220 °C nozzle · 45-60 °C bed","https://www.printlog3d.com/library/pva","https://www.printlog3d.com/library/pva","200","internal","internal","","","false","","","","2026-08-31T09:33:58.401Z"
"https://www.printlog3d.com/library/pla-metal","PP 220-250 °C nozzle · 85-100 °C bed","https://www.printlog3d.com/library/pp","https://www.printlog3d.com/library/pp","200","internal","internal","","","false","","","","2026-08-31T09:33:58.401Z"
"https://www.printlog3d.com/library/pla-metal","PVB 215-235 °C nozzle · 60-75 °C bed","https://www.printlog3d.com/library/pvb","https://www.printlog3d.com/library/pvb","200","internal","internal","","","false","","","","2026-08-31T09:33:58.401Z"
"https://www.printlog3d.com/library/pla-metal","PLA-CF 190-230 °C nozzle · 50-60 °C bed","https://www.printlog3d.com/library/pla-cf","https://www.printlog3d.com/library/pla-cf","200","internal","internal","","","false","","","","2026-08-31T09:33:58.401Z"
"https://www.printlog3d.com/library/pla-metal","All 31 materials →","https://www.printlog3d.com/library","https://www.printlog3d.com/library","200","internal","internal","","","false","","","","2026-08-31T09:33:58.401Z"
"https://www.printlog3d.com/library/pla-metal","How we source and check this","https://www.printlog3d.com/editorial-policy","https://www.printlog3d.com/editorial-policy","200","internal","internal","","","false","","","","2026-08-31T09:33:58.401Z"
"https://www.printlog3d.com/library/pla-metal","Materials","https://www.printlog3d.com/library","https://www.printlog3d.com/library","200","internal","internal","","","false","","","","2026-08-31T09:33:58.401Z"
"https://www.printlog3d.com/library/pla-metal","Guides","https://www.printlog3d.com/3d-printing-filament-guide","https://www.printlog3d.com/3d-printing-filament-guide","200","internal","internal","","","false","","","","2026-08-31T09:33:58.401Z"
"https://www.printlog3d.com/library/pla-metal","Workshop","https://www.printlog3d.com/workshop","https://www.printlog3d.com/workshop","200","internal","internal","","","false","","","","2026-08-31T09:33:58.401Z"
"https://www.printlog3d.com/library/pla-metal","Recommended Gear","https://www.printlog3d.com/recommended-gear","https://www.printlog3d.com/recommended-gear","200","internal","internal","","","false","","","","2026-08-31T09:33:58.401Z"
"https://www.printlog3d.com/library/pla-metal","Get It Printed","https://www.printlog3d.com/get-it-printed","https://www.printlog3d.com/get-it-printed","200","internal","internal","","","false","","","","2026-08-31T09:33:58.401Z"
"https://www.printlog3d.com/library/pla-metal","Free Download","https://www.printlog3d.com/free-download","https://www.printlog3d.com/free-download","200","internal","internal","","","false","","","","2026-08-31T09:33:58.401Z"
"https://www.printlog3d.com/library/pla-metal","About","https://www.printlog3d.com/about","https://www.printlog3d.com/about","200","internal","internal","","","false","","","","2026-08-31T09:33:58.401Z"
"https://www.printlog3d.com/library/pla-metal","Support","https://www.printlog3d.com/support","https://www.printlog3d.com/support","200","internal","internal","","","false","","","","2026-08-31T09:33:58.401Z"
"https://www.printlog3d.com/library/pla-metal","Editorial policy","https://www.printlog3d.com/editorial-policy","https://www.printlog3d.com/editorial-policy","200","internal","internal","","","false","","","","2026-08-31T09:33:58.401Z"
"https://www.printlog3d.com/library/pla-metal","Disclosure","https://www.printlog3d.com/disclosure","https://www.printlog3d.com/disclosure","200","internal","internal","","","false","","","","2026-08-31T09:33:58.401Z"
"https://www.printlog3d.com/library/pla-metal","Privacy","https://www.printlog3d.com/privacy","https://www.printlog3d.com/privacy","200","internal","internal","","","false","","","","2026-08-31T09:33:58.401Z"
"https://www.printlog3d.com/library/pla-metal","Terms","https://www.printlog3d.com/terms","https://www.printlog3d.com/terms","200","internal","internal","","","false","","","","2026-08-31T09:33:58.401Z"
"https://www.printlog3d.com/library/tpu","","https://www.printlog3d.com/","https://www.printlog3d.com/","200","internal","internal","","","false","","","","2026-08-31T09:33:58.401Z"
"https://www.printlog3d.com/library/tpu","Materials","https://www.printlog3d.com/library","https://www.printlog3d.com/library","200","internal","internal","","","false","","","","2026-08-31T09:33:58.401Z"
"https://www.printlog3d.com/library/tpu","Guides","https://www.printlog3d.com/3d-printing-filament-guide","https://www.printlog3d.com/3d-printing-filament-guide","200","internal","internal","","","false","","","","2026-08-31T09:33:58.401Z"
"https://www.printlog3d.com/library/tpu","Workshop","https://www.printlog3d.com/workshop","https://www.printlog3d.com/workshop","200","internal","internal","","","false","","","","2026-08-31T09:33:58.401Z"
"https://www.printlog3d.com/library/tpu","Gear","https://www.printlog3d.com/recommended-gear","https://www.printlog3d.com/recommended-gear","200","internal","internal","","","false","","","","2026-08-31T09:33:58.401Z"
"https://www.printlog3d.com/library/tpu","Get It Printed","https://www.printlog3d.com/get-it-printed","https://www.printlog3d.com/get-it-printed","200","internal","internal","","","false","","","","2026-08-31T09:33:58.401Z"
"https://www.printlog3d.com/library/tpu","Free Download","https://www.printlog3d.com/free-download","https://www.printlog3d.com/free-download","200","internal","internal","","","false","","","","2026-08-31T09:33:58.401Z"
"https://www.printlog3d.com/library/tpu","About","https://www.printlog3d.com/about","https://www.printlog3d.com/about","200","internal","internal","","","false","","","","2026-08-31T09:33:58.401Z"
"https://www.printlog3d.com/library/tpu","Free Download","https://www.printlog3d.com/free-download","https://www.printlog3d.com/free-download","200","internal","internal","","","false","","","","2026-08-31T09:33:58.401Z"
"https://www.printlog3d.com/library/tpu","Home","https://www.printlog3d.com/","https://www.printlog3d.com/","200","internal","internal","","","false","","","","2026-08-31T09:33:58.401Z"
"https://www.printlog3d.com/library/tpu","Materials","https://www.printlog3d.com/library","https://www.printlog3d.com/library","200","internal","internal","","","false","","","","2026-08-31T09:33:58.401Z"
"https://www.printlog3d.com/library/tpu","Overture on Amazon","https://www.amazon.com/dp/B07VDP2S3P?tag=printlog3d-20","https://www.amazon.com/dp/B07VDP2S3P?tag=printlog3d-20","200","external","commercial","Amazon","amazon-associates","true","printlog3d-20","nofollow noopener noreferrer sponsored","","2026-08-31T09:33:58.401Z"
"https://www.printlog3d.com/library/tpu","See TPU filament on Amazon","https://www.amazon.com/s?k=TPU%20filament%201.75mm%20flexible&tag=printlog3d-20","https://www.amazon.com/s?k=TPU%20filament%201.75mm%20flexible&tag=printlog3d-20","200","external","commercial","Amazon","amazon-associates","true","printlog3d-20","nofollow noopener noreferrer sponsored","","2026-08-31T09:33:58.401Z"
"https://www.printlog3d.com/library/tpu","Compare all materials","https://www.printlog3d.com/library","https://www.printlog3d.com/library","200","internal","internal","","","false","","","","2026-08-31T09:33:58.401Z"
"https://www.printlog3d.com/library/tpu","Get a quote","https://www.3dprinterondemand.com/instant-quote?source=printlog3d&source_page=%2Flibrary%2Ftpu&placement=owned-service-material&material=TPU&campaign=printlog3d-referral","https://www.3dprinterondemand.com/instant-quote?source=printlog3d&source_page=%2Flibrary%2Ftpu&placement=owned-service-material&material=TPU&campaign=printlog3d-referral","200","external","commercial","3DPrinterOnDemand","owned-service","n/a-no-credentials","","noopener noreferrer","","2026-08-31T09:33:58.401Z"
"https://www.printlog3d.com/library/tpu","See filament dryer on Amazon","https://www.amazon.com/s?k=filament%20dryer%2050C&tag=printlog3d-20","https://www.amazon.com/s?k=filament%20dryer%2050C&tag=printlog3d-20","200","external","commercial","Amazon","amazon-associates","true","printlog3d-20","nofollow noopener noreferrer sponsored","","2026-08-31T09:33:58.401Z"
"https://www.printlog3d.com/library/tpu","See airtight storage with desiccant on Amazon","https://www.amazon.com/s?k=filament%20storage%20container%20desiccant&tag=printlog3d-20","https://www.amazon.com/s?k=filament%20storage%20container%20desiccant&tag=printlog3d-20","200","external","commercial","Amazon","amazon-associates","true","printlog3d-20","nofollow noopener noreferrer sponsored","","2026-08-31T09:33:58.401Z"
"https://www.printlog3d.com/library/tpu","Read the TPE settings guide →","https://www.printlog3d.com/library/tpe","https://www.printlog3d.com/library/tpe","200","internal","internal","","","false","","","","2026-08-31T09:33:58.401Z"
"https://www.printlog3d.com/library/tpu","Removing supports and cleaning up a print","https://www.printlog3d.com/workshop/removing-supports-and-deburring","https://www.printlog3d.com/workshop/removing-supports-and-deburring","200","internal","internal","","","false","","","","2026-08-31T09:33:58.401Z"
"https://www.printlog3d.com/library/tpu","The best glue for 3D printed parts, by material","https://www.printlog3d.com/workshop/gluing-3d-printed-parts","https://www.printlog3d.com/workshop/gluing-3d-printed-parts","200","internal","internal","","","false","","","","2026-08-31T09:33:58.401Z"
"https://www.printlog3d.com/library/tpu","How to dry filament properly","https://www.printlog3d.com/how-to-dry-filament","https://www.printlog3d.com/how-to-dry-filament","200","internal","internal","","","false","","","","2026-08-31T09:33:58.401Z"
"https://www.printlog3d.com/library/tpu","The full filament guide","https://www.printlog3d.com/3d-printing-filament-guide","https://www.printlog3d.com/3d-printing-filament-guide","200","internal","internal","","","false","","","","2026-08-31T09:33:58.401Z"
"https://www.printlog3d.com/library/tpu","TPE 210-240 °C nozzle · 30-50 °C bed","https://www.printlog3d.com/library/tpe","https://www.printlog3d.com/library/tpe","200","internal","internal","","","false","","","","2026-08-31T09:33:58.401Z"
"https://www.printlog3d.com/library/tpu","PVA 190-220 °C nozzle · 45-60 °C bed","https://www.printlog3d.com/library/pva","https://www.printlog3d.com/library/pva","200","internal","internal","","","false","","","","2026-08-31T09:33:58.401Z"
"https://www.printlog3d.com/library/tpu","PP 220-250 °C nozzle · 85-100 °C bed","https://www.printlog3d.com/library/pp","https://www.printlog3d.com/library/pp","200","internal","internal","","","false","","","","2026-08-31T09:33:58.401Z"
"https://www.printlog3d.com/library/tpu","PVB 215-235 °C nozzle · 60-75 °C bed","https://www.printlog3d.com/library/pvb","https://www.printlog3d.com/library/pvb","200","internal","internal","","","false","","","","2026-08-31T09:33:58.401Z"
"https://www.printlog3d.com/library/tpu","PLA-CF 190-230 °C nozzle · 50-60 °C bed","https://www.printlog3d.com/library/pla-cf","https://www.printlog3d.com/library/pla-cf","200","internal","internal","","","false","","","","2026-08-31T09:33:58.401Z"
"https://www.printlog3d.com/library/tpu","PA-GF 250-280 °C nozzle · 80-100 °C bed","https://www.printlog3d.com/library/pa-gf","https://www.printlog3d.com/library/pa-gf","200","internal","internal","","","false","","","","2026-08-31T09:33:58.401Z"
"https://www.printlog3d.com/library/tpu","All 31 materials →","https://www.printlog3d.com/library","https://www.printlog3d.com/library","200","internal","internal","","","false","","","","2026-08-31T09:33:58.401Z"
"https://www.printlog3d.com/library/tpu","How we source and check this","https://www.printlog3d.com/editorial-policy","https://www.printlog3d.com/editorial-policy","200","internal","internal","","","false","","","","2026-08-31T09:33:58.401Z"
"https://www.printlog3d.com/library/tpu","Materials","https://www.printlog3d.com/library","https://www.printlog3d.com/library","200","internal","internal","","","false","","","","2026-08-31T09:33:58.401Z"
"https://www.printlog3d.com/library/tpu","Guides","https://www.printlog3d.com/3d-printing-filament-guide","https://www.printlog3d.com/3d-printing-filament-guide","200","internal","internal","","","false","","","","2026-08-31T09:33:58.401Z"
"https://www.printlog3d.com/library/tpu","Workshop","https://www.printlog3d.com/workshop","https://www.printlog3d.com/workshop","200","internal","internal","","","false","","","","2026-08-31T09:33:58.401Z"
"https://www.printlog3d.com/library/tpu","Recommended Gear","https://www.printlog3d.com/recommended-gear","https://www.printlog3d.com/recommended-gear","200","internal","internal","","","false","","","","2026-08-31T09:33:58.401Z"
"https://www.printlog3d.com/library/tpu","Get It Printed","https://www.printlog3d.com/get-it-printed","https://www.printlog3d.com/get-it-printed","200","internal","internal","","","false","","","","2026-08-31T09:33:58.401Z"
"https://www.printlog3d.com/library/tpu","Free Download","https://www.printlog3d.com/free-download","https://www.printlog3d.com/free-download","200","internal","internal","","","false","","","","2026-08-31T09:33:58.401Z"
"https://www.printlog3d.com/library/tpu","About","https://www.printlog3d.com/about","https://www.printlog3d.com/about","200","internal","internal","","","false","","","","2026-08-31T09:33:58.401Z"
"https://www.printlog3d.com/library/tpu","Support","https://www.printlog3d.com/support","https://www.printlog3d.com/support","200","internal","internal","","","false","","","","2026-08-31T09:33:58.401Z"
"https://www.printlog3d.com/library/tpu","Editorial policy","https://www.printlog3d.com/editorial-policy","https://www.printlog3d.com/editorial-policy","200","internal","internal","","","false","","","","2026-08-31T09:33:58.401Z"
"https://www.printlog3d.com/library/tpu","Disclosure","https://www.printlog3d.com/disclosure","https://www.printlog3d.com/disclosure","200","internal","internal","","","false","","","","2026-08-31T09:33:58.401Z"
"https://www.printlog3d.com/library/tpu","Privacy","https://www.printlog3d.com/privacy","https://www.printlog3d.com/privacy","200","internal","internal","","","false","","","","2026-08-31T09:33:58.401Z"
"https://www.printlog3d.com/library/tpu","Terms","https://www.printlog3d.com/terms","https://www.printlog3d.com/terms","200","internal","internal","","","false","","","","2026-08-31T09:33:58.401Z"
"https://www.printlog3d.com/library/tpe","","https://www.printlog3d.com/","https://www.printlog3d.com/","200","internal","internal","","","false","","","","2026-08-31T09:33:58.401Z"
"https://www.printlog3d.com/library/tpe","Materials","https://www.printlog3d.com/library","https://www.printlog3d.com/library","200","internal","internal","","","false","","","","2026-08-31T09:33:58.401Z"
"https://www.printlog3d.com/library/tpe","Guides","https://www.printlog3d.com/3d-printing-filament-guide","https://www.printlog3d.com/3d-printing-filament-guide","200","internal","internal","","","false","","","","2026-08-31T09:33:58.401Z"
"https://www.printlog3d.com/library/tpe","Workshop","https://www.printlog3d.com/workshop","https://www.printlog3d.com/workshop","200","internal","internal","","","false","","","","2026-08-31T09:33:58.401Z"
"https://www.printlog3d.com/library/tpe","Gear","https://www.printlog3d.com/recommended-gear","https://www.printlog3d.com/recommended-gear","200","internal","internal","","","false","","","","2026-08-31T09:33:58.401Z"
"https://www.printlog3d.com/library/tpe","Get It Printed","https://www.printlog3d.com/get-it-printed","https://www.printlog3d.com/get-it-printed","200","internal","internal","","","false","","","","2026-08-31T09:33:58.401Z"
"https://www.printlog3d.com/library/tpe","Free Download","https://www.printlog3d.com/free-download","https://www.printlog3d.com/free-download","200","internal","internal","","","false","","","","2026-08-31T09:33:58.401Z"
"https://www.printlog3d.com/library/tpe","About","https://www.printlog3d.com/about","https://www.printlog3d.com/about","200","internal","internal","","","false","","","","2026-08-31T09:33:58.401Z"
"https://www.printlog3d.com/library/tpe","Free Download","https://www.printlog3d.com/free-download","https://www.printlog3d.com/free-download","200","internal","internal","","","false","","","","2026-08-31T09:33:58.401Z"
"https://www.printlog3d.com/library/tpe","Home","https://www.printlog3d.com/","https://www.printlog3d.com/","200","internal","internal","","","false","","","","2026-08-31T09:33:58.401Z"
"https://www.printlog3d.com/library/tpe","Materials","https://www.printlog3d.com/library","https://www.printlog3d.com/library","200","internal","internal","","","false","","","","2026-08-31T09:33:58.401Z"
"https://www.printlog3d.com/library/tpe","MatterHackers","https://www.matterhackers.com/","https://www.matterhackers.com/","200","external","commercial","MatterHackers","matterhackers","n/a-no-credentials","","noopener noreferrer","","2026-08-31T09:33:58.401Z"
"https://www.printlog3d.com/library/tpe","Printed Solid","https://www.printedsolid.com/","https://www.printedsolid.com/","200","external","editorial","Printed Solid","","false","","noopener noreferrer","","2026-08-31T09:33:58.401Z"
"https://www.printlog3d.com/library/tpe","Check Amazon for TPE","https://www.amazon.com/s?k=TPE%20flexible%20filament%201.75mm&tag=printlog3d-20","https://www.amazon.com/s?k=TPE%20flexible%20filament%201.75mm&tag=printlog3d-20","200","external","commercial","Amazon","amazon-associates","true","printlog3d-20","nofollow noopener noreferrer sponsored","","2026-08-31T09:33:58.401Z"
"https://www.printlog3d.com/library/tpe","Compare all materials","https://www.printlog3d.com/library","https://www.printlog3d.com/library","200","internal","internal","","","false","","","","2026-08-31T09:33:58.401Z"
"https://www.printlog3d.com/library/tpe","See filament dryer on Amazon","https://www.amazon.com/s?k=filament%20dryer%2045C&tag=printlog3d-20","https://www.amazon.com/s?k=filament%20dryer%2045C&tag=printlog3d-20","200","external","commercial","Amazon","amazon-associates","true","printlog3d-20","nofollow noopener noreferrer sponsored","","2026-08-31T09:33:58.401Z"
"https://www.printlog3d.com/library/tpe","See airtight storage with desiccant on Amazon","https://www.amazon.com/s?k=filament%20storage%20container%20desiccant&tag=printlog3d-20","https://www.amazon.com/s?k=filament%20storage%20container%20desiccant&tag=printlog3d-20","200","external","commercial","Amazon","amazon-associates","true","printlog3d-20","nofollow noopener noreferrer sponsored","","2026-08-31T09:33:58.401Z"
"https://www.printlog3d.com/library/tpe","Read the TPU settings guide →","https://www.printlog3d.com/library/tpu","https://www.printlog3d.com/library/tpu","200","internal","internal","","","false","","","","2026-08-31T09:33:58.401Z"
"https://www.printlog3d.com/library/tpe","3D print tolerance: what fits and what does not","https://www.printlog3d.com/workshop/3d-print-tolerance","https://www.printlog3d.com/workshop/3d-print-tolerance","200","internal","internal","","","false","","","","2026-08-31T09:33:58.401Z"
"https://www.printlog3d.com/library/tpe","How to store 3D printer filament","https://www.printlog3d.com/workshop/filament-storage","https://www.printlog3d.com/workshop/filament-storage","200","internal","internal","","","false","","","","2026-08-31T09:33:58.401Z"
"https://www.printlog3d.com/library/tpe","How to dry filament properly","https://www.printlog3d.com/how-to-dry-filament","https://www.printlog3d.com/how-to-dry-filament","200","internal","internal","","","false","","","","2026-08-31T09:33:58.401Z"
"https://www.printlog3d.com/library/tpe","The full filament guide","https://www.printlog3d.com/3d-printing-filament-guide","https://www.printlog3d.com/3d-printing-filament-guide","200","internal","internal","","","false","","","","2026-08-31T09:33:58.401Z"
"https://www.printlog3d.com/library/tpe","PVA 190-220 °C nozzle · 45-60 °C bed","https://www.printlog3d.com/library/pva","https://www.printlog3d.com/library/pva","200","internal","internal","","","false","","","","2026-08-31T09:33:58.401Z"
"https://www.printlog3d.com/library/tpe","PP 220-250 °C nozzle · 85-100 °C bed","https://www.printlog3d.com/library/pp","https://www.printlog3d.com/library/pp","200","internal","internal","","","false","","","","2026-08-31T09:33:58.401Z"
"https://www.printlog3d.com/library/tpe","PVB 215-235 °C nozzle · 60-75 °C bed","https://www.printlog3d.com/library/pvb","https://www.printlog3d.com/library/pvb","200","internal","internal","","","false","","","","2026-08-31T09:33:58.401Z"
"https://www.printlog3d.com/library/tpe","PLA-CF 190-230 °C nozzle · 50-60 °C bed","https://www.printlog3d.com/library/pla-cf","https://www.printlog3d.com/library/pla-cf","200","internal","internal","","","false","","","","2026-08-31T09:33:58.401Z"
"https://www.printlog3d.com/library/tpe","PA-GF 250-280 °C nozzle · 80-100 °C bed","https://www.printlog3d.com/library/pa-gf","https://www.printlog3d.com/library/pa-gf","200","internal","internal","","","false","","","","2026-08-31T09:33:58.401Z"
"https://www.printlog3d.com/library/tpe","ASA-CF 240-270 °C nozzle · 90-110 °C bed","https://www.printlog3d.com/library/asa-cf","https://www.printlog3d.com/library/asa-cf","200","internal","internal","","","false","","","","2026-08-31T09:33:58.401Z"
"https://www.printlog3d.com/library/tpe","All 31 materials →","https://www.printlog3d.com/library","https://www.printlog3d.com/library","200","internal","internal","","","false","","","","2026-08-31T09:33:58.401Z"
"https://www.printlog3d.com/library/tpe","How we source and check this","https://www.printlog3d.com/editorial-policy","https://www.printlog3d.com/editorial-policy","200","internal","internal","","","false","","","","2026-08-31T09:33:58.401Z"
"https://www.printlog3d.com/library/tpe","Materials","https://www.printlog3d.com/library","https://www.printlog3d.com/library","200","internal","internal","","","false","","","","2026-08-31T09:33:58.401Z"
"https://www.printlog3d.com/library/tpe","Guides","https://www.printlog3d.com/3d-printing-filament-guide","https://www.printlog3d.com/3d-printing-filament-guide","200","internal","internal","","","false","","","","2026-08-31T09:33:58.401Z"
"https://www.printlog3d.com/library/tpe","Workshop","https://www.printlog3d.com/workshop","https://www.printlog3d.com/workshop","200","internal","internal","","","false","","","","2026-08-31T09:33:58.401Z"
"https://www.printlog3d.com/library/tpe","Recommended Gear","https://www.printlog3d.com/recommended-gear","https://www.printlog3d.com/recommended-gear","200","internal","internal","","","false","","","","2026-08-31T09:33:58.401Z"
"https://www.printlog3d.com/library/tpe","Get It Printed","https://www.printlog3d.com/get-it-printed","https://www.printlog3d.com/get-it-printed","200","internal","internal","","","false","","","","2026-08-31T09:33:58.401Z"
"https://www.printlog3d.com/library/tpe","Free Download","https://www.printlog3d.com/free-download","https://www.printlog3d.com/free-download","200","internal","internal","","","false","","","","2026-08-31T09:33:58.401Z"
"https://www.printlog3d.com/library/tpe","About","https://www.printlog3d.com/about","https://www.printlog3d.com/about","200","internal","internal","","","false","","","","2026-08-31T09:33:58.401Z"
"https://www.printlog3d.com/library/tpe","Support","https://www.printlog3d.com/support","https://www.printlog3d.com/support","200","internal","internal","","","false","","","","2026-08-31T09:33:58.401Z"
"https://www.printlog3d.com/library/tpe","Editorial policy","https://www.printlog3d.com/editorial-policy","https://www.printlog3d.com/editorial-policy","200","internal","internal","","","false","","","","2026-08-31T09:33:58.401Z"
"https://www.printlog3d.com/library/tpe","Disclosure","https://www.printlog3d.com/disclosure","https://www.printlog3d.com/disclosure","200","internal","internal","","","false","","","","2026-08-31T09:33:58.401Z"
"https://www.printlog3d.com/library/tpe","Privacy","https://www.printlog3d.com/privacy","https://www.printlog3d.com/privacy","200","internal","internal","","","false","","","","2026-08-31T09:33:58.401Z"
"https://www.printlog3d.com/library/tpe","Terms","https://www.printlog3d.com/terms","https://www.printlog3d.com/terms","200","internal","internal","","","false","","","","2026-08-31T09:33:58.401Z"
"https://www.printlog3d.com/library/pva","","https://www.printlog3d.com/","https://www.printlog3d.com/","200","internal","internal","","","false","","","","2026-08-31T09:33:58.401Z"
"https://www.printlog3d.com/library/pva","Materials","https://www.printlog3d.com/library","https://www.printlog3d.com/library","200","internal","internal","","","false","","","","2026-08-31T09:33:58.401Z"
"https://www.printlog3d.com/library/pva","Guides","https://www.printlog3d.com/3d-printing-filament-guide","https://www.printlog3d.com/3d-printing-filament-guide","200","internal","internal","","","false","","","","2026-08-31T09:33:58.401Z"
"https://www.printlog3d.com/library/pva","Workshop","https://www.printlog3d.com/workshop","https://www.printlog3d.com/workshop","200","internal","internal","","","false","","","","2026-08-31T09:33:58.401Z"
"https://www.printlog3d.com/library/pva","Gear","https://www.printlog3d.com/recommended-gear","https://www.printlog3d.com/recommended-gear","200","internal","internal","","","false","","","","2026-08-31T09:33:58.401Z"
"https://www.printlog3d.com/library/pva","Get It Printed","https://www.printlog3d.com/get-it-printed","https://www.printlog3d.com/get-it-printed","200","internal","internal","","","false","","","","2026-08-31T09:33:58.401Z"
"https://www.printlog3d.com/library/pva","Free Download","https://www.printlog3d.com/free-download","https://www.printlog3d.com/free-download","200","internal","internal","","","false","","","","2026-08-31T09:33:58.401Z"
"https://www.printlog3d.com/library/pva","About","https://www.printlog3d.com/about","https://www.printlog3d.com/about","200","internal","internal","","","false","","","","2026-08-31T09:33:58.401Z"
"https://www.printlog3d.com/library/pva","Free Download","https://www.printlog3d.com/free-download","https://www.printlog3d.com/free-download","200","internal","internal","","","false","","","","2026-08-31T09:33:58.401Z"
"https://www.printlog3d.com/library/pva","Home","https://www.printlog3d.com/","https://www.printlog3d.com/","200","internal","internal","","","false","","","","2026-08-31T09:33:58.401Z"
"https://www.printlog3d.com/library/pva","Materials","https://www.printlog3d.com/library","https://www.printlog3d.com/library","200","internal","internal","","","false","","","","2026-08-31T09:33:58.401Z"
"https://www.printlog3d.com/library/pva","MatterHackers","https://www.matterhackers.com/","https://www.matterhackers.com/","200","external","commercial","MatterHackers","matterhackers","n/a-no-credentials","","noopener noreferrer","","2026-08-31T09:33:58.401Z"
"https://www.printlog3d.com/library/pva","Printed Solid","https://www.printedsolid.com/","https://www.printedsolid.com/","200","external","editorial","Printed Solid","","false","","noopener noreferrer","","2026-08-31T09:33:58.401Z"
"https://www.printlog3d.com/library/pva","Check Amazon for PVA","https://www.amazon.com/s?k=PVA%20dissolvable%20support%20filament%201.75mm&tag=printlog3d-20","https://www.amazon.com/s?k=PVA%20dissolvable%20support%20filament%201.75mm&tag=printlog3d-20","200","external","commercial","Amazon","amazon-associates","true","printlog3d-20","nofollow noopener noreferrer sponsored","","2026-08-31T09:33:58.401Z"
"https://www.printlog3d.com/library/pva","Compare all materials","https://www.printlog3d.com/library","https://www.printlog3d.com/library","200","internal","internal","","","false","","","","2026-08-31T09:33:58.401Z"
"https://www.printlog3d.com/library/pva","See filament dryer on Amazon","https://www.amazon.com/s?k=filament%20dryer%2045C&tag=printlog3d-20","https://www.amazon.com/s?k=filament%20dryer%2045C&tag=printlog3d-20","200","external","commercial","Amazon","amazon-associates","true","printlog3d-20","nofollow noopener noreferrer sponsored","","2026-08-31T09:33:58.401Z"
"https://www.printlog3d.com/library/pva","See airtight storage with desiccant on Amazon","https://www.amazon.com/s?k=filament%20storage%20container%20desiccant&tag=printlog3d-20","https://www.amazon.com/s?k=filament%20storage%20container%20desiccant&tag=printlog3d-20","200","external","commercial","Amazon","amazon-associates","true","printlog3d-20","nofollow noopener noreferrer sponsored","","2026-08-31T09:33:58.401Z"
"https://www.printlog3d.com/library/pva","Read the HIPS settings guide →","https://www.printlog3d.com/library/hips","https://www.printlog3d.com/library/hips","200","internal","internal","","","false","","","","2026-08-31T09:33:58.401Z"
"https://www.printlog3d.com/library/pva","How to store 3D printer filament","https://www.printlog3d.com/workshop/filament-storage","https://www.printlog3d.com/workshop/filament-storage","200","internal","internal","","","false","","","","2026-08-31T09:33:58.401Z"
"https://www.printlog3d.com/library/pva","How to dry filament properly","https://www.printlog3d.com/how-to-dry-filament","https://www.printlog3d.com/how-to-dry-filament","200","internal","internal","","","false","","","","2026-08-31T09:33:58.401Z"
"https://www.printlog3d.com/library/pva","The full filament guide","https://www.printlog3d.com/3d-printing-filament-guide","https://www.printlog3d.com/3d-printing-filament-guide","200","internal","internal","","","false","","","","2026-08-31T09:33:58.401Z"
"https://www.printlog3d.com/library/pva","PP 220-250 °C nozzle · 85-100 °C bed","https://www.printlog3d.com/library/pp","https://www.printlog3d.com/library/pp","200","internal","internal","","","false","","","","2026-08-31T09:33:58.401Z"
"https://www.printlog3d.com/library/pva","PVB 215-235 °C nozzle · 60-75 °C bed","https://www.printlog3d.com/library/pvb","https://www.printlog3d.com/library/pvb","200","internal","internal","","","false","","","","2026-08-31T09:33:58.401Z"
"https://www.printlog3d.com/library/pva","PLA-CF 190-230 °C nozzle · 50-60 °C bed","https://www.printlog3d.com/library/pla-cf","https://www.printlog3d.com/library/pla-cf","200","internal","internal","","","false","","","","2026-08-31T09:33:58.401Z"
"https://www.printlog3d.com/library/pva","PA-GF 250-280 °C nozzle · 80-100 °C bed","https://www.printlog3d.com/library/pa-gf","https://www.printlog3d.com/library/pa-gf","200","internal","internal","","","false","","","","2026-08-31T09:33:58.401Z"
"https://www.printlog3d.com/library/pva","ASA-CF 240-270 °C nozzle · 90-110 °C bed","https://www.printlog3d.com/library/asa-cf","https://www.printlog3d.com/library/asa-cf","200","internal","internal","","","false","","","","2026-08-31T09:33:58.401Z"
"https://www.printlog3d.com/library/pva","PC-CF 260-300 °C nozzle · 100-120 °C bed","https://www.printlog3d.com/library/pc-cf","https://www.printlog3d.com/library/pc-cf","200","internal","internal","","","false","","","","2026-08-31T09:33:58.401Z"
"https://www.printlog3d.com/library/pva","All 31 materials →","https://www.printlog3d.com/library","https://www.printlog3d.com/library","200","internal","internal","","","false","","","","2026-08-31T09:33:58.401Z"
"https://www.printlog3d.com/library/pva","How we source and check this","https://www.printlog3d.com/editorial-policy","https://www.printlog3d.com/editorial-policy","200","internal","internal","","","false","","","","2026-08-31T09:33:58.401Z"
"https://www.printlog3d.com/library/pva","Materials","https://www.printlog3d.com/library","https://www.printlog3d.com/library","200","internal","internal","","","false","","","","2026-08-31T09:33:58.401Z"
"https://www.printlog3d.com/library/pva","Guides","https://www.printlog3d.com/3d-printing-filament-guide","https://www.printlog3d.com/3d-printing-filament-guide","200","internal","internal","","","false","","","","2026-08-31T09:33:58.401Z"
"https://www.printlog3d.com/library/pva","Workshop","https://www.printlog3d.com/workshop","https://www.printlog3d.com/workshop","200","internal","internal","","","false","","","","2026-08-31T09:33:58.401Z"
"https://www.printlog3d.com/library/pva","Recommended Gear","https://www.printlog3d.com/recommended-gear","https://www.printlog3d.com/recommended-gear","200","internal","internal","","","false","","","","2026-08-31T09:33:58.401Z"
"https://www.printlog3d.com/library/pva","Get It Printed","https://www.printlog3d.com/get-it-printed","https://www.printlog3d.com/get-it-printed","200","internal","internal","","","false","","","","2026-08-31T09:33:58.401Z"
"https://www.printlog3d.com/library/pva","Free Download","https://www.printlog3d.com/free-download","https://www.printlog3d.com/free-download","200","internal","internal","","","false","","","","2026-08-31T09:33:58.401Z"
"https://www.printlog3d.com/library/pva","About","https://www.printlog3d.com/about","https://www.printlog3d.com/about","200","internal","internal","","","false","","","","2026-08-31T09:33:58.401Z"
"https://www.printlog3d.com/library/pva","Support","https://www.printlog3d.com/support","https://www.printlog3d.com/support","200","internal","internal","","","false","","","","2026-08-31T09:33:58.401Z"
"https://www.printlog3d.com/library/pva","Editorial policy","https://www.printlog3d.com/editorial-policy","https://www.printlog3d.com/editorial-policy","200","internal","internal","","","false","","","","2026-08-31T09:33:58.401Z"
"https://www.printlog3d.com/library/pva","Disclosure","https://www.printlog3d.com/disclosure","https://www.printlog3d.com/disclosure","200","internal","internal","","","false","","","","2026-08-31T09:33:58.401Z"
"https://www.printlog3d.com/library/pva","Privacy","https://www.printlog3d.com/privacy","https://www.printlog3d.com/privacy","200","internal","internal","","","false","","","","2026-08-31T09:33:58.401Z"
"https://www.printlog3d.com/library/pva","Terms","https://www.printlog3d.com/terms","https://www.printlog3d.com/terms","200","internal","internal","","","false","","","","2026-08-31T09:33:58.401Z"
"https://www.printlog3d.com/library/pp","","https://www.printlog3d.com/","https://www.printlog3d.com/","200","internal","internal","","","false","","","","2026-08-31T09:33:58.401Z"
"https://www.printlog3d.com/library/pp","Materials","https://www.printlog3d.com/library","https://www.printlog3d.com/library","200","internal","internal","","","false","","","","2026-08-31T09:33:58.401Z"
"https://www.printlog3d.com/library/pp","Guides","https://www.printlog3d.com/3d-printing-filament-guide","https://www.printlog3d.com/3d-printing-filament-guide","200","internal","internal","","","false","","","","2026-08-31T09:33:58.401Z"
"https://www.printlog3d.com/library/pp","Workshop","https://www.printlog3d.com/workshop","https://www.printlog3d.com/workshop","200","internal","internal","","","false","","","","2026-08-31T09:33:58.401Z"
"https://www.printlog3d.com/library/pp","Gear","https://www.printlog3d.com/recommended-gear","https://www.printlog3d.com/recommended-gear","200","internal","internal","","","false","","","","2026-08-31T09:33:58.401Z"
"https://www.printlog3d.com/library/pp","Get It Printed","https://www.printlog3d.com/get-it-printed","https://www.printlog3d.com/get-it-printed","200","internal","internal","","","false","","","","2026-08-31T09:33:58.401Z"
"https://www.printlog3d.com/library/pp","Free Download","https://www.printlog3d.com/free-download","https://www.printlog3d.com/free-download","200","internal","internal","","","false","","","","2026-08-31T09:33:58.401Z"
"https://www.printlog3d.com/library/pp","About","https://www.printlog3d.com/about","https://www.printlog3d.com/about","200","internal","internal","","","false","","","","2026-08-31T09:33:58.401Z"
"https://www.printlog3d.com/library/pp","Free Download","https://www.printlog3d.com/free-download","https://www.printlog3d.com/free-download","200","internal","internal","","","false","","","","2026-08-31T09:33:58.401Z"
"https://www.printlog3d.com/library/pp","Home","https://www.printlog3d.com/","https://www.printlog3d.com/","200","internal","internal","","","false","","","","2026-08-31T09:33:58.401Z"
"https://www.printlog3d.com/library/pp","Materials","https://www.printlog3d.com/library","https://www.printlog3d.com/library","200","internal","internal","","","false","","","","2026-08-31T09:33:58.401Z"
"https://www.printlog3d.com/library/pp","MatterHackers","https://www.matterhackers.com/","https://www.matterhackers.com/","200","external","commercial","MatterHackers","matterhackers","n/a-no-credentials","","noopener noreferrer","","2026-08-31T09:33:58.401Z"
"https://www.printlog3d.com/library/pp","Printed Solid","https://www.printedsolid.com/","https://www.printedsolid.com/","200","external","editorial","Printed Solid","","false","","noopener noreferrer","","2026-08-31T09:33:58.401Z"
"https://www.printlog3d.com/library/pp","Check Amazon for PP","https://www.amazon.com/s?k=polypropylene%20filament%201.75mm&tag=printlog3d-20","https://www.amazon.com/s?k=polypropylene%20filament%201.75mm&tag=printlog3d-20","200","external","commercial","Amazon","amazon-associates","true","printlog3d-20","nofollow noopener noreferrer sponsored","","2026-08-31T09:33:58.401Z"
"https://www.printlog3d.com/library/pp","Compare all materials","https://www.printlog3d.com/library","https://www.printlog3d.com/library","200","internal","internal","","","false","","","","2026-08-31T09:33:58.401Z"
"https://www.printlog3d.com/library/pp","Read the PETG settings guide →","https://www.printlog3d.com/library/petg","https://www.printlog3d.com/library/petg","200","internal","internal","","","false","","","","2026-08-31T09:33:58.401Z"
"https://www.printlog3d.com/library/pp","3D print tolerance: what fits and what does not","https://www.printlog3d.com/workshop/3d-print-tolerance","https://www.printlog3d.com/workshop/3d-print-tolerance","200","internal","internal","","","false","","","","2026-08-31T09:33:58.401Z"
"https://www.printlog3d.com/library/pp","The full filament guide","https://www.printlog3d.com/3d-printing-filament-guide","https://www.printlog3d.com/3d-printing-filament-guide","200","internal","internal","","","false","","","","2026-08-31T09:33:58.401Z"
"https://www.printlog3d.com/library/pp","PVB 215-235 °C nozzle · 60-75 °C bed","https://www.printlog3d.com/library/pvb","https://www.printlog3d.com/library/pvb","200","internal","internal","","","false","","","","2026-08-31T09:33:58.401Z"
"https://www.printlog3d.com/library/pp","PLA-CF 190-230 °C nozzle · 50-60 °C bed","https://www.printlog3d.com/library/pla-cf","https://www.printlog3d.com/library/pla-cf","200","internal","internal","","","false","","","","2026-08-31T09:33:58.401Z"
"https://www.printlog3d.com/library/pp","PA-GF 250-280 °C nozzle · 80-100 °C bed","https://www.printlog3d.com/library/pa-gf","https://www.printlog3d.com/library/pa-gf","200","internal","internal","","","false","","","","2026-08-31T09:33:58.401Z"
"https://www.printlog3d.com/library/pp","ASA-CF 240-270 °C nozzle · 90-110 °C bed","https://www.printlog3d.com/library/asa-cf","https://www.printlog3d.com/library/asa-cf","200","internal","internal","","","false","","","","2026-08-31T09:33:58.401Z"
"https://www.printlog3d.com/library/pp","PC-CF 260-300 °C nozzle · 100-120 °C bed","https://www.printlog3d.com/library/pc-cf","https://www.printlog3d.com/library/pc-cf","200","internal","internal","","","false","","","","2026-08-31T09:33:58.401Z"
"https://www.printlog3d.com/library/pp","PEI 370-410 °C nozzle · 140-180 °C bed","https://www.printlog3d.com/library/pei","https://www.printlog3d.com/library/pei","200","internal","internal","","","false","","","","2026-08-31T09:33:58.401Z"
"https://www.printlog3d.com/library/pp","All 31 materials →","https://www.printlog3d.com/library","https://www.printlog3d.com/library","200","internal","internal","","","false","","","","2026-08-31T09:33:58.401Z"
"https://www.printlog3d.com/library/pp","How we source and check this","https://www.printlog3d.com/editorial-policy","https://www.printlog3d.com/editorial-policy","200","internal","internal","","","false","","","","2026-08-31T09:33:58.401Z"
"https://www.printlog3d.com/library/pp","Materials","https://www.printlog3d.com/library","https://www.printlog3d.com/library","200","internal","internal","","","false","","","","2026-08-31T09:33:58.401Z"
"https://www.printlog3d.com/library/pp","Guides","https://www.printlog3d.com/3d-printing-filament-guide","https://www.printlog3d.com/3d-printing-filament-guide","200","internal","internal","","","false","","","","2026-08-31T09:33:58.401Z"
"https://www.printlog3d.com/library/pp","Workshop","https://www.printlog3d.com/workshop","https://www.printlog3d.com/workshop","200","internal","internal","","","false","","","","2026-08-31T09:33:58.401Z"
"https://www.printlog3d.com/library/pp","Recommended Gear","https://www.printlog3d.com/recommended-gear","https://www.printlog3d.com/recommended-gear","200","internal","internal","","","false","","","","2026-08-31T09:33:58.401Z"
"https://www.printlog3d.com/library/pp","Get It Printed","https://www.printlog3d.com/get-it-printed","https://www.printlog3d.com/get-it-printed","200","internal","internal","","","false","","","","2026-08-31T09:33:58.401Z"
"https://www.printlog3d.com/library/pp","Free Download","https://www.printlog3d.com/free-download","https://www.printlog3d.com/free-download","200","internal","internal","","","false","","","","2026-08-31T09:33:58.401Z"
"https://www.printlog3d.com/library/pp","About","https://www.printlog3d.com/about","https://www.printlog3d.com/about","200","internal","internal","","","false","","","","2026-08-31T09:33:58.401Z"
"https://www.printlog3d.com/library/pp","Support","https://www.printlog3d.com/support","https://www.printlog3d.com/support","200","internal","internal","","","false","","","","2026-08-31T09:33:58.401Z"
"https://www.printlog3d.com/library/pp","Editorial policy","https://www.printlog3d.com/editorial-policy","https://www.printlog3d.com/editorial-policy","200","internal","internal","","","false","","","","2026-08-31T09:33:58.401Z"
"https://www.printlog3d.com/library/pp","Disclosure","https://www.printlog3d.com/disclosure","https://www.printlog3d.com/disclosure","200","internal","internal","","","false","","","","2026-08-31T09:33:58.401Z"
"https://www.printlog3d.com/library/pp","Privacy","https://www.printlog3d.com/privacy","https://www.printlog3d.com/privacy","200","internal","internal","","","false","","","","2026-08-31T09:33:58.401Z"
"https://www.printlog3d.com/library/pp","Terms","https://www.printlog3d.com/terms","https://www.printlog3d.com/terms","200","internal","internal","","","false","","","","2026-08-31T09:33:58.401Z"
"https://www.printlog3d.com/library/pvb","","https://www.printlog3d.com/","https://www.printlog3d.com/","200","internal","internal","","","false","","","","2026-08-31T09:33:58.401Z"
"https://www.printlog3d.com/library/pvb","Materials","https://www.printlog3d.com/library","https://www.printlog3d.com/library","200","internal","internal","","","false","","","","2026-08-31T09:33:58.401Z"
"https://www.printlog3d.com/library/pvb","Guides","https://www.printlog3d.com/3d-printing-filament-guide","https://www.printlog3d.com/3d-printing-filament-guide","200","internal","internal","","","false","","","","2026-08-31T09:33:58.401Z"
"https://www.printlog3d.com/library/pvb","Workshop","https://www.printlog3d.com/workshop","https://www.printlog3d.com/workshop","200","internal","internal","","","false","","","","2026-08-31T09:33:58.401Z"
"https://www.printlog3d.com/library/pvb","Gear","https://www.printlog3d.com/recommended-gear","https://www.printlog3d.com/recommended-gear","200","internal","internal","","","false","","","","2026-08-31T09:33:58.401Z"
"https://www.printlog3d.com/library/pvb","Get It Printed","https://www.printlog3d.com/get-it-printed","https://www.printlog3d.com/get-it-printed","200","internal","internal","","","false","","","","2026-08-31T09:33:58.401Z"
"https://www.printlog3d.com/library/pvb","Free Download","https://www.printlog3d.com/free-download","https://www.printlog3d.com/free-download","200","internal","internal","","","false","","","","2026-08-31T09:33:58.401Z"
"https://www.printlog3d.com/library/pvb","About","https://www.printlog3d.com/about","https://www.printlog3d.com/about","200","internal","internal","","","false","","","","2026-08-31T09:33:58.401Z"
"https://www.printlog3d.com/library/pvb","Free Download","https://www.printlog3d.com/free-download","https://www.printlog3d.com/free-download","200","internal","internal","","","false","","","","2026-08-31T09:33:58.401Z"
"https://www.printlog3d.com/library/pvb","Home","https://www.printlog3d.com/","https://www.printlog3d.com/","200","internal","internal","","","false","","","","2026-08-31T09:33:58.401Z"
"https://www.printlog3d.com/library/pvb","Materials","https://www.printlog3d.com/library","https://www.printlog3d.com/library","200","internal","internal","","","false","","","","2026-08-31T09:33:58.401Z"
"https://www.printlog3d.com/library/pvb","MatterHackers","https://www.matterhackers.com/","https://www.matterhackers.com/","200","external","commercial","MatterHackers","matterhackers","n/a-no-credentials","","noopener noreferrer","","2026-08-31T09:33:58.401Z"
"https://www.printlog3d.com/library/pvb","Printed Solid","https://www.printedsolid.com/","https://www.printedsolid.com/","200","external","editorial","Printed Solid","","false","","noopener noreferrer","","2026-08-31T09:33:58.401Z"
"https://www.printlog3d.com/library/pvb","Check Amazon for PVB","https://www.amazon.com/s?k=PVB%20filament%201.75mm%20smoothable&tag=printlog3d-20","https://www.amazon.com/s?k=PVB%20filament%201.75mm%20smoothable&tag=printlog3d-20","200","external","commercial","Amazon","amazon-associates","true","printlog3d-20","nofollow noopener noreferrer sponsored","","2026-08-31T09:33:58.401Z"
"https://www.printlog3d.com/library/pvb","Compare all materials","https://www.printlog3d.com/library","https://www.printlog3d.com/library","200","internal","internal","","","false","","","","2026-08-31T09:33:58.401Z"
"https://www.printlog3d.com/library/pvb","See filament dryer on Amazon","https://www.amazon.com/s?k=filament%20dryer%2050C&tag=printlog3d-20","https://www.amazon.com/s?k=filament%20dryer%2050C&tag=printlog3d-20","200","external","commercial","Amazon","amazon-associates","true","printlog3d-20","nofollow noopener noreferrer sponsored","","2026-08-31T09:33:58.401Z"
"https://www.printlog3d.com/library/pvb","See airtight storage with desiccant on Amazon","https://www.amazon.com/s?k=filament%20storage%20container%20desiccant&tag=printlog3d-20","https://www.amazon.com/s?k=filament%20storage%20container%20desiccant&tag=printlog3d-20","200","external","commercial","Amazon","amazon-associates","true","printlog3d-20","nofollow noopener noreferrer sponsored","","2026-08-31T09:33:58.401Z"
"https://www.printlog3d.com/library/pvb","Read the PETG settings guide →","https://www.printlog3d.com/library/petg","https://www.printlog3d.com/library/petg","200","internal","internal","","","false","","","","2026-08-31T09:33:58.401Z"
"https://www.printlog3d.com/library/pvb","Sanding and finishing a 3D print","https://www.printlog3d.com/workshop/sanding-and-finishing-3d-prints","https://www.printlog3d.com/workshop/sanding-and-finishing-3d-prints","200","internal","internal","","","false","","","","2026-08-31T09:33:58.401Z"
"https://www.printlog3d.com/library/pvb","How to dry filament properly","https://www.printlog3d.com/how-to-dry-filament","https://www.printlog3d.com/how-to-dry-filament","200","internal","internal","","","false","","","","2026-08-31T09:33:58.401Z"
"https://www.printlog3d.com/library/pvb","The full filament guide","https://www.printlog3d.com/3d-printing-filament-guide","https://www.printlog3d.com/3d-printing-filament-guide","200","internal","internal","","","false","","","","2026-08-31T09:33:58.401Z"
"https://www.printlog3d.com/library/pvb","PLA-CF 190-230 °C nozzle · 50-60 °C bed","https://www.printlog3d.com/library/pla-cf","https://www.printlog3d.com/library/pla-cf","200","internal","internal","","","false","","","","2026-08-31T09:33:58.401Z"
"https://www.printlog3d.com/library/pvb","PA-GF 250-280 °C nozzle · 80-100 °C bed","https://www.printlog3d.com/library/pa-gf","https://www.printlog3d.com/library/pa-gf","200","internal","internal","","","false","","","","2026-08-31T09:33:58.401Z"
"https://www.printlog3d.com/library/pvb","ASA-CF 240-270 °C nozzle · 90-110 °C bed","https://www.printlog3d.com/library/asa-cf","https://www.printlog3d.com/library/asa-cf","200","internal","internal","","","false","","","","2026-08-31T09:33:58.401Z"
"https://www.printlog3d.com/library/pvb","PC-CF 260-300 °C nozzle · 100-120 °C bed","https://www.printlog3d.com/library/pc-cf","https://www.printlog3d.com/library/pc-cf","200","internal","internal","","","false","","","","2026-08-31T09:33:58.401Z"
"https://www.printlog3d.com/library/pvb","PEI 370-410 °C nozzle · 140-180 °C bed","https://www.printlog3d.com/library/pei","https://www.printlog3d.com/library/pei","200","internal","internal","","","false","","","","2026-08-31T09:33:58.401Z"
"https://www.printlog3d.com/library/pvb","PPS 300-340 °C nozzle · 120-150 °C bed","https://www.printlog3d.com/library/pps","https://www.printlog3d.com/library/pps","200","internal","internal","","","false","","","","2026-08-31T09:33:58.401Z"
"https://www.printlog3d.com/library/pvb","All 31 materials →","https://www.printlog3d.com/library","https://www.printlog3d.com/library","200","internal","internal","","","false","","","","2026-08-31T09:33:58.401Z"
"https://www.printlog3d.com/library/pvb","How we source and check this","https://www.printlog3d.com/editorial-policy","https://www.printlog3d.com/editorial-policy","200","internal","internal","","","false","","","","2026-08-31T09:33:58.401Z"
"https://www.printlog3d.com/library/pvb","Materials","https://www.printlog3d.com/library","https://www.printlog3d.com/library","200","internal","internal","","","false","","","","2026-08-31T09:33:58.401Z"
"https://www.printlog3d.com/library/pvb","Guides","https://www.printlog3d.com/3d-printing-filament-guide","https://www.printlog3d.com/3d-printing-filament-guide","200","internal","internal","","","false","","","","2026-08-31T09:33:58.401Z"
"https://www.printlog3d.com/library/pvb","Workshop","https://www.printlog3d.com/workshop","https://www.printlog3d.com/workshop","200","internal","internal","","","false","","","","2026-08-31T09:33:58.401Z"
"https://www.printlog3d.com/library/pvb","Recommended Gear","https://www.printlog3d.com/recommended-gear","https://www.printlog3d.com/recommended-gear","200","internal","internal","","","false","","","","2026-08-31T09:33:58.401Z"
"https://www.printlog3d.com/library/pvb","Get It Printed","https://www.printlog3d.com/get-it-printed","https://www.printlog3d.com/get-it-printed","200","internal","internal","","","false","","","","2026-08-31T09:33:58.401Z"
"https://www.printlog3d.com/library/pvb","Free Download","https://www.printlog3d.com/free-download","https://www.printlog3d.com/free-download","200","internal","internal","","","false","","","","2026-08-31T09:33:58.401Z"
"https://www.printlog3d.com/library/pvb","About","https://www.printlog3d.com/about","https://www.printlog3d.com/about","200","internal","internal","","","false","","","","2026-08-31T09:33:58.401Z"
"https://www.printlog3d.com/library/pvb","Support","https://www.printlog3d.com/support","https://www.printlog3d.com/support","200","internal","internal","","","false","","","","2026-08-31T09:33:58.401Z"
"https://www.printlog3d.com/library/pvb","Editorial policy","https://www.printlog3d.com/editorial-policy","https://www.printlog3d.com/editorial-policy","200","internal","internal","","","false","","","","2026-08-31T09:33:58.401Z"
"https://www.printlog3d.com/library/pvb","Disclosure","https://www.printlog3d.com/disclosure","https://www.printlog3d.com/disclosure","200","internal","internal","","","false","","","","2026-08-31T09:33:58.401Z"
"https://www.printlog3d.com/library/pvb","Privacy","https://www.printlog3d.com/privacy","https://www.printlog3d.com/privacy","200","internal","internal","","","false","","","","2026-08-31T09:33:58.401Z"
"https://www.printlog3d.com/library/pvb","Terms","https://www.printlog3d.com/terms","https://www.printlog3d.com/terms","200","internal","internal","","","false","","","","2026-08-31T09:33:58.401Z"
"https://www.printlog3d.com/library/pla-cf","","https://www.printlog3d.com/","https://www.printlog3d.com/","200","internal","internal","","","false","","","","2026-08-31T09:33:58.401Z"
"https://www.printlog3d.com/library/pla-cf","Materials","https://www.printlog3d.com/library","https://www.printlog3d.com/library","200","internal","internal","","","false","","","","2026-08-31T09:33:58.401Z"
"https://www.printlog3d.com/library/pla-cf","Guides","https://www.printlog3d.com/3d-printing-filament-guide","https://www.printlog3d.com/3d-printing-filament-guide","200","internal","internal","","","false","","","","2026-08-31T09:33:58.401Z"
"https://www.printlog3d.com/library/pla-cf","Workshop","https://www.printlog3d.com/workshop","https://www.printlog3d.com/workshop","200","internal","internal","","","false","","","","2026-08-31T09:33:58.401Z"
"https://www.printlog3d.com/library/pla-cf","Gear","https://www.printlog3d.com/recommended-gear","https://www.printlog3d.com/recommended-gear","200","internal","internal","","","false","","","","2026-08-31T09:33:58.401Z"
"https://www.printlog3d.com/library/pla-cf","Get It Printed","https://www.printlog3d.com/get-it-printed","https://www.printlog3d.com/get-it-printed","200","internal","internal","","","false","","","","2026-08-31T09:33:58.401Z"
"https://www.printlog3d.com/library/pla-cf","Free Download","https://www.printlog3d.com/free-download","https://www.printlog3d.com/free-download","200","internal","internal","","","false","","","","2026-08-31T09:33:58.401Z"
"https://www.printlog3d.com/library/pla-cf","About","https://www.printlog3d.com/about","https://www.printlog3d.com/about","200","internal","internal","","","false","","","","2026-08-31T09:33:58.401Z"
"https://www.printlog3d.com/library/pla-cf","Free Download","https://www.printlog3d.com/free-download","https://www.printlog3d.com/free-download","200","internal","internal","","","false","","","","2026-08-31T09:33:58.401Z"
"https://www.printlog3d.com/library/pla-cf","Home","https://www.printlog3d.com/","https://www.printlog3d.com/","200","internal","internal","","","false","","","","2026-08-31T09:33:58.401Z"
"https://www.printlog3d.com/library/pla-cf","Materials","https://www.printlog3d.com/library","https://www.printlog3d.com/library","200","internal","internal","","","false","","","","2026-08-31T09:33:58.401Z"
"https://www.printlog3d.com/library/pla-cf","See PLA-CF filament on Amazon","https://www.amazon.com/s?k=pla-cf%20filament%201.75mm&tag=printlog3d-20","https://www.amazon.com/s?k=pla-cf%20filament%201.75mm&tag=printlog3d-20","200","external","commercial","Amazon","amazon-associates","true","printlog3d-20","nofollow noopener noreferrer sponsored","","2026-08-31T09:33:58.401Z"
"https://www.printlog3d.com/library/pla-cf","Compare all materials","https://www.printlog3d.com/library","https://www.printlog3d.com/library","200","internal","internal","","","false","","","","2026-08-31T09:33:58.401Z"
"https://www.printlog3d.com/library/pla-cf","See heat-set threaded inserts on Amazon","https://www.amazon.com/s?k=threaded%20inserts%20m3%20brass&tag=printlog3d-20","https://www.amazon.com/s?k=threaded%20inserts%20m3%20brass&tag=printlog3d-20","200","external","commercial","Amazon","amazon-associates","true","printlog3d-20","nofollow noopener noreferrer sponsored","","2026-08-31T09:33:58.401Z"
"https://www.printlog3d.com/library/pla-cf","Creality · Hardened steel nozzles, MK8 Hardened steel for abrasive filament. MK8","https://www.amazon.com/dp/B09SG855M9?tag=printlog3d-20","https://www.amazon.com/dp/B09SG855M9?tag=printlog3d-20","200","external","commercial","Amazon","amazon-associates","true","printlog3d-20","nofollow noopener noreferrer sponsored","","2026-08-31T09:33:58.401Z"
"https://www.printlog3d.com/library/pla-cf","Read the PLA settings guide →","https://www.printlog3d.com/library/pla","https://www.printlog3d.com/library/pla","200","internal","internal","","","false","","","","2026-08-31T09:33:58.401Z"
"https://www.printlog3d.com/library/pla-cf","Heat-set threaded inserts in 3D printed parts","https://www.printlog3d.com/workshop/heat-set-inserts","https://www.printlog3d.com/workshop/heat-set-inserts","200","internal","internal","","","false","","","","2026-08-31T09:33:58.401Z"
"https://www.printlog3d.com/library/pla-cf","Cleaning and replacing a 3D printer nozzle","https://www.printlog3d.com/workshop/nozzle-maintenance","https://www.printlog3d.com/workshop/nozzle-maintenance","200","internal","internal","","","false","","","","2026-08-31T09:33:58.401Z"
"https://www.printlog3d.com/library/pla-cf","The full filament guide","https://www.printlog3d.com/3d-printing-filament-guide","https://www.printlog3d.com/3d-printing-filament-guide","200","internal","internal","","","false","","","","2026-08-31T09:33:58.401Z"
"https://www.printlog3d.com/library/pla-cf","PA-GF 250-280 °C nozzle · 80-100 °C bed","https://www.printlog3d.com/library/pa-gf","https://www.printlog3d.com/library/pa-gf","200","internal","internal","","","false","","","","2026-08-31T09:33:58.401Z"
"https://www.printlog3d.com/library/pla-cf","ASA-CF 240-270 °C nozzle · 90-110 °C bed","https://www.printlog3d.com/library/asa-cf","https://www.printlog3d.com/library/asa-cf","200","internal","internal","","","false","","","","2026-08-31T09:33:58.401Z"
"https://www.printlog3d.com/library/pla-cf","PC-CF 260-300 °C nozzle · 100-120 °C bed","https://www.printlog3d.com/library/pc-cf","https://www.printlog3d.com/library/pc-cf","200","internal","internal","","","false","","","","2026-08-31T09:33:58.401Z"
"https://www.printlog3d.com/library/pla-cf","PEI 370-410 °C nozzle · 140-180 °C bed","https://www.printlog3d.com/library/pei","https://www.printlog3d.com/library/pei","200","internal","internal","","","false","","","","2026-08-31T09:33:58.401Z"
"https://www.printlog3d.com/library/pla-cf","PPS 300-340 °C nozzle · 120-150 °C bed","https://www.printlog3d.com/library/pps","https://www.printlog3d.com/library/pps","200","internal","internal","","","false","","","","2026-08-31T09:33:58.401Z"
"https://www.printlog3d.com/library/pla-cf","Conductive PLA 195-220 °C nozzle · 50-60 °C bed","https://www.printlog3d.com/library/conductive-pla","https://www.printlog3d.com/library/conductive-pla","200","internal","internal","","","false","","","","2026-08-31T09:33:58.401Z"
"https://www.printlog3d.com/library/pla-cf","All 31 materials →","https://www.printlog3d.com/library","https://www.printlog3d.com/library","200","internal","internal","","","false","","","","2026-08-31T09:33:58.401Z"
"https://www.printlog3d.com/library/pla-cf","How we source and check this","https://www.printlog3d.com/editorial-policy","https://www.printlog3d.com/editorial-policy","200","internal","internal","","","false","","","","2026-08-31T09:33:58.401Z"
"https://www.printlog3d.com/library/pla-cf","Materials","https://www.printlog3d.com/library","https://www.printlog3d.com/library","200","internal","internal","","","false","","","","2026-08-31T09:33:58.401Z"
"https://www.printlog3d.com/library/pla-cf","Guides","https://www.printlog3d.com/3d-printing-filament-guide","https://www.printlog3d.com/3d-printing-filament-guide","200","internal","internal","","","false","","","","2026-08-31T09:33:58.401Z"
"https://www.printlog3d.com/library/pla-cf","Workshop","https://www.printlog3d.com/workshop","https://www.printlog3d.com/workshop","200","internal","internal","","","false","","","","2026-08-31T09:33:58.401Z"
"https://www.printlog3d.com/library/pla-cf","Recommended Gear","https://www.printlog3d.com/recommended-gear","https://www.printlog3d.com/recommended-gear","200","internal","internal","","","false","","","","2026-08-31T09:33:58.401Z"
"https://www.printlog3d.com/library/pla-cf","Get It Printed","https://www.printlog3d.com/get-it-printed","https://www.printlog3d.com/get-it-printed","200","internal","internal","","","false","","","","2026-08-31T09:33:58.401Z"
"https://www.printlog3d.com/library/pla-cf","Free Download","https://www.printlog3d.com/free-download","https://www.printlog3d.com/free-download","200","internal","internal","","","false","","","","2026-08-31T09:33:58.401Z"
"https://www.printlog3d.com/library/pla-cf","About","https://www.printlog3d.com/about","https://www.printlog3d.com/about","200","internal","internal","","","false","","","","2026-08-31T09:33:58.401Z"
"https://www.printlog3d.com/library/pla-cf","Support","https://www.printlog3d.com/support","https://www.printlog3d.com/support","200","internal","internal","","","false","","","","2026-08-31T09:33:58.401Z"
"https://www.printlog3d.com/library/pla-cf","Editorial policy","https://www.printlog3d.com/editorial-policy","https://www.printlog3d.com/editorial-policy","200","internal","internal","","","false","","","","2026-08-31T09:33:58.401Z"
"https://www.printlog3d.com/library/pla-cf","Disclosure","https://www.printlog3d.com/disclosure","https://www.printlog3d.com/disclosure","200","internal","internal","","","false","","","","2026-08-31T09:33:58.401Z"
"https://www.printlog3d.com/library/pla-cf","Privacy","https://www.printlog3d.com/privacy","https://www.printlog3d.com/privacy","200","internal","internal","","","false","","","","2026-08-31T09:33:58.401Z"
"https://www.printlog3d.com/library/pla-cf","Terms","https://www.printlog3d.com/terms","https://www.printlog3d.com/terms","200","internal","internal","","","false","","","","2026-08-31T09:33:58.401Z"
"https://www.printlog3d.com/library/pa-gf","","https://www.printlog3d.com/","https://www.printlog3d.com/","200","internal","internal","","","false","","","","2026-08-31T09:33:58.401Z"
"https://www.printlog3d.com/library/pa-gf","Materials","https://www.printlog3d.com/library","https://www.printlog3d.com/library","200","internal","internal","","","false","","","","2026-08-31T09:33:58.401Z"
"https://www.printlog3d.com/library/pa-gf","Guides","https://www.printlog3d.com/3d-printing-filament-guide","https://www.printlog3d.com/3d-printing-filament-guide","200","internal","internal","","","false","","","","2026-08-31T09:33:58.401Z"
"https://www.printlog3d.com/library/pa-gf","Workshop","https://www.printlog3d.com/workshop","https://www.printlog3d.com/workshop","200","internal","internal","","","false","","","","2026-08-31T09:33:58.401Z"
"https://www.printlog3d.com/library/pa-gf","Gear","https://www.printlog3d.com/recommended-gear","https://www.printlog3d.com/recommended-gear","200","internal","internal","","","false","","","","2026-08-31T09:33:58.401Z"
"https://www.printlog3d.com/library/pa-gf","Get It Printed","https://www.printlog3d.com/get-it-printed","https://www.printlog3d.com/get-it-printed","200","internal","internal","","","false","","","","2026-08-31T09:33:58.401Z"
"https://www.printlog3d.com/library/pa-gf","Free Download","https://www.printlog3d.com/free-download","https://www.printlog3d.com/free-download","200","internal","internal","","","false","","","","2026-08-31T09:33:58.401Z"
"https://www.printlog3d.com/library/pa-gf","About","https://www.printlog3d.com/about","https://www.printlog3d.com/about","200","internal","internal","","","false","","","","2026-08-31T09:33:58.401Z"
"https://www.printlog3d.com/library/pa-gf","Free Download","https://www.printlog3d.com/free-download","https://www.printlog3d.com/free-download","200","internal","internal","","","false","","","","2026-08-31T09:33:58.401Z"
"https://www.printlog3d.com/library/pa-gf","Home","https://www.printlog3d.com/","https://www.printlog3d.com/","200","internal","internal","","","false","","","","2026-08-31T09:33:58.401Z"
"https://www.printlog3d.com/library/pa-gf","Materials","https://www.printlog3d.com/library","https://www.printlog3d.com/library","200","internal","internal","","","false","","","","2026-08-31T09:33:58.401Z"
"https://www.printlog3d.com/library/pa-gf","MatterHackers","https://www.matterhackers.com/","https://www.matterhackers.com/","200","external","commercial","MatterHackers","matterhackers","n/a-no-credentials","","noopener noreferrer","","2026-08-31T09:33:58.401Z"
"https://www.printlog3d.com/library/pa-gf","Printed Solid","https://www.printedsolid.com/","https://www.printedsolid.com/","200","external","editorial","Printed Solid","","false","","noopener noreferrer","","2026-08-31T09:33:58.401Z"
"https://www.printlog3d.com/library/pa-gf","Check Amazon for PA-GF","https://www.amazon.com/s?k=glass%20fiber%20nylon%20filament%201.75mm&tag=printlog3d-20","https://www.amazon.com/s?k=glass%20fiber%20nylon%20filament%201.75mm&tag=printlog3d-20","200","external","commercial","Amazon","amazon-associates","true","printlog3d-20","nofollow noopener noreferrer sponsored","","2026-08-31T09:33:58.401Z"
"https://www.printlog3d.com/library/pa-gf","Compare all materials","https://www.printlog3d.com/library","https://www.printlog3d.com/library","200","internal","internal","","","false","","","","2026-08-31T09:33:58.401Z"
"https://www.printlog3d.com/library/pa-gf","See filament dryer on Amazon","https://www.amazon.com/s?k=filament%20dryer%20nylon&tag=printlog3d-20","https://www.amazon.com/s?k=filament%20dryer%20nylon&tag=printlog3d-20","200","external","commercial","Amazon","amazon-associates","true","printlog3d-20","nofollow noopener noreferrer sponsored","","2026-08-31T09:33:58.401Z"
"https://www.printlog3d.com/library/pa-gf","See printer enclosure on Amazon","https://www.amazon.com/s?k=3d%20printer%20enclosure&tag=printlog3d-20","https://www.amazon.com/s?k=3d%20printer%20enclosure&tag=printlog3d-20","200","external","commercial","Amazon","amazon-associates","true","printlog3d-20","nofollow noopener noreferrer sponsored","","2026-08-31T09:33:58.401Z"
"https://www.printlog3d.com/library/pa-gf","See bed adhesion on Amazon","https://www.amazon.com/s?k=PEI%20build%20plate%203d%20printer&tag=printlog3d-20","https://www.amazon.com/s?k=PEI%20build%20plate%203d%20printer&tag=printlog3d-20","200","external","commercial","Amazon","amazon-associates","true","printlog3d-20","nofollow noopener noreferrer sponsored","","2026-08-31T09:33:58.401Z"
"https://www.printlog3d.com/library/pa-gf","See heat-set threaded inserts on Amazon","https://www.amazon.com/s?k=threaded%20inserts%20m3%20brass&tag=printlog3d-20","https://www.amazon.com/s?k=threaded%20inserts%20m3%20brass&tag=printlog3d-20","200","external","commercial","Amazon","amazon-associates","true","printlog3d-20","nofollow noopener noreferrer sponsored","","2026-08-31T09:33:58.401Z"
"https://www.printlog3d.com/library/pa-gf","Creality · Hardened steel nozzles, MK8 Hardened steel for abrasive filament. MK8","https://www.amazon.com/dp/B09SG855M9?tag=printlog3d-20","https://www.amazon.com/dp/B09SG855M9?tag=printlog3d-20","200","external","commercial","Amazon","amazon-associates","true","printlog3d-20","nofollow noopener noreferrer sponsored","","2026-08-31T09:33:58.401Z"
"https://www.printlog3d.com/library/pa-gf","See airtight storage with desiccant on Amazon","https://www.amazon.com/s?k=filament%20storage%20container%20desiccant&tag=printlog3d-20","https://www.amazon.com/s?k=filament%20storage%20container%20desiccant&tag=printlog3d-20","200","external","commercial","Amazon","amazon-associates","true","printlog3d-20","nofollow noopener noreferrer sponsored","","2026-08-31T09:33:58.401Z"
"https://www.printlog3d.com/library/pa-gf","Read the PA-CF settings guide →","https://www.printlog3d.com/library/pa-cf","https://www.printlog3d.com/library/pa-cf","200","internal","internal","","","false","","","","2026-08-31T09:33:58.401Z"
"https://www.printlog3d.com/library/pa-gf","3D print tolerance: what fits and what does not","https://www.printlog3d.com/workshop/3d-print-tolerance","https://www.printlog3d.com/workshop/3d-print-tolerance","200","internal","internal","","","false","","","","2026-08-31T09:33:58.401Z"
"https://www.printlog3d.com/library/pa-gf","How to store 3D printer filament","https://www.printlog3d.com/workshop/filament-storage","https://www.printlog3d.com/workshop/filament-storage","200","internal","internal","","","false","","","","2026-08-31T09:33:58.401Z"
"https://www.printlog3d.com/library/pa-gf","Cleaning and replacing a 3D printer nozzle","https://www.printlog3d.com/workshop/nozzle-maintenance","https://www.printlog3d.com/workshop/nozzle-maintenance","200","internal","internal","","","false","","","","2026-08-31T09:33:58.401Z"
"https://www.printlog3d.com/library/pa-gf","Why your print is not sticking to the bed","https://www.printlog3d.com/workshop/bed-adhesion-and-first-layer","https://www.printlog3d.com/workshop/bed-adhesion-and-first-layer","200","internal","internal","","","false","","","","2026-08-31T09:33:58.401Z"
"https://www.printlog3d.com/library/pa-gf","How to dry filament properly","https://www.printlog3d.com/how-to-dry-filament","https://www.printlog3d.com/how-to-dry-filament","200","internal","internal","","","false","","","","2026-08-31T09:33:58.401Z"
"https://www.printlog3d.com/library/pa-gf","The full filament guide","https://www.printlog3d.com/3d-printing-filament-guide","https://www.printlog3d.com/3d-printing-filament-guide","200","internal","internal","","","false","","","","2026-08-31T09:33:58.401Z"
"https://www.printlog3d.com/library/pa-gf","ASA-CF 240-270 °C nozzle · 90-110 °C bed","https://www.printlog3d.com/library/asa-cf","https://www.printlog3d.com/library/asa-cf","200","internal","internal","","","false","","","","2026-08-31T09:33:58.401Z"
"https://www.printlog3d.com/library/pa-gf","PC-CF 260-300 °C nozzle · 100-120 °C bed","https://www.printlog3d.com/library/pc-cf","https://www.printlog3d.com/library/pc-cf","200","internal","internal","","","false","","","","2026-08-31T09:33:58.401Z"
"https://www.printlog3d.com/library/pa-gf","PEI 370-410 °C nozzle · 140-180 °C bed","https://www.printlog3d.com/library/pei","https://www.printlog3d.com/library/pei","200","internal","internal","","","false","","","","2026-08-31T09:33:58.401Z"
"https://www.printlog3d.com/library/pa-gf","PPS 300-340 °C nozzle · 120-150 °C bed","https://www.printlog3d.com/library/pps","https://www.printlog3d.com/library/pps","200","internal","internal","","","false","","","","2026-08-31T09:33:58.401Z"
"https://www.printlog3d.com/library/pa-gf","Conductive PLA 195-220 °C nozzle · 50-60 °C bed","https://www.printlog3d.com/library/conductive-pla","https://www.printlog3d.com/library/conductive-pla","200","internal","internal","","","false","","","","2026-08-31T09:33:58.401Z"
"https://www.printlog3d.com/library/pa-gf","Glow PLA 200-225 °C nozzle · 50-60 °C bed","https://www.printlog3d.com/library/glow-pla","https://www.printlog3d.com/library/glow-pla","200","internal","internal","","","false","","","","2026-08-31T09:33:58.401Z"
"https://www.printlog3d.com/library/pa-gf","All 31 materials →","https://www.printlog3d.com/library","https://www.printlog3d.com/library","200","internal","internal","","","false","","","","2026-08-31T09:33:58.401Z"
"https://www.printlog3d.com/library/pa-gf","How we source and check this","https://www.printlog3d.com/editorial-policy","https://www.printlog3d.com/editorial-policy","200","internal","internal","","","false","","","","2026-08-31T09:33:58.401Z"
"https://www.printlog3d.com/library/pa-gf","Materials","https://www.printlog3d.com/library","https://www.printlog3d.com/library","200","internal","internal","","","false","","","","2026-08-31T09:33:58.401Z"
"https://www.printlog3d.com/library/pa-gf","Guides","https://www.printlog3d.com/3d-printing-filament-guide","https://www.printlog3d.com/3d-printing-filament-guide","200","internal","internal","","","false","","","","2026-08-31T09:33:58.401Z"
"https://www.printlog3d.com/library/pa-gf","Workshop","https://www.printlog3d.com/workshop","https://www.printlog3d.com/workshop","200","internal","internal","","","false","","","","2026-08-31T09:33:58.401Z"
"https://www.printlog3d.com/library/pa-gf","Recommended Gear","https://www.printlog3d.com/recommended-gear","https://www.printlog3d.com/recommended-gear","200","internal","internal","","","false","","","","2026-08-31T09:33:58.401Z"
"https://www.printlog3d.com/library/pa-gf","Get It Printed","https://www.printlog3d.com/get-it-printed","https://www.printlog3d.com/get-it-printed","200","internal","internal","","","false","","","","2026-08-31T09:33:58.401Z"
"https://www.printlog3d.com/library/pa-gf","Free Download","https://www.printlog3d.com/free-download","https://www.printlog3d.com/free-download","200","internal","internal","","","false","","","","2026-08-31T09:33:58.401Z"
"https://www.printlog3d.com/library/pa-gf","About","https://www.printlog3d.com/about","https://www.printlog3d.com/about","200","internal","internal","","","false","","","","2026-08-31T09:33:58.401Z"
"https://www.printlog3d.com/library/pa-gf","Support","https://www.printlog3d.com/support","https://www.printlog3d.com/support","200","internal","internal","","","false","","","","2026-08-31T09:33:58.401Z"
"https://www.printlog3d.com/library/pa-gf","Editorial policy","https://www.printlog3d.com/editorial-policy","https://www.printlog3d.com/editorial-policy","200","internal","internal","","","false","","","","2026-08-31T09:33:58.401Z"
"https://www.printlog3d.com/library/pa-gf","Disclosure","https://www.printlog3d.com/disclosure","https://www.printlog3d.com/disclosure","200","internal","internal","","","false","","","","2026-08-31T09:33:58.401Z"
"https://www.printlog3d.com/library/pa-gf","Privacy","https://www.printlog3d.com/privacy","https://www.printlog3d.com/privacy","200","internal","internal","","","false","","","","2026-08-31T09:33:58.401Z"
"https://www.printlog3d.com/library/pa-gf","Terms","https://www.printlog3d.com/terms","https://www.printlog3d.com/terms","200","internal","internal","","","false","","","","2026-08-31T09:33:58.401Z"
"https://www.printlog3d.com/library/asa-cf","","https://www.printlog3d.com/","https://www.printlog3d.com/","200","internal","internal","","","false","","","","2026-08-31T09:33:58.401Z"
"https://www.printlog3d.com/library/asa-cf","Materials","https://www.printlog3d.com/library","https://www.printlog3d.com/library","200","internal","internal","","","false","","","","2026-08-31T09:33:58.401Z"
"https://www.printlog3d.com/library/asa-cf","Guides","https://www.printlog3d.com/3d-printing-filament-guide","https://www.printlog3d.com/3d-printing-filament-guide","200","internal","internal","","","false","","","","2026-08-31T09:33:58.401Z"
"https://www.printlog3d.com/library/asa-cf","Workshop","https://www.printlog3d.com/workshop","https://www.printlog3d.com/workshop","200","internal","internal","","","false","","","","2026-08-31T09:33:58.401Z"
"https://www.printlog3d.com/library/asa-cf","Gear","https://www.printlog3d.com/recommended-gear","https://www.printlog3d.com/recommended-gear","200","internal","internal","","","false","","","","2026-08-31T09:33:58.401Z"
"https://www.printlog3d.com/library/asa-cf","Get It Printed","https://www.printlog3d.com/get-it-printed","https://www.printlog3d.com/get-it-printed","200","internal","internal","","","false","","","","2026-08-31T09:33:58.401Z"
"https://www.printlog3d.com/library/asa-cf","Free Download","https://www.printlog3d.com/free-download","https://www.printlog3d.com/free-download","200","internal","internal","","","false","","","","2026-08-31T09:33:58.401Z"
"https://www.printlog3d.com/library/asa-cf","About","https://www.printlog3d.com/about","https://www.printlog3d.com/about","200","internal","internal","","","false","","","","2026-08-31T09:33:58.401Z"
"https://www.printlog3d.com/library/asa-cf","Free Download","https://www.printlog3d.com/free-download","https://www.printlog3d.com/free-download","200","internal","internal","","","false","","","","2026-08-31T09:33:58.401Z"
"https://www.printlog3d.com/library/asa-cf","Home","https://www.printlog3d.com/","https://www.printlog3d.com/","200","internal","internal","","","false","","","","2026-08-31T09:33:58.401Z"
"https://www.printlog3d.com/library/asa-cf","Materials","https://www.printlog3d.com/library","https://www.printlog3d.com/library","200","internal","internal","","","false","","","","2026-08-31T09:33:58.401Z"
"https://www.printlog3d.com/library/asa-cf","MatterHackers","https://www.matterhackers.com/","https://www.matterhackers.com/","200","external","commercial","MatterHackers","matterhackers","n/a-no-credentials","","noopener noreferrer","","2026-08-31T09:33:58.401Z"
"https://www.printlog3d.com/library/asa-cf","Printed Solid","https://www.printedsolid.com/","https://www.printedsolid.com/","200","external","editorial","Printed Solid","","false","","noopener noreferrer","","2026-08-31T09:33:58.401Z"
"https://www.printlog3d.com/library/asa-cf","Check Amazon for ASA-CF","https://www.amazon.com/s?k=asa-cf%20filament%201.75mm&tag=printlog3d-20","https://www.amazon.com/s?k=asa-cf%20filament%201.75mm&tag=printlog3d-20","200","external","commercial","Amazon","amazon-associates","true","printlog3d-20","nofollow noopener noreferrer sponsored","","2026-08-31T09:33:58.401Z"
"https://www.printlog3d.com/library/asa-cf","Compare all materials","https://www.printlog3d.com/library","https://www.printlog3d.com/library","200","internal","internal","","","false","","","","2026-08-31T09:33:58.401Z"
"https://www.printlog3d.com/library/asa-cf","See filament dryer on Amazon","https://www.amazon.com/s?k=filament%20dryer%20nylon&tag=printlog3d-20","https://www.amazon.com/s?k=filament%20dryer%20nylon&tag=printlog3d-20","200","external","commercial","Amazon","amazon-associates","true","printlog3d-20","nofollow noopener noreferrer sponsored","","2026-08-31T09:33:58.401Z"
"https://www.printlog3d.com/library/asa-cf","See printer enclosure on Amazon","https://www.amazon.com/s?k=3d%20printer%20enclosure&tag=printlog3d-20","https://www.amazon.com/s?k=3d%20printer%20enclosure&tag=printlog3d-20","200","external","commercial","Amazon","amazon-associates","true","printlog3d-20","nofollow noopener noreferrer sponsored","","2026-08-31T09:33:58.401Z"
"https://www.printlog3d.com/library/asa-cf","See bed adhesion on Amazon","https://www.amazon.com/s?k=PEI%20build%20plate%203d%20printer&tag=printlog3d-20","https://www.amazon.com/s?k=PEI%20build%20plate%203d%20printer&tag=printlog3d-20","200","external","commercial","Amazon","amazon-associates","true","printlog3d-20","nofollow noopener noreferrer sponsored","","2026-08-31T09:33:58.401Z"
"https://www.printlog3d.com/library/asa-cf","See heat-set threaded inserts on Amazon","https://www.amazon.com/s?k=threaded%20inserts%20m3%20brass&tag=printlog3d-20","https://www.amazon.com/s?k=threaded%20inserts%20m3%20brass&tag=printlog3d-20","200","external","commercial","Amazon","amazon-associates","true","printlog3d-20","nofollow noopener noreferrer sponsored","","2026-08-31T09:33:58.401Z"
"https://www.printlog3d.com/library/asa-cf","Creality · Hardened steel nozzles, MK8 Hardened steel for abrasive filament. MK8","https://www.amazon.com/dp/B09SG855M9?tag=printlog3d-20","https://www.amazon.com/dp/B09SG855M9?tag=printlog3d-20","200","external","commercial","Amazon","amazon-associates","true","printlog3d-20","nofollow noopener noreferrer sponsored","","2026-08-31T09:33:58.401Z"
"https://www.printlog3d.com/library/asa-cf","See airtight storage with desiccant on Amazon","https://www.amazon.com/s?k=filament%20storage%20container%20desiccant&tag=printlog3d-20","https://www.amazon.com/s?k=filament%20storage%20container%20desiccant&tag=printlog3d-20","200","external","commercial","Amazon","amazon-associates","true","printlog3d-20","nofollow noopener noreferrer sponsored","","2026-08-31T09:33:58.401Z"
"https://www.printlog3d.com/library/asa-cf","Read the ASA settings guide →","https://www.printlog3d.com/library/asa","https://www.printlog3d.com/library/asa","200","internal","internal","","","false","","","","2026-08-31T09:33:58.401Z"
"https://www.printlog3d.com/library/asa-cf","3D print tolerance: what fits and what does not","https://www.printlog3d.com/workshop/3d-print-tolerance","https://www.printlog3d.com/workshop/3d-print-tolerance","200","internal","internal","","","false","","","","2026-08-31T09:33:58.401Z"
"https://www.printlog3d.com/library/asa-cf","How to store 3D printer filament","https://www.printlog3d.com/workshop/filament-storage","https://www.printlog3d.com/workshop/filament-storage","200","internal","internal","","","false","","","","2026-08-31T09:33:58.401Z"
"https://www.printlog3d.com/library/asa-cf","Cleaning and replacing a 3D printer nozzle","https://www.printlog3d.com/workshop/nozzle-maintenance","https://www.printlog3d.com/workshop/nozzle-maintenance","200","internal","internal","","","false","","","","2026-08-31T09:33:58.401Z"
"https://www.printlog3d.com/library/asa-cf","Why your print is not sticking to the bed","https://www.printlog3d.com/workshop/bed-adhesion-and-first-layer","https://www.printlog3d.com/workshop/bed-adhesion-and-first-layer","200","internal","internal","","","false","","","","2026-08-31T09:33:58.401Z"
"https://www.printlog3d.com/library/asa-cf","How to dry filament properly","https://www.printlog3d.com/how-to-dry-filament","https://www.printlog3d.com/how-to-dry-filament","200","internal","internal","","","false","","","","2026-08-31T09:33:58.401Z"
"https://www.printlog3d.com/library/asa-cf","The full filament guide","https://www.printlog3d.com/3d-printing-filament-guide","https://www.printlog3d.com/3d-printing-filament-guide","200","internal","internal","","","false","","","","2026-08-31T09:33:58.401Z"
"https://www.printlog3d.com/library/asa-cf","PC-CF 260-300 °C nozzle · 100-120 °C bed","https://www.printlog3d.com/library/pc-cf","https://www.printlog3d.com/library/pc-cf","200","internal","internal","","","false","","","","2026-08-31T09:33:58.401Z"
"https://www.printlog3d.com/library/asa-cf","PEI 370-410 °C nozzle · 140-180 °C bed","https://www.printlog3d.com/library/pei","https://www.printlog3d.com/library/pei","200","internal","internal","","","false","","","","2026-08-31T09:33:58.401Z"
"https://www.printlog3d.com/library/asa-cf","PPS 300-340 °C nozzle · 120-150 °C bed","https://www.printlog3d.com/library/pps","https://www.printlog3d.com/library/pps","200","internal","internal","","","false","","","","2026-08-31T09:33:58.401Z"
"https://www.printlog3d.com/library/asa-cf","Conductive PLA 195-220 °C nozzle · 50-60 °C bed","https://www.printlog3d.com/library/conductive-pla","https://www.printlog3d.com/library/conductive-pla","200","internal","internal","","","false","","","","2026-08-31T09:33:58.401Z"
"https://www.printlog3d.com/library/asa-cf","Glow PLA 200-225 °C nozzle · 50-60 °C bed","https://www.printlog3d.com/library/glow-pla","https://www.printlog3d.com/library/glow-pla","200","internal","internal","","","false","","","","2026-08-31T09:33:58.401Z"
"https://www.printlog3d.com/library/asa-cf","Magnetic PLA 195-225 °C nozzle · 50-60 °C bed","https://www.printlog3d.com/library/magnetic-pla","https://www.printlog3d.com/library/magnetic-pla","200","internal","internal","","","false","","","","2026-08-31T09:33:58.401Z"
"https://www.printlog3d.com/library/asa-cf","All 31 materials →","https://www.printlog3d.com/library","https://www.printlog3d.com/library","200","internal","internal","","","false","","","","2026-08-31T09:33:58.401Z"
"https://www.printlog3d.com/library/asa-cf","How we source and check this","https://www.printlog3d.com/editorial-policy","https://www.printlog3d.com/editorial-policy","200","internal","internal","","","false","","","","2026-08-31T09:33:58.401Z"
"https://www.printlog3d.com/library/asa-cf","Materials","https://www.printlog3d.com/library","https://www.printlog3d.com/library","200","internal","internal","","","false","","","","2026-08-31T09:33:58.401Z"
"https://www.printlog3d.com/library/asa-cf","Guides","https://www.printlog3d.com/3d-printing-filament-guide","https://www.printlog3d.com/3d-printing-filament-guide","200","internal","internal","","","false","","","","2026-08-31T09:33:58.401Z"
"https://www.printlog3d.com/library/asa-cf","Workshop","https://www.printlog3d.com/workshop","https://www.printlog3d.com/workshop","200","internal","internal","","","false","","","","2026-08-31T09:33:58.401Z"
"https://www.printlog3d.com/library/asa-cf","Recommended Gear","https://www.printlog3d.com/recommended-gear","https://www.printlog3d.com/recommended-gear","200","internal","internal","","","false","","","","2026-08-31T09:33:58.401Z"
"https://www.printlog3d.com/library/asa-cf","Get It Printed","https://www.printlog3d.com/get-it-printed","https://www.printlog3d.com/get-it-printed","200","internal","internal","","","false","","","","2026-08-31T09:33:58.401Z"
"https://www.printlog3d.com/library/asa-cf","Free Download","https://www.printlog3d.com/free-download","https://www.printlog3d.com/free-download","200","internal","internal","","","false","","","","2026-08-31T09:33:58.401Z"
"https://www.printlog3d.com/library/asa-cf","About","https://www.printlog3d.com/about","https://www.printlog3d.com/about","200","internal","internal","","","false","","","","2026-08-31T09:33:58.401Z"
"https://www.printlog3d.com/library/asa-cf","Support","https://www.printlog3d.com/support","https://www.printlog3d.com/support","200","internal","internal","","","false","","","","2026-08-31T09:33:58.401Z"
"https://www.printlog3d.com/library/asa-cf","Editorial policy","https://www.printlog3d.com/editorial-policy","https://www.printlog3d.com/editorial-policy","200","internal","internal","","","false","","","","2026-08-31T09:33:58.401Z"
"https://www.printlog3d.com/library/asa-cf","Disclosure","https://www.printlog3d.com/disclosure","https://www.printlog3d.com/disclosure","200","internal","internal","","","false","","","","2026-08-31T09:33:58.401Z"
"https://www.printlog3d.com/library/asa-cf","Privacy","https://www.printlog3d.com/privacy","https://www.printlog3d.com/privacy","200","internal","internal","","","false","","","","2026-08-31T09:33:58.401Z"
"https://www.printlog3d.com/library/asa-cf","Terms","https://www.printlog3d.com/terms","https://www.printlog3d.com/terms","200","internal","internal","","","false","","","","2026-08-31T09:33:58.401Z"
"https://www.printlog3d.com/library/pc-cf","","https://www.printlog3d.com/","https://www.printlog3d.com/","200","internal","internal","","","false","","","","2026-08-31T09:33:58.401Z"
"https://www.printlog3d.com/library/pc-cf","Materials","https://www.printlog3d.com/library","https://www.printlog3d.com/library","200","internal","internal","","","false","","","","2026-08-31T09:33:58.401Z"
"https://www.printlog3d.com/library/pc-cf","Guides","https://www.printlog3d.com/3d-printing-filament-guide","https://www.printlog3d.com/3d-printing-filament-guide","200","internal","internal","","","false","","","","2026-08-31T09:33:58.401Z"
"https://www.printlog3d.com/library/pc-cf","Workshop","https://www.printlog3d.com/workshop","https://www.printlog3d.com/workshop","200","internal","internal","","","false","","","","2026-08-31T09:33:58.401Z"
"https://www.printlog3d.com/library/pc-cf","Gear","https://www.printlog3d.com/recommended-gear","https://www.printlog3d.com/recommended-gear","200","internal","internal","","","false","","","","2026-08-31T09:33:58.401Z"
"https://www.printlog3d.com/library/pc-cf","Get It Printed","https://www.printlog3d.com/get-it-printed","https://www.printlog3d.com/get-it-printed","200","internal","internal","","","false","","","","2026-08-31T09:33:58.401Z"
"https://www.printlog3d.com/library/pc-cf","Free Download","https://www.printlog3d.com/free-download","https://www.printlog3d.com/free-download","200","internal","internal","","","false","","","","2026-08-31T09:33:58.401Z"
"https://www.printlog3d.com/library/pc-cf","About","https://www.printlog3d.com/about","https://www.printlog3d.com/about","200","internal","internal","","","false","","","","2026-08-31T09:33:58.401Z"
"https://www.printlog3d.com/library/pc-cf","Free Download","https://www.printlog3d.com/free-download","https://www.printlog3d.com/free-download","200","internal","internal","","","false","","","","2026-08-31T09:33:58.401Z"
"https://www.printlog3d.com/library/pc-cf","Home","https://www.printlog3d.com/","https://www.printlog3d.com/","200","internal","internal","","","false","","","","2026-08-31T09:33:58.401Z"
"https://www.printlog3d.com/library/pc-cf","Materials","https://www.printlog3d.com/library","https://www.printlog3d.com/library","200","internal","internal","","","false","","","","2026-08-31T09:33:58.401Z"
"https://www.printlog3d.com/library/pc-cf","MatterHackers","https://www.matterhackers.com/","https://www.matterhackers.com/","200","external","commercial","MatterHackers","matterhackers","n/a-no-credentials","","noopener noreferrer","","2026-08-31T09:33:58.401Z"
"https://www.printlog3d.com/library/pc-cf","Printed Solid","https://www.printedsolid.com/","https://www.printedsolid.com/","200","external","editorial","Printed Solid","","false","","noopener noreferrer","","2026-08-31T09:33:58.401Z"
"https://www.printlog3d.com/library/pc-cf","Check Amazon for PC-CF","https://www.amazon.com/s?k=pc-cf%20filament%201.75mm&tag=printlog3d-20","https://www.amazon.com/s?k=pc-cf%20filament%201.75mm&tag=printlog3d-20","200","external","commercial","Amazon","amazon-associates","true","printlog3d-20","nofollow noopener noreferrer sponsored","","2026-08-31T09:33:58.401Z"
"https://www.printlog3d.com/library/pc-cf","Compare all materials","https://www.printlog3d.com/library","https://www.printlog3d.com/library","200","internal","internal","","","false","","","","2026-08-31T09:33:58.401Z"
"https://www.printlog3d.com/library/pc-cf","See filament dryer on Amazon","https://www.amazon.com/s?k=filament%20dryer%20nylon&tag=printlog3d-20","https://www.amazon.com/s?k=filament%20dryer%20nylon&tag=printlog3d-20","200","external","commercial","Amazon","amazon-associates","true","printlog3d-20","nofollow noopener noreferrer sponsored","","2026-08-31T09:33:58.401Z"
"https://www.printlog3d.com/library/pc-cf","See printer enclosure on Amazon","https://www.amazon.com/s?k=3d%20printer%20enclosure&tag=printlog3d-20","https://www.amazon.com/s?k=3d%20printer%20enclosure&tag=printlog3d-20","200","external","commercial","Amazon","amazon-associates","true","printlog3d-20","nofollow noopener noreferrer sponsored","","2026-08-31T09:33:58.401Z"
"https://www.printlog3d.com/library/pc-cf","See bed adhesion on Amazon","https://www.amazon.com/s?k=PEI%20build%20plate%203d%20printer&tag=printlog3d-20","https://www.amazon.com/s?k=PEI%20build%20plate%203d%20printer&tag=printlog3d-20","200","external","commercial","Amazon","amazon-associates","true","printlog3d-20","nofollow noopener noreferrer sponsored","","2026-08-31T09:33:58.401Z"
"https://www.printlog3d.com/library/pc-cf","See heat-set threaded inserts on Amazon","https://www.amazon.com/s?k=threaded%20inserts%20m3%20brass&tag=printlog3d-20","https://www.amazon.com/s?k=threaded%20inserts%20m3%20brass&tag=printlog3d-20","200","external","commercial","Amazon","amazon-associates","true","printlog3d-20","nofollow noopener noreferrer sponsored","","2026-08-31T09:33:58.401Z"
"https://www.printlog3d.com/library/pc-cf","Creality · Hardened steel nozzles, MK8 Hardened steel for abrasive filament. MK8","https://www.amazon.com/dp/B09SG855M9?tag=printlog3d-20","https://www.amazon.com/dp/B09SG855M9?tag=printlog3d-20","200","external","commercial","Amazon","amazon-associates","true","printlog3d-20","nofollow noopener noreferrer sponsored","","2026-08-31T09:33:58.401Z"
"https://www.printlog3d.com/library/pc-cf","See airtight storage with desiccant on Amazon","https://www.amazon.com/s?k=filament%20storage%20container%20desiccant&tag=printlog3d-20","https://www.amazon.com/s?k=filament%20storage%20container%20desiccant&tag=printlog3d-20","200","external","commercial","Amazon","amazon-associates","true","printlog3d-20","nofollow noopener noreferrer sponsored","","2026-08-31T09:33:58.401Z"
"https://www.printlog3d.com/library/pc-cf","Read the PC settings guide →","https://www.printlog3d.com/library/pc","https://www.printlog3d.com/library/pc","200","internal","internal","","","false","","","","2026-08-31T09:33:58.401Z"
"https://www.printlog3d.com/library/pc-cf","3D print tolerance: what fits and what does not","https://www.printlog3d.com/workshop/3d-print-tolerance","https://www.printlog3d.com/workshop/3d-print-tolerance","200","internal","internal","","","false","","","","2026-08-31T09:33:58.401Z"
"https://www.printlog3d.com/library/pc-cf","How to store 3D printer filament","https://www.printlog3d.com/workshop/filament-storage","https://www.printlog3d.com/workshop/filament-storage","200","internal","internal","","","false","","","","2026-08-31T09:33:58.401Z"
"https://www.printlog3d.com/library/pc-cf","Cleaning and replacing a 3D printer nozzle","https://www.printlog3d.com/workshop/nozzle-maintenance","https://www.printlog3d.com/workshop/nozzle-maintenance","200","internal","internal","","","false","","","","2026-08-31T09:33:58.401Z"
"https://www.printlog3d.com/library/pc-cf","Why your print is not sticking to the bed","https://www.printlog3d.com/workshop/bed-adhesion-and-first-layer","https://www.printlog3d.com/workshop/bed-adhesion-and-first-layer","200","internal","internal","","","false","","","","2026-08-31T09:33:58.401Z"
"https://www.printlog3d.com/library/pc-cf","How to dry filament properly","https://www.printlog3d.com/how-to-dry-filament","https://www.printlog3d.com/how-to-dry-filament","200","internal","internal","","","false","","","","2026-08-31T09:33:58.401Z"
"https://www.printlog3d.com/library/pc-cf","The full filament guide","https://www.printlog3d.com/3d-printing-filament-guide","https://www.printlog3d.com/3d-printing-filament-guide","200","internal","internal","","","false","","","","2026-08-31T09:33:58.401Z"
"https://www.printlog3d.com/library/pc-cf","PEI 370-410 °C nozzle · 140-180 °C bed","https://www.printlog3d.com/library/pei","https://www.printlog3d.com/library/pei","200","internal","internal","","","false","","","","2026-08-31T09:33:58.401Z"
"https://www.printlog3d.com/library/pc-cf","PPS 300-340 °C nozzle · 120-150 °C bed","https://www.printlog3d.com/library/pps","https://www.printlog3d.com/library/pps","200","internal","internal","","","false","","","","2026-08-31T09:33:58.401Z"
"https://www.printlog3d.com/library/pc-cf","Conductive PLA 195-220 °C nozzle · 50-60 °C bed","https://www.printlog3d.com/library/conductive-pla","https://www.printlog3d.com/library/conductive-pla","200","internal","internal","","","false","","","","2026-08-31T09:33:58.401Z"
"https://www.printlog3d.com/library/pc-cf","Glow PLA 200-225 °C nozzle · 50-60 °C bed","https://www.printlog3d.com/library/glow-pla","https://www.printlog3d.com/library/glow-pla","200","internal","internal","","","false","","","","2026-08-31T09:33:58.401Z"
"https://www.printlog3d.com/library/pc-cf","Magnetic PLA 195-225 °C nozzle · 50-60 °C bed","https://www.printlog3d.com/library/magnetic-pla","https://www.printlog3d.com/library/magnetic-pla","200","internal","internal","","","false","","","","2026-08-31T09:33:58.401Z"
"https://www.printlog3d.com/library/pc-cf","PLA 180-220 °C nozzle · 50-60 °C bed","https://www.printlog3d.com/library/pla","https://www.printlog3d.com/library/pla","200","internal","internal","","","false","","","","2026-08-31T09:33:58.401Z"
"https://www.printlog3d.com/library/pc-cf","All 31 materials →","https://www.printlog3d.com/library","https://www.printlog3d.com/library","200","internal","internal","","","false","","","","2026-08-31T09:33:58.401Z"
"https://www.printlog3d.com/library/pc-cf","How we source and check this","https://www.printlog3d.com/editorial-policy","https://www.printlog3d.com/editorial-policy","200","internal","internal","","","false","","","","2026-08-31T09:33:58.401Z"
"https://www.printlog3d.com/library/pc-cf","Materials","https://www.printlog3d.com/library","https://www.printlog3d.com/library","200","internal","internal","","","false","","","","2026-08-31T09:33:58.401Z"
"https://www.printlog3d.com/library/pc-cf","Guides","https://www.printlog3d.com/3d-printing-filament-guide","https://www.printlog3d.com/3d-printing-filament-guide","200","internal","internal","","","false","","","","2026-08-31T09:33:58.401Z"
"https://www.printlog3d.com/library/pc-cf","Workshop","https://www.printlog3d.com/workshop","https://www.printlog3d.com/workshop","200","internal","internal","","","false","","","","2026-08-31T09:33:58.401Z"
"https://www.printlog3d.com/library/pc-cf","Recommended Gear","https://www.printlog3d.com/recommended-gear","https://www.printlog3d.com/recommended-gear","200","internal","internal","","","false","","","","2026-08-31T09:33:58.401Z"
"https://www.printlog3d.com/library/pc-cf","Get It Printed","https://www.printlog3d.com/get-it-printed","https://www.printlog3d.com/get-it-printed","200","internal","internal","","","false","","","","2026-08-31T09:33:58.401Z"
"https://www.printlog3d.com/library/pc-cf","Free Download","https://www.printlog3d.com/free-download","https://www.printlog3d.com/free-download","200","internal","internal","","","false","","","","2026-08-31T09:33:58.401Z"
"https://www.printlog3d.com/library/pc-cf","About","https://www.printlog3d.com/about","https://www.printlog3d.com/about","200","internal","internal","","","false","","","","2026-08-31T09:33:58.401Z"
"https://www.printlog3d.com/library/pc-cf","Support","https://www.printlog3d.com/support","https://www.printlog3d.com/support","200","internal","internal","","","false","","","","2026-08-31T09:33:58.401Z"
"https://www.printlog3d.com/library/pc-cf","Editorial policy","https://www.printlog3d.com/editorial-policy","https://www.printlog3d.com/editorial-policy","200","internal","internal","","","false","","","","2026-08-31T09:33:58.401Z"
"https://www.printlog3d.com/library/pc-cf","Disclosure","https://www.printlog3d.com/disclosure","https://www.printlog3d.com/disclosure","200","internal","internal","","","false","","","","2026-08-31T09:33:58.401Z"
"https://www.printlog3d.com/library/pc-cf","Privacy","https://www.printlog3d.com/privacy","https://www.printlog3d.com/privacy","200","internal","internal","","","false","","","","2026-08-31T09:33:58.401Z"
"https://www.printlog3d.com/library/pc-cf","Terms","https://www.printlog3d.com/terms","https://www.printlog3d.com/terms","200","internal","internal","","","false","","","","2026-08-31T09:33:58.401Z"
"https://www.printlog3d.com/library/pei","","https://www.printlog3d.com/","https://www.printlog3d.com/","200","internal","internal","","","false","","","","2026-08-31T09:33:58.401Z"
"https://www.printlog3d.com/library/pei","Materials","https://www.printlog3d.com/library","https://www.printlog3d.com/library","200","internal","internal","","","false","","","","2026-08-31T09:33:58.401Z"
"https://www.printlog3d.com/library/pei","Guides","https://www.printlog3d.com/3d-printing-filament-guide","https://www.printlog3d.com/3d-printing-filament-guide","200","internal","internal","","","false","","","","2026-08-31T09:33:58.401Z"
"https://www.printlog3d.com/library/pei","Workshop","https://www.printlog3d.com/workshop","https://www.printlog3d.com/workshop","200","internal","internal","","","false","","","","2026-08-31T09:33:58.401Z"
"https://www.printlog3d.com/library/pei","Gear","https://www.printlog3d.com/recommended-gear","https://www.printlog3d.com/recommended-gear","200","internal","internal","","","false","","","","2026-08-31T09:33:58.401Z"
"https://www.printlog3d.com/library/pei","Get It Printed","https://www.printlog3d.com/get-it-printed","https://www.printlog3d.com/get-it-printed","200","internal","internal","","","false","","","","2026-08-31T09:33:58.401Z"
"https://www.printlog3d.com/library/pei","Free Download","https://www.printlog3d.com/free-download","https://www.printlog3d.com/free-download","200","internal","internal","","","false","","","","2026-08-31T09:33:58.401Z"
"https://www.printlog3d.com/library/pei","About","https://www.printlog3d.com/about","https://www.printlog3d.com/about","200","internal","internal","","","false","","","","2026-08-31T09:33:58.401Z"
"https://www.printlog3d.com/library/pei","Free Download","https://www.printlog3d.com/free-download","https://www.printlog3d.com/free-download","200","internal","internal","","","false","","","","2026-08-31T09:33:58.401Z"
"https://www.printlog3d.com/library/pei","Home","https://www.printlog3d.com/","https://www.printlog3d.com/","200","internal","internal","","","false","","","","2026-08-31T09:33:58.401Z"
"https://www.printlog3d.com/library/pei","Materials","https://www.printlog3d.com/library","https://www.printlog3d.com/library","200","internal","internal","","","false","","","","2026-08-31T09:33:58.401Z"
"https://www.printlog3d.com/library/pei","MatterHackers","https://www.matterhackers.com/","https://www.matterhackers.com/","200","external","commercial","MatterHackers","matterhackers","n/a-no-credentials","","noopener noreferrer","","2026-08-31T09:33:58.401Z"
"https://www.printlog3d.com/library/pei","Printed Solid","https://www.printedsolid.com/","https://www.printedsolid.com/","200","external","editorial","Printed Solid","","false","","noopener noreferrer","","2026-08-31T09:33:58.401Z"
"https://www.printlog3d.com/library/pei","Compare all materials","https://www.printlog3d.com/library","https://www.printlog3d.com/library","200","internal","internal","","","false","","","","2026-08-31T09:33:58.401Z"
"https://www.printlog3d.com/library/pei","See high-temperature oven on Amazon","https://www.amazon.com/s?k=laboratory%20drying%20oven&tag=printlog3d-20","https://www.amazon.com/s?k=laboratory%20drying%20oven&tag=printlog3d-20","200","external","commercial","Amazon","amazon-associates","true","printlog3d-20","nofollow noopener noreferrer sponsored","","2026-08-31T09:33:58.401Z"
"https://www.printlog3d.com/library/pei","See printer enclosure on Amazon","https://www.amazon.com/s?k=3d%20printer%20enclosure&tag=printlog3d-20","https://www.amazon.com/s?k=3d%20printer%20enclosure&tag=printlog3d-20","200","external","commercial","Amazon","amazon-associates","true","printlog3d-20","nofollow noopener noreferrer sponsored","","2026-08-31T09:33:58.401Z"
"https://www.printlog3d.com/library/pei","See bed adhesion on Amazon","https://www.amazon.com/s?k=PEI%20build%20plate%203d%20printer&tag=printlog3d-20","https://www.amazon.com/s?k=PEI%20build%20plate%203d%20printer&tag=printlog3d-20","200","external","commercial","Amazon","amazon-associates","true","printlog3d-20","nofollow noopener noreferrer sponsored","","2026-08-31T09:33:58.401Z"
"https://www.printlog3d.com/library/pei","See airtight storage with desiccant on Amazon","https://www.amazon.com/s?k=filament%20storage%20container%20desiccant&tag=printlog3d-20","https://www.amazon.com/s?k=filament%20storage%20container%20desiccant&tag=printlog3d-20","200","external","commercial","Amazon","amazon-associates","true","printlog3d-20","nofollow noopener noreferrer sponsored","","2026-08-31T09:33:58.401Z"
"https://www.printlog3d.com/library/pei","Read the PEEK settings guide →","https://www.printlog3d.com/library/peek","https://www.printlog3d.com/library/peek","200","internal","internal","","","false","","","","2026-08-31T09:33:58.401Z"
"https://www.printlog3d.com/library/pei","3D print tolerance: what fits and what does not","https://www.printlog3d.com/workshop/3d-print-tolerance","https://www.printlog3d.com/workshop/3d-print-tolerance","200","internal","internal","","","false","","","","2026-08-31T09:33:58.401Z"
"https://www.printlog3d.com/library/pei","How to store 3D printer filament","https://www.printlog3d.com/workshop/filament-storage","https://www.printlog3d.com/workshop/filament-storage","200","internal","internal","","","false","","","","2026-08-31T09:33:58.401Z"
"https://www.printlog3d.com/library/pei","Why your print is not sticking to the bed","https://www.printlog3d.com/workshop/bed-adhesion-and-first-layer","https://www.printlog3d.com/workshop/bed-adhesion-and-first-layer","200","internal","internal","","","false","","","","2026-08-31T09:33:58.401Z"
"https://www.printlog3d.com/library/pei","How to dry filament properly","https://www.printlog3d.com/how-to-dry-filament","https://www.printlog3d.com/how-to-dry-filament","200","internal","internal","","","false","","","","2026-08-31T09:33:58.401Z"
"https://www.printlog3d.com/library/pei","The full filament guide","https://www.printlog3d.com/3d-printing-filament-guide","https://www.printlog3d.com/3d-printing-filament-guide","200","internal","internal","","","false","","","","2026-08-31T09:33:58.401Z"
"https://www.printlog3d.com/library/pei","PPS 300-340 °C nozzle · 120-150 °C bed","https://www.printlog3d.com/library/pps","https://www.printlog3d.com/library/pps","200","internal","internal","","","false","","","","2026-08-31T09:33:58.401Z"
"https://www.printlog3d.com/library/pei","Conductive PLA 195-220 °C nozzle · 50-60 °C bed","https://www.printlog3d.com/library/conductive-pla","https://www.printlog3d.com/library/conductive-pla","200","internal","internal","","","false","","","","2026-08-31T09:33:58.401Z"
"https://www.printlog3d.com/library/pei","Glow PLA 200-225 °C nozzle · 50-60 °C bed","https://www.printlog3d.com/library/glow-pla","https://www.printlog3d.com/library/glow-pla","200","internal","internal","","","false","","","","2026-08-31T09:33:58.401Z"
"https://www.printlog3d.com/library/pei","Magnetic PLA 195-225 °C nozzle · 50-60 °C bed","https://www.printlog3d.com/library/magnetic-pla","https://www.printlog3d.com/library/magnetic-pla","200","internal","internal","","","false","","","","2026-08-31T09:33:58.401Z"
"https://www.printlog3d.com/library/pei","PLA 180-220 °C nozzle · 50-60 °C bed","https://www.printlog3d.com/library/pla","https://www.printlog3d.com/library/pla","200","internal","internal","","","false","","","","2026-08-31T09:33:58.401Z"
"https://www.printlog3d.com/library/pei","PETG 220-250 °C nozzle · 70-85 °C bed","https://www.printlog3d.com/library/petg","https://www.printlog3d.com/library/petg","200","internal","internal","","","false","","","","2026-08-31T09:33:58.401Z"
"https://www.printlog3d.com/library/pei","All 31 materials →","https://www.printlog3d.com/library","https://www.printlog3d.com/library","200","internal","internal","","","false","","","","2026-08-31T09:33:58.401Z"
"https://www.printlog3d.com/library/pei","How we source and check this","https://www.printlog3d.com/editorial-policy","https://www.printlog3d.com/editorial-policy","200","internal","internal","","","false","","","","2026-08-31T09:33:58.401Z"
"https://www.printlog3d.com/library/pei","Materials","https://www.printlog3d.com/library","https://www.printlog3d.com/library","200","internal","internal","","","false","","","","2026-08-31T09:33:58.401Z"
"https://www.printlog3d.com/library/pei","Guides","https://www.printlog3d.com/3d-printing-filament-guide","https://www.printlog3d.com/3d-printing-filament-guide","200","internal","internal","","","false","","","","2026-08-31T09:33:58.401Z"
"https://www.printlog3d.com/library/pei","Workshop","https://www.printlog3d.com/workshop","https://www.printlog3d.com/workshop","200","internal","internal","","","false","","","","2026-08-31T09:33:58.401Z"
"https://www.printlog3d.com/library/pei","Recommended Gear","https://www.printlog3d.com/recommended-gear","https://www.printlog3d.com/recommended-gear","200","internal","internal","","","false","","","","2026-08-31T09:33:58.401Z"
"https://www.printlog3d.com/library/pei","Get It Printed","https://www.printlog3d.com/get-it-printed","https://www.printlog3d.com/get-it-printed","200","internal","internal","","","false","","","","2026-08-31T09:33:58.401Z"
"https://www.printlog3d.com/library/pei","Free Download","https://www.printlog3d.com/free-download","https://www.printlog3d.com/free-download","200","internal","internal","","","false","","","","2026-08-31T09:33:58.401Z"
"https://www.printlog3d.com/library/pei","About","https://www.printlog3d.com/about","https://www.printlog3d.com/about","200","internal","internal","","","false","","","","2026-08-31T09:33:58.401Z"
"https://www.printlog3d.com/library/pei","Support","https://www.printlog3d.com/support","https://www.printlog3d.com/support","200","internal","internal","","","false","","","","2026-08-31T09:33:58.401Z"
"https://www.printlog3d.com/library/pei","Editorial policy","https://www.printlog3d.com/editorial-policy","https://www.printlog3d.com/editorial-policy","200","internal","internal","","","false","","","","2026-08-31T09:33:58.401Z"
"https://www.printlog3d.com/library/pei","Disclosure","https://www.printlog3d.com/disclosure","https://www.printlog3d.com/disclosure","200","internal","internal","","","false","","","","2026-08-31T09:33:58.401Z"
"https://www.printlog3d.com/library/pei","Privacy","https://www.printlog3d.com/privacy","https://www.printlog3d.com/privacy","200","internal","internal","","","false","","","","2026-08-31T09:33:58.401Z"
"https://www.printlog3d.com/library/pei","Terms","https://www.printlog3d.com/terms","https://www.printlog3d.com/terms","200","internal","internal","","","false","","","","2026-08-31T09:33:58.401Z"
"https://www.printlog3d.com/library/pps","","https://www.printlog3d.com/","https://www.printlog3d.com/","200","internal","internal","","","false","","","","2026-08-31T09:33:58.401Z"
"https://www.printlog3d.com/library/pps","Materials","https://www.printlog3d.com/library","https://www.printlog3d.com/library","200","internal","internal","","","false","","","","2026-08-31T09:33:58.401Z"
"https://www.printlog3d.com/library/pps","Guides","https://www.printlog3d.com/3d-printing-filament-guide","https://www.printlog3d.com/3d-printing-filament-guide","200","internal","internal","","","false","","","","2026-08-31T09:33:58.401Z"
"https://www.printlog3d.com/library/pps","Workshop","https://www.printlog3d.com/workshop","https://www.printlog3d.com/workshop","200","internal","internal","","","false","","","","2026-08-31T09:33:58.401Z"
"https://www.printlog3d.com/library/pps","Gear","https://www.printlog3d.com/recommended-gear","https://www.printlog3d.com/recommended-gear","200","internal","internal","","","false","","","","2026-08-31T09:33:58.401Z"
"https://www.printlog3d.com/library/pps","Get It Printed","https://www.printlog3d.com/get-it-printed","https://www.printlog3d.com/get-it-printed","200","internal","internal","","","false","","","","2026-08-31T09:33:58.401Z"
"https://www.printlog3d.com/library/pps","Free Download","https://www.printlog3d.com/free-download","https://www.printlog3d.com/free-download","200","internal","internal","","","false","","","","2026-08-31T09:33:58.401Z"
"https://www.printlog3d.com/library/pps","About","https://www.printlog3d.com/about","https://www.printlog3d.com/about","200","internal","internal","","","false","","","","2026-08-31T09:33:58.401Z"
"https://www.printlog3d.com/library/pps","Free Download","https://www.printlog3d.com/free-download","https://www.printlog3d.com/free-download","200","internal","internal","","","false","","","","2026-08-31T09:33:58.401Z"
"https://www.printlog3d.com/library/pps","Home","https://www.printlog3d.com/","https://www.printlog3d.com/","200","internal","internal","","","false","","","","2026-08-31T09:33:58.401Z"
"https://www.printlog3d.com/library/pps","Materials","https://www.printlog3d.com/library","https://www.printlog3d.com/library","200","internal","internal","","","false","","","","2026-08-31T09:33:58.401Z"
"https://www.printlog3d.com/library/pps","MatterHackers","https://www.matterhackers.com/","https://www.matterhackers.com/","200","external","commercial","MatterHackers","matterhackers","n/a-no-credentials","","noopener noreferrer","","2026-08-31T09:33:58.401Z"
"https://www.printlog3d.com/library/pps","Printed Solid","https://www.printedsolid.com/","https://www.printedsolid.com/","200","external","editorial","Printed Solid","","false","","noopener noreferrer","","2026-08-31T09:33:58.401Z"
"https://www.printlog3d.com/library/pps","Compare all materials","https://www.printlog3d.com/library","https://www.printlog3d.com/library","200","internal","internal","","","false","","","","2026-08-31T09:33:58.401Z"
"https://www.printlog3d.com/library/pps","See high-temperature oven on Amazon","https://www.amazon.com/s?k=laboratory%20drying%20oven&tag=printlog3d-20","https://www.amazon.com/s?k=laboratory%20drying%20oven&tag=printlog3d-20","200","external","commercial","Amazon","amazon-associates","true","printlog3d-20","nofollow noopener noreferrer sponsored","","2026-08-31T09:33:58.401Z"
"https://www.printlog3d.com/library/pps","See printer enclosure on Amazon","https://www.amazon.com/s?k=3d%20printer%20enclosure&tag=printlog3d-20","https://www.amazon.com/s?k=3d%20printer%20enclosure&tag=printlog3d-20","200","external","commercial","Amazon","amazon-associates","true","printlog3d-20","nofollow noopener noreferrer sponsored","","2026-08-31T09:33:58.401Z"
"https://www.printlog3d.com/library/pps","See bed adhesion on Amazon","https://www.amazon.com/s?k=PEI%20build%20plate%203d%20printer&tag=printlog3d-20","https://www.amazon.com/s?k=PEI%20build%20plate%203d%20printer&tag=printlog3d-20","200","external","commercial","Amazon","amazon-associates","true","printlog3d-20","nofollow noopener noreferrer sponsored","","2026-08-31T09:33:58.401Z"
"https://www.printlog3d.com/library/pps","See airtight storage with desiccant on Amazon","https://www.amazon.com/s?k=filament%20storage%20container%20desiccant&tag=printlog3d-20","https://www.amazon.com/s?k=filament%20storage%20container%20desiccant&tag=printlog3d-20","200","external","commercial","Amazon","amazon-associates","true","printlog3d-20","nofollow noopener noreferrer sponsored","","2026-08-31T09:33:58.401Z"
"https://www.printlog3d.com/library/pps","Read the PEEK settings guide →","https://www.printlog3d.com/library/peek","https://www.printlog3d.com/library/peek","200","internal","internal","","","false","","","","2026-08-31T09:33:58.401Z"
"https://www.printlog3d.com/library/pps","3D print tolerance: what fits and what does not","https://www.printlog3d.com/workshop/3d-print-tolerance","https://www.printlog3d.com/workshop/3d-print-tolerance","200","internal","internal","","","false","","","","2026-08-31T09:33:58.401Z"
"https://www.printlog3d.com/library/pps","How to store 3D printer filament","https://www.printlog3d.com/workshop/filament-storage","https://www.printlog3d.com/workshop/filament-storage","200","internal","internal","","","false","","","","2026-08-31T09:33:58.401Z"
"https://www.printlog3d.com/library/pps","Why your print is not sticking to the bed","https://www.printlog3d.com/workshop/bed-adhesion-and-first-layer","https://www.printlog3d.com/workshop/bed-adhesion-and-first-layer","200","internal","internal","","","false","","","","2026-08-31T09:33:58.401Z"
"https://www.printlog3d.com/library/pps","How to dry filament properly","https://www.printlog3d.com/how-to-dry-filament","https://www.printlog3d.com/how-to-dry-filament","200","internal","internal","","","false","","","","2026-08-31T09:33:58.401Z"
"https://www.printlog3d.com/library/pps","The full filament guide","https://www.printlog3d.com/3d-printing-filament-guide","https://www.printlog3d.com/3d-printing-filament-guide","200","internal","internal","","","false","","","","2026-08-31T09:33:58.401Z"
"https://www.printlog3d.com/library/pps","Conductive PLA 195-220 °C nozzle · 50-60 °C bed","https://www.printlog3d.com/library/conductive-pla","https://www.printlog3d.com/library/conductive-pla","200","internal","internal","","","false","","","","2026-08-31T09:33:58.401Z"
"https://www.printlog3d.com/library/pps","Glow PLA 200-225 °C nozzle · 50-60 °C bed","https://www.printlog3d.com/library/glow-pla","https://www.printlog3d.com/library/glow-pla","200","internal","internal","","","false","","","","2026-08-31T09:33:58.401Z"
"https://www.printlog3d.com/library/pps","Magnetic PLA 195-225 °C nozzle · 50-60 °C bed","https://www.printlog3d.com/library/magnetic-pla","https://www.printlog3d.com/library/magnetic-pla","200","internal","internal","","","false","","","","2026-08-31T09:33:58.401Z"
"https://www.printlog3d.com/library/pps","PLA 180-220 °C nozzle · 50-60 °C bed","https://www.printlog3d.com/library/pla","https://www.printlog3d.com/library/pla","200","internal","internal","","","false","","","","2026-08-31T09:33:58.401Z"
"https://www.printlog3d.com/library/pps","PETG 220-250 °C nozzle · 70-85 °C bed","https://www.printlog3d.com/library/petg","https://www.printlog3d.com/library/petg","200","internal","internal","","","false","","","","2026-08-31T09:33:58.401Z"
"https://www.printlog3d.com/library/pps","ABS 220-250 °C nozzle · 100-110 °C bed","https://www.printlog3d.com/library/abs","https://www.printlog3d.com/library/abs","200","internal","internal","","","false","","","","2026-08-31T09:33:58.401Z"
"https://www.printlog3d.com/library/pps","All 31 materials →","https://www.printlog3d.com/library","https://www.printlog3d.com/library","200","internal","internal","","","false","","","","2026-08-31T09:33:58.401Z"
"https://www.printlog3d.com/library/pps","How we source and check this","https://www.printlog3d.com/editorial-policy","https://www.printlog3d.com/editorial-policy","200","internal","internal","","","false","","","","2026-08-31T09:33:58.401Z"
"https://www.printlog3d.com/library/pps","Materials","https://www.printlog3d.com/library","https://www.printlog3d.com/library","200","internal","internal","","","false","","","","2026-08-31T09:33:58.401Z"
"https://www.printlog3d.com/library/pps","Guides","https://www.printlog3d.com/3d-printing-filament-guide","https://www.printlog3d.com/3d-printing-filament-guide","200","internal","internal","","","false","","","","2026-08-31T09:33:58.401Z"
"https://www.printlog3d.com/library/pps","Workshop","https://www.printlog3d.com/workshop","https://www.printlog3d.com/workshop","200","internal","internal","","","false","","","","2026-08-31T09:33:58.401Z"
"https://www.printlog3d.com/library/pps","Recommended Gear","https://www.printlog3d.com/recommended-gear","https://www.printlog3d.com/recommended-gear","200","internal","internal","","","false","","","","2026-08-31T09:33:58.401Z"
"https://www.printlog3d.com/library/pps","Get It Printed","https://www.printlog3d.com/get-it-printed","https://www.printlog3d.com/get-it-printed","200","internal","internal","","","false","","","","2026-08-31T09:33:58.401Z"
"https://www.printlog3d.com/library/pps","Free Download","https://www.printlog3d.com/free-download","https://www.printlog3d.com/free-download","200","internal","internal","","","false","","","","2026-08-31T09:33:58.401Z"
"https://www.printlog3d.com/library/pps","About","https://www.printlog3d.com/about","https://www.printlog3d.com/about","200","internal","internal","","","false","","","","2026-08-31T09:33:58.401Z"
"https://www.printlog3d.com/library/pps","Support","https://www.printlog3d.com/support","https://www.printlog3d.com/support","200","internal","internal","","","false","","","","2026-08-31T09:33:58.401Z"
"https://www.printlog3d.com/library/pps","Editorial policy","https://www.printlog3d.com/editorial-policy","https://www.printlog3d.com/editorial-policy","200","internal","internal","","","false","","","","2026-08-31T09:33:58.401Z"
"https://www.printlog3d.com/library/pps","Disclosure","https://www.printlog3d.com/disclosure","https://www.printlog3d.com/disclosure","200","internal","internal","","","false","","","","2026-08-31T09:33:58.401Z"
"https://www.printlog3d.com/library/pps","Privacy","https://www.printlog3d.com/privacy","https://www.printlog3d.com/privacy","200","internal","internal","","","false","","","","2026-08-31T09:33:58.401Z"
"https://www.printlog3d.com/library/pps","Terms","https://www.printlog3d.com/terms","https://www.printlog3d.com/terms","200","internal","internal","","","false","","","","2026-08-31T09:33:58.401Z"
"https://www.printlog3d.com/library/conductive-pla","","https://www.printlog3d.com/","https://www.printlog3d.com/","200","internal","internal","","","false","","","","2026-08-31T09:33:58.401Z"
"https://www.printlog3d.com/library/conductive-pla","Materials","https://www.printlog3d.com/library","https://www.printlog3d.com/library","200","internal","internal","","","false","","","","2026-08-31T09:33:58.401Z"
"https://www.printlog3d.com/library/conductive-pla","Guides","https://www.printlog3d.com/3d-printing-filament-guide","https://www.printlog3d.com/3d-printing-filament-guide","200","internal","internal","","","false","","","","2026-08-31T09:33:58.401Z"
"https://www.printlog3d.com/library/conductive-pla","Workshop","https://www.printlog3d.com/workshop","https://www.printlog3d.com/workshop","200","internal","internal","","","false","","","","2026-08-31T09:33:58.401Z"
"https://www.printlog3d.com/library/conductive-pla","Gear","https://www.printlog3d.com/recommended-gear","https://www.printlog3d.com/recommended-gear","200","internal","internal","","","false","","","","2026-08-31T09:33:58.401Z"
"https://www.printlog3d.com/library/conductive-pla","Get It Printed","https://www.printlog3d.com/get-it-printed","https://www.printlog3d.com/get-it-printed","200","internal","internal","","","false","","","","2026-08-31T09:33:58.401Z"
"https://www.printlog3d.com/library/conductive-pla","Free Download","https://www.printlog3d.com/free-download","https://www.printlog3d.com/free-download","200","internal","internal","","","false","","","","2026-08-31T09:33:58.401Z"
"https://www.printlog3d.com/library/conductive-pla","About","https://www.printlog3d.com/about","https://www.printlog3d.com/about","200","internal","internal","","","false","","","","2026-08-31T09:33:58.401Z"
"https://www.printlog3d.com/library/conductive-pla","Free Download","https://www.printlog3d.com/free-download","https://www.printlog3d.com/free-download","200","internal","internal","","","false","","","","2026-08-31T09:33:58.401Z"
"https://www.printlog3d.com/library/conductive-pla","Home","https://www.printlog3d.com/","https://www.printlog3d.com/","200","internal","internal","","","false","","","","2026-08-31T09:33:58.401Z"
"https://www.printlog3d.com/library/conductive-pla","Materials","https://www.printlog3d.com/library","https://www.printlog3d.com/library","200","internal","internal","","","false","","","","2026-08-31T09:33:58.401Z"
"https://www.printlog3d.com/library/conductive-pla","MatterHackers","https://www.matterhackers.com/","https://www.matterhackers.com/","200","external","commercial","MatterHackers","matterhackers","n/a-no-credentials","","noopener noreferrer","","2026-08-31T09:33:58.401Z"
"https://www.printlog3d.com/library/conductive-pla","Printed Solid","https://www.printedsolid.com/","https://www.printedsolid.com/","200","external","editorial","Printed Solid","","false","","noopener noreferrer","","2026-08-31T09:33:58.401Z"
"https://www.printlog3d.com/library/conductive-pla","Check Amazon for Conductive PLA","https://www.amazon.com/s?k=conductive%20PLA%20filament%201.75mm&tag=printlog3d-20","https://www.amazon.com/s?k=conductive%20PLA%20filament%201.75mm&tag=printlog3d-20","200","external","commercial","Amazon","amazon-associates","true","printlog3d-20","nofollow noopener noreferrer sponsored","","2026-08-31T09:33:58.401Z"
"https://www.printlog3d.com/library/conductive-pla","Compare all materials","https://www.printlog3d.com/library","https://www.printlog3d.com/library","200","internal","internal","","","false","","","","2026-08-31T09:33:58.401Z"
"https://www.printlog3d.com/library/conductive-pla","See heat-set threaded inserts on Amazon","https://www.amazon.com/s?k=threaded%20inserts%20m3%20brass&tag=printlog3d-20","https://www.amazon.com/s?k=threaded%20inserts%20m3%20brass&tag=printlog3d-20","200","external","commercial","Amazon","amazon-associates","true","printlog3d-20","nofollow noopener noreferrer sponsored","","2026-08-31T09:33:58.401Z"
"https://www.printlog3d.com/library/conductive-pla","Read the PLA settings guide →","https://www.printlog3d.com/library/pla","https://www.printlog3d.com/library/pla","200","internal","internal","","","false","","","","2026-08-31T09:33:58.401Z"
"https://www.printlog3d.com/library/conductive-pla","3D print tolerance: what fits and what does not","https://www.printlog3d.com/workshop/3d-print-tolerance","https://www.printlog3d.com/workshop/3d-print-tolerance","200","internal","internal","","","false","","","","2026-08-31T09:33:58.401Z"
"https://www.printlog3d.com/library/conductive-pla","The full filament guide","https://www.printlog3d.com/3d-printing-filament-guide","https://www.printlog3d.com/3d-printing-filament-guide","200","internal","internal","","","false","","","","2026-08-31T09:33:58.401Z"
"https://www.printlog3d.com/library/conductive-pla","Glow PLA 200-225 °C nozzle · 50-60 °C bed","https://www.printlog3d.com/library/glow-pla","https://www.printlog3d.com/library/glow-pla","200","internal","internal","","","false","","","","2026-08-31T09:33:58.401Z"
"https://www.printlog3d.com/library/conductive-pla","Magnetic PLA 195-225 °C nozzle · 50-60 °C bed","https://www.printlog3d.com/library/magnetic-pla","https://www.printlog3d.com/library/magnetic-pla","200","internal","internal","","","false","","","","2026-08-31T09:33:58.401Z"
"https://www.printlog3d.com/library/conductive-pla","PLA 180-220 °C nozzle · 50-60 °C bed","https://www.printlog3d.com/library/pla","https://www.printlog3d.com/library/pla","200","internal","internal","","","false","","","","2026-08-31T09:33:58.401Z"
"https://www.printlog3d.com/library/conductive-pla","PETG 220-250 °C nozzle · 70-85 °C bed","https://www.printlog3d.com/library/petg","https://www.printlog3d.com/library/petg","200","internal","internal","","","false","","","","2026-08-31T09:33:58.401Z"
"https://www.printlog3d.com/library/conductive-pla","ABS 220-250 °C nozzle · 100-110 °C bed","https://www.printlog3d.com/library/abs","https://www.printlog3d.com/library/abs","200","internal","internal","","","false","","","","2026-08-31T09:33:58.401Z"
"https://www.printlog3d.com/library/conductive-pla","ASA 235-255 °C nozzle · 90-110 °C bed","https://www.printlog3d.com/library/asa","https://www.printlog3d.com/library/asa","200","internal","internal","","","false","","","","2026-08-31T09:33:58.401Z"
"https://www.printlog3d.com/library/conductive-pla","All 31 materials →","https://www.printlog3d.com/library","https://www.printlog3d.com/library","200","internal","internal","","","false","","","","2026-08-31T09:33:58.401Z"
"https://www.printlog3d.com/library/conductive-pla","How we source and check this","https://www.printlog3d.com/editorial-policy","https://www.printlog3d.com/editorial-policy","200","internal","internal","","","false","","","","2026-08-31T09:33:58.401Z"
"https://www.printlog3d.com/library/conductive-pla","Materials","https://www.printlog3d.com/library","https://www.printlog3d.com/library","200","internal","internal","","","false","","","","2026-08-31T09:33:58.401Z"
"https://www.printlog3d.com/library/conductive-pla","Guides","https://www.printlog3d.com/3d-printing-filament-guide","https://www.printlog3d.com/3d-printing-filament-guide","200","internal","internal","","","false","","","","2026-08-31T09:33:58.401Z"
"https://www.printlog3d.com/library/conductive-pla","Workshop","https://www.printlog3d.com/workshop","https://www.printlog3d.com/workshop","200","internal","internal","","","false","","","","2026-08-31T09:33:58.401Z"
"https://www.printlog3d.com/library/conductive-pla","Recommended Gear","https://www.printlog3d.com/recommended-gear","https://www.printlog3d.com/recommended-gear","200","internal","internal","","","false","","","","2026-08-31T09:33:58.401Z"
"https://www.printlog3d.com/library/conductive-pla","Get It Printed","https://www.printlog3d.com/get-it-printed","https://www.printlog3d.com/get-it-printed","200","internal","internal","","","false","","","","2026-08-31T09:33:58.401Z"
"https://www.printlog3d.com/library/conductive-pla","Free Download","https://www.printlog3d.com/free-download","https://www.printlog3d.com/free-download","200","internal","internal","","","false","","","","2026-08-31T09:33:58.401Z"
"https://www.printlog3d.com/library/conductive-pla","About","https://www.printlog3d.com/about","https://www.printlog3d.com/about","200","internal","internal","","","false","","","","2026-08-31T09:33:58.401Z"
"https://www.printlog3d.com/library/conductive-pla","Support","https://www.printlog3d.com/support","https://www.printlog3d.com/support","200","internal","internal","","","false","","","","2026-08-31T09:33:58.401Z"
"https://www.printlog3d.com/library/conductive-pla","Editorial policy","https://www.printlog3d.com/editorial-policy","https://www.printlog3d.com/editorial-policy","200","internal","internal","","","false","","","","2026-08-31T09:33:58.401Z"
"https://www.printlog3d.com/library/conductive-pla","Disclosure","https://www.printlog3d.com/disclosure","https://www.printlog3d.com/disclosure","200","internal","internal","","","false","","","","2026-08-31T09:33:58.401Z"
"https://www.printlog3d.com/library/conductive-pla","Privacy","https://www.printlog3d.com/privacy","https://www.printlog3d.com/privacy","200","internal","internal","","","false","","","","2026-08-31T09:33:58.401Z"
"https://www.printlog3d.com/library/conductive-pla","Terms","https://www.printlog3d.com/terms","https://www.printlog3d.com/terms","200","internal","internal","","","false","","","","2026-08-31T09:33:58.401Z"
"https://www.printlog3d.com/library/glow-pla","","https://www.printlog3d.com/","https://www.printlog3d.com/","200","internal","internal","","","false","","","","2026-08-31T09:33:58.401Z"
"https://www.printlog3d.com/library/glow-pla","Materials","https://www.printlog3d.com/library","https://www.printlog3d.com/library","200","internal","internal","","","false","","","","2026-08-31T09:33:58.401Z"
"https://www.printlog3d.com/library/glow-pla","Guides","https://www.printlog3d.com/3d-printing-filament-guide","https://www.printlog3d.com/3d-printing-filament-guide","200","internal","internal","","","false","","","","2026-08-31T09:33:58.401Z"
"https://www.printlog3d.com/library/glow-pla","Workshop","https://www.printlog3d.com/workshop","https://www.printlog3d.com/workshop","200","internal","internal","","","false","","","","2026-08-31T09:33:58.401Z"
"https://www.printlog3d.com/library/glow-pla","Gear","https://www.printlog3d.com/recommended-gear","https://www.printlog3d.com/recommended-gear","200","internal","internal","","","false","","","","2026-08-31T09:33:58.401Z"
"https://www.printlog3d.com/library/glow-pla","Get It Printed","https://www.printlog3d.com/get-it-printed","https://www.printlog3d.com/get-it-printed","200","internal","internal","","","false","","","","2026-08-31T09:33:58.401Z"
"https://www.printlog3d.com/library/glow-pla","Free Download","https://www.printlog3d.com/free-download","https://www.printlog3d.com/free-download","200","internal","internal","","","false","","","","2026-08-31T09:33:58.401Z"
"https://www.printlog3d.com/library/glow-pla","About","https://www.printlog3d.com/about","https://www.printlog3d.com/about","200","internal","internal","","","false","","","","2026-08-31T09:33:58.401Z"
"https://www.printlog3d.com/library/glow-pla","Free Download","https://www.printlog3d.com/free-download","https://www.printlog3d.com/free-download","200","internal","internal","","","false","","","","2026-08-31T09:33:58.401Z"
"https://www.printlog3d.com/library/glow-pla","Home","https://www.printlog3d.com/","https://www.printlog3d.com/","200","internal","internal","","","false","","","","2026-08-31T09:33:58.401Z"
"https://www.printlog3d.com/library/glow-pla","Materials","https://www.printlog3d.com/library","https://www.printlog3d.com/library","200","internal","internal","","","false","","","","2026-08-31T09:33:58.401Z"
"https://www.printlog3d.com/library/glow-pla","See Glow PLA filament on Amazon","https://www.amazon.com/s?k=glow%20in%20the%20dark%20PLA%20filament%201.75mm&tag=printlog3d-20","https://www.amazon.com/s?k=glow%20in%20the%20dark%20PLA%20filament%201.75mm&tag=printlog3d-20","200","external","commercial","Amazon","amazon-associates","true","printlog3d-20","nofollow noopener noreferrer sponsored","","2026-08-31T09:33:58.401Z"
"https://www.printlog3d.com/library/glow-pla","Compare all materials","https://www.printlog3d.com/library","https://www.printlog3d.com/library","200","internal","internal","","","false","","","","2026-08-31T09:33:58.401Z"
"https://www.printlog3d.com/library/glow-pla","Creality · Hardened steel nozzles, MK8 Hardened steel for abrasive filament. MK8","https://www.amazon.com/dp/B09SG855M9?tag=printlog3d-20","https://www.amazon.com/dp/B09SG855M9?tag=printlog3d-20","200","external","commercial","Amazon","amazon-associates","true","printlog3d-20","nofollow noopener noreferrer sponsored","","2026-08-31T09:33:58.401Z"
"https://www.printlog3d.com/library/glow-pla","Read the PLA settings guide →","https://www.printlog3d.com/library/pla","https://www.printlog3d.com/library/pla","200","internal","internal","","","false","","","","2026-08-31T09:33:58.401Z"
"https://www.printlog3d.com/library/glow-pla","Cleaning and replacing a 3D printer nozzle","https://www.printlog3d.com/workshop/nozzle-maintenance","https://www.printlog3d.com/workshop/nozzle-maintenance","200","internal","internal","","","false","","","","2026-08-31T09:33:58.401Z"
"https://www.printlog3d.com/library/glow-pla","The full filament guide","https://www.printlog3d.com/3d-printing-filament-guide","https://www.printlog3d.com/3d-printing-filament-guide","200","internal","internal","","","false","","","","2026-08-31T09:33:58.401Z"
"https://www.printlog3d.com/library/glow-pla","Magnetic PLA 195-225 °C nozzle · 50-60 °C bed","https://www.printlog3d.com/library/magnetic-pla","https://www.printlog3d.com/library/magnetic-pla","200","internal","internal","","","false","","","","2026-08-31T09:33:58.401Z"
"https://www.printlog3d.com/library/glow-pla","PLA 180-220 °C nozzle · 50-60 °C bed","https://www.printlog3d.com/library/pla","https://www.printlog3d.com/library/pla","200","internal","internal","","","false","","","","2026-08-31T09:33:58.401Z"
"https://www.printlog3d.com/library/glow-pla","PETG 220-250 °C nozzle · 70-85 °C bed","https://www.printlog3d.com/library/petg","https://www.printlog3d.com/library/petg","200","internal","internal","","","false","","","","2026-08-31T09:33:58.401Z"
"https://www.printlog3d.com/library/glow-pla","ABS 220-250 °C nozzle · 100-110 °C bed","https://www.printlog3d.com/library/abs","https://www.printlog3d.com/library/abs","200","internal","internal","","","false","","","","2026-08-31T09:33:58.401Z"
"https://www.printlog3d.com/library/glow-pla","ASA 235-255 °C nozzle · 90-110 °C bed","https://www.printlog3d.com/library/asa","https://www.printlog3d.com/library/asa","200","internal","internal","","","false","","","","2026-08-31T09:33:58.401Z"
"https://www.printlog3d.com/library/glow-pla","PC 260-310 °C nozzle · 100-120 °C bed","https://www.printlog3d.com/library/pc","https://www.printlog3d.com/library/pc","200","internal","internal","","","false","","","","2026-08-31T09:33:58.401Z"
"https://www.printlog3d.com/library/glow-pla","All 31 materials →","https://www.printlog3d.com/library","https://www.printlog3d.com/library","200","internal","internal","","","false","","","","2026-08-31T09:33:58.401Z"
"https://www.printlog3d.com/library/glow-pla","How we source and check this","https://www.printlog3d.com/editorial-policy","https://www.printlog3d.com/editorial-policy","200","internal","internal","","","false","","","","2026-08-31T09:33:58.401Z"
"https://www.printlog3d.com/library/glow-pla","Materials","https://www.printlog3d.com/library","https://www.printlog3d.com/library","200","internal","internal","","","false","","","","2026-08-31T09:33:58.401Z"
"https://www.printlog3d.com/library/glow-pla","Guides","https://www.printlog3d.com/3d-printing-filament-guide","https://www.printlog3d.com/3d-printing-filament-guide","200","internal","internal","","","false","","","","2026-08-31T09:33:58.401Z"
"https://www.printlog3d.com/library/glow-pla","Workshop","https://www.printlog3d.com/workshop","https://www.printlog3d.com/workshop","200","internal","internal","","","false","","","","2026-08-31T09:33:58.401Z"
"https://www.printlog3d.com/library/glow-pla","Recommended Gear","https://www.printlog3d.com/recommended-gear","https://www.printlog3d.com/recommended-gear","200","internal","internal","","","false","","","","2026-08-31T09:33:58.401Z"
"https://www.printlog3d.com/library/glow-pla","Get It Printed","https://www.printlog3d.com/get-it-printed","https://www.printlog3d.com/get-it-printed","200","internal","internal","","","false","","","","2026-08-31T09:33:58.401Z"
"https://www.printlog3d.com/library/glow-pla","Free Download","https://www.printlog3d.com/free-download","https://www.printlog3d.com/free-download","200","internal","internal","","","false","","","","2026-08-31T09:33:58.401Z"
"https://www.printlog3d.com/library/glow-pla","About","https://www.printlog3d.com/about","https://www.printlog3d.com/about","200","internal","internal","","","false","","","","2026-08-31T09:33:58.401Z"
"https://www.printlog3d.com/library/glow-pla","Support","https://www.printlog3d.com/support","https://www.printlog3d.com/support","200","internal","internal","","","false","","","","2026-08-31T09:33:58.401Z"
"https://www.printlog3d.com/library/glow-pla","Editorial policy","https://www.printlog3d.com/editorial-policy","https://www.printlog3d.com/editorial-policy","200","internal","internal","","","false","","","","2026-08-31T09:33:58.401Z"
"https://www.printlog3d.com/library/glow-pla","Disclosure","https://www.printlog3d.com/disclosure","https://www.printlog3d.com/disclosure","200","internal","internal","","","false","","","","2026-08-31T09:33:58.401Z"
"https://www.printlog3d.com/library/glow-pla","Privacy","https://www.printlog3d.com/privacy","https://www.printlog3d.com/privacy","200","internal","internal","","","false","","","","2026-08-31T09:33:58.401Z"
"https://www.printlog3d.com/library/glow-pla","Terms","https://www.printlog3d.com/terms","https://www.printlog3d.com/terms","200","internal","internal","","","false","","","","2026-08-31T09:33:58.401Z"
"https://www.printlog3d.com/library/magnetic-pla","","https://www.printlog3d.com/","https://www.printlog3d.com/","200","internal","internal","","","false","","","","2026-08-31T09:33:58.401Z"
"https://www.printlog3d.com/library/magnetic-pla","Materials","https://www.printlog3d.com/library","https://www.printlog3d.com/library","200","internal","internal","","","false","","","","2026-08-31T09:33:58.401Z"
"https://www.printlog3d.com/library/magnetic-pla","Guides","https://www.printlog3d.com/3d-printing-filament-guide","https://www.printlog3d.com/3d-printing-filament-guide","200","internal","internal","","","false","","","","2026-08-31T09:33:58.401Z"
"https://www.printlog3d.com/library/magnetic-pla","Workshop","https://www.printlog3d.com/workshop","https://www.printlog3d.com/workshop","200","internal","internal","","","false","","","","2026-08-31T09:33:58.401Z"
"https://www.printlog3d.com/library/magnetic-pla","Gear","https://www.printlog3d.com/recommended-gear","https://www.printlog3d.com/recommended-gear","200","internal","internal","","","false","","","","2026-08-31T09:33:58.401Z"
"https://www.printlog3d.com/library/magnetic-pla","Get It Printed","https://www.printlog3d.com/get-it-printed","https://www.printlog3d.com/get-it-printed","200","internal","internal","","","false","","","","2026-08-31T09:33:58.401Z"
"https://www.printlog3d.com/library/magnetic-pla","Free Download","https://www.printlog3d.com/free-download","https://www.printlog3d.com/free-download","200","internal","internal","","","false","","","","2026-08-31T09:33:58.401Z"
"https://www.printlog3d.com/library/magnetic-pla","About","https://www.printlog3d.com/about","https://www.printlog3d.com/about","200","internal","internal","","","false","","","","2026-08-31T09:33:58.401Z"
"https://www.printlog3d.com/library/magnetic-pla","Free Download","https://www.printlog3d.com/free-download","https://www.printlog3d.com/free-download","200","internal","internal","","","false","","","","2026-08-31T09:33:58.401Z"
"https://www.printlog3d.com/library/magnetic-pla","Home","https://www.printlog3d.com/","https://www.printlog3d.com/","200","internal","internal","","","false","","","","2026-08-31T09:33:58.401Z"
"https://www.printlog3d.com/library/magnetic-pla","Materials","https://www.printlog3d.com/library","https://www.printlog3d.com/library","200","internal","internal","","","false","","","","2026-08-31T09:33:58.401Z"
"https://www.printlog3d.com/library/magnetic-pla","See Magnetic PLA filament on Amazon","https://www.amazon.com/s?k=iron%20filled%20magnetic%20PLA%20filament%201.75mm&tag=printlog3d-20","https://www.amazon.com/s?k=iron%20filled%20magnetic%20PLA%20filament%201.75mm&tag=printlog3d-20","200","external","commercial","Amazon","amazon-associates","true","printlog3d-20","nofollow noopener noreferrer sponsored","","2026-08-31T09:33:58.401Z"
"https://www.printlog3d.com/library/magnetic-pla","Compare all materials","https://www.printlog3d.com/library","https://www.printlog3d.com/library","200","internal","internal","","","false","","","","2026-08-31T09:33:58.401Z"
"https://www.printlog3d.com/library/magnetic-pla","Creality · Hardened steel nozzles, MK8 Hardened steel for abrasive filament. MK8","https://www.amazon.com/dp/B09SG855M9?tag=printlog3d-20","https://www.amazon.com/dp/B09SG855M9?tag=printlog3d-20","200","external","commercial","Amazon","amazon-associates","true","printlog3d-20","nofollow noopener noreferrer sponsored","","2026-08-31T09:33:58.401Z"
"https://www.printlog3d.com/library/magnetic-pla","Read the PLA Metal settings guide →","https://www.printlog3d.com/library/pla-metal","https://www.printlog3d.com/library/pla-metal","200","internal","internal","","","false","","","","2026-08-31T09:33:58.401Z"
"https://www.printlog3d.com/library/magnetic-pla","Cleaning and replacing a 3D printer nozzle","https://www.printlog3d.com/workshop/nozzle-maintenance","https://www.printlog3d.com/workshop/nozzle-maintenance","200","internal","internal","","","false","","","","2026-08-31T09:33:58.401Z"
"https://www.printlog3d.com/library/magnetic-pla","The full filament guide","https://www.printlog3d.com/3d-printing-filament-guide","https://www.printlog3d.com/3d-printing-filament-guide","200","internal","internal","","","false","","","","2026-08-31T09:33:58.401Z"
"https://www.printlog3d.com/library/magnetic-pla","PLA 180-220 °C nozzle · 50-60 °C bed","https://www.printlog3d.com/library/pla","https://www.printlog3d.com/library/pla","200","internal","internal","","","false","","","","2026-08-31T09:33:58.401Z"
"https://www.printlog3d.com/library/magnetic-pla","PETG 220-250 °C nozzle · 70-85 °C bed","https://www.printlog3d.com/library/petg","https://www.printlog3d.com/library/petg","200","internal","internal","","","false","","","","2026-08-31T09:33:58.401Z"
"https://www.printlog3d.com/library/magnetic-pla","ABS 220-250 °C nozzle · 100-110 °C bed","https://www.printlog3d.com/library/abs","https://www.printlog3d.com/library/abs","200","internal","internal","","","false","","","","2026-08-31T09:33:58.401Z"
"https://www.printlog3d.com/library/magnetic-pla","ASA 235-255 °C nozzle · 90-110 °C bed","https://www.printlog3d.com/library/asa","https://www.printlog3d.com/library/asa","200","internal","internal","","","false","","","","2026-08-31T09:33:58.401Z"
"https://www.printlog3d.com/library/magnetic-pla","PC 260-310 °C nozzle · 100-120 °C bed","https://www.printlog3d.com/library/pc","https://www.printlog3d.com/library/pc","200","internal","internal","","","false","","","","2026-08-31T09:33:58.401Z"
"https://www.printlog3d.com/library/magnetic-pla","PEEK 370-420 °C nozzle · 120-160 °C bed","https://www.printlog3d.com/library/peek","https://www.printlog3d.com/library/peek","200","internal","internal","","","false","","","","2026-08-31T09:33:58.401Z"
"https://www.printlog3d.com/library/magnetic-pla","All 31 materials →","https://www.printlog3d.com/library","https://www.printlog3d.com/library","200","internal","internal","","","false","","","","2026-08-31T09:33:58.401Z"
"https://www.printlog3d.com/library/magnetic-pla","How we source and check this","https://www.printlog3d.com/editorial-policy","https://www.printlog3d.com/editorial-policy","200","internal","internal","","","false","","","","2026-08-31T09:33:58.401Z"
"https://www.printlog3d.com/library/magnetic-pla","Materials","https://www.printlog3d.com/library","https://www.printlog3d.com/library","200","internal","internal","","","false","","","","2026-08-31T09:33:58.401Z"
"https://www.printlog3d.com/library/magnetic-pla","Guides","https://www.printlog3d.com/3d-printing-filament-guide","https://www.printlog3d.com/3d-printing-filament-guide","200","internal","internal","","","false","","","","2026-08-31T09:33:58.401Z"
"https://www.printlog3d.com/library/magnetic-pla","Workshop","https://www.printlog3d.com/workshop","https://www.printlog3d.com/workshop","200","internal","internal","","","false","","","","2026-08-31T09:33:58.401Z"
"https://www.printlog3d.com/library/magnetic-pla","Recommended Gear","https://www.printlog3d.com/recommended-gear","https://www.printlog3d.com/recommended-gear","200","internal","internal","","","false","","","","2026-08-31T09:33:58.401Z"
"https://www.printlog3d.com/library/magnetic-pla","Get It Printed","https://www.printlog3d.com/get-it-printed","https://www.printlog3d.com/get-it-printed","200","internal","internal","","","false","","","","2026-08-31T09:33:58.401Z"
"https://www.printlog3d.com/library/magnetic-pla","Free Download","https://www.printlog3d.com/free-download","https://www.printlog3d.com/free-download","200","internal","internal","","","false","","","","2026-08-31T09:33:58.401Z"
"https://www.printlog3d.com/library/magnetic-pla","About","https://www.printlog3d.com/about","https://www.printlog3d.com/about","200","internal","internal","","","false","","","","2026-08-31T09:33:58.401Z"
"https://www.printlog3d.com/library/magnetic-pla","Support","https://www.printlog3d.com/support","https://www.printlog3d.com/support","200","internal","internal","","","false","","","","2026-08-31T09:33:58.401Z"
"https://www.printlog3d.com/library/magnetic-pla","Editorial policy","https://www.printlog3d.com/editorial-policy","https://www.printlog3d.com/editorial-policy","200","internal","internal","","","false","","","","2026-08-31T09:33:58.401Z"
"https://www.printlog3d.com/library/magnetic-pla","Disclosure","https://www.printlog3d.com/disclosure","https://www.printlog3d.com/disclosure","200","internal","internal","","","false","","","","2026-08-31T09:33:58.401Z"
"https://www.printlog3d.com/library/magnetic-pla","Privacy","https://www.printlog3d.com/privacy","https://www.printlog3d.com/privacy","200","internal","internal","","","false","","","","2026-08-31T09:33:58.401Z"
"https://www.printlog3d.com/library/magnetic-pla","Terms","https://www.printlog3d.com/terms","https://www.printlog3d.com/terms","200","internal","internal","","","false","","","","2026-08-31T09:33:58.401Z"
"https://www.printlog3d.com/workshop/3d-print-tolerance","","https://www.printlog3d.com/","https://www.printlog3d.com/","200","internal","internal","","","false","","","","2026-08-31T09:33:58.401Z"
"https://www.printlog3d.com/workshop/3d-print-tolerance","Materials","https://www.printlog3d.com/library","https://www.printlog3d.com/library","200","internal","internal","","","false","","","","2026-08-31T09:33:58.401Z"
"https://www.printlog3d.com/workshop/3d-print-tolerance","Guides","https://www.printlog3d.com/3d-printing-filament-guide","https://www.printlog3d.com/3d-printing-filament-guide","200","internal","internal","","","false","","","","2026-08-31T09:33:58.401Z"
"https://www.printlog3d.com/workshop/3d-print-tolerance","Workshop","https://www.printlog3d.com/workshop","https://www.printlog3d.com/workshop","200","internal","internal","","","false","","","","2026-08-31T09:33:58.401Z"
"https://www.printlog3d.com/workshop/3d-print-tolerance","Gear","https://www.printlog3d.com/recommended-gear","https://www.printlog3d.com/recommended-gear","200","internal","internal","","","false","","","","2026-08-31T09:33:58.401Z"
"https://www.printlog3d.com/workshop/3d-print-tolerance","Get It Printed","https://www.printlog3d.com/get-it-printed","https://www.printlog3d.com/get-it-printed","200","internal","internal","","","false","","","","2026-08-31T09:33:58.401Z"
"https://www.printlog3d.com/workshop/3d-print-tolerance","Free Download","https://www.printlog3d.com/free-download","https://www.printlog3d.com/free-download","200","internal","internal","","","false","","","","2026-08-31T09:33:58.401Z"
"https://www.printlog3d.com/workshop/3d-print-tolerance","About","https://www.printlog3d.com/about","https://www.printlog3d.com/about","200","internal","internal","","","false","","","","2026-08-31T09:33:58.401Z"
"https://www.printlog3d.com/workshop/3d-print-tolerance","Free Download","https://www.printlog3d.com/free-download","https://www.printlog3d.com/free-download","200","internal","internal","","","false","","","","2026-08-31T09:33:58.401Z"
"https://www.printlog3d.com/workshop/3d-print-tolerance","Home","https://www.printlog3d.com/","https://www.printlog3d.com/","200","internal","internal","","","false","","","","2026-08-31T09:33:58.401Z"
"https://www.printlog3d.com/workshop/3d-print-tolerance","Workshop","https://www.printlog3d.com/workshop","https://www.printlog3d.com/workshop","200","internal","internal","","","false","","","","2026-08-31T09:33:58.401Z"
"https://www.printlog3d.com/workshop/3d-print-tolerance","Download the source","https://www.printlog3d.com/printlog3d-fit-test-coupon.scad","https://www.printlog3d.com/printlog3d-fit-test-coupon.scad","200","internal","internal","","","false","","","","2026-08-31T09:33:58.401Z"
"https://www.printlog3d.com/workshop/3d-print-tolerance","iGaging · Electronic digital caliper, 0-6 inch Reads inch, millimetre and fracti","https://www.amazon.com/dp/B001AQEZ2W?tag=printlog3d-20","https://www.amazon.com/dp/B001AQEZ2W?tag=printlog3d-20","200","external","commercial","Amazon","amazon-associates","true","printlog3d-20","nofollow noopener noreferrer sponsored","","2026-08-31T09:33:58.401Z"
"https://www.printlog3d.com/workshop/3d-print-tolerance","PLA 180-220 °C · bed 50-60 °C","https://www.printlog3d.com/library/pla","https://www.printlog3d.com/library/pla","200","internal","internal","","","false","","","","2026-08-31T09:33:58.401Z"
"https://www.printlog3d.com/workshop/3d-print-tolerance","PETG 220-250 °C · bed 70-85 °C","https://www.printlog3d.com/library/petg","https://www.printlog3d.com/library/petg","200","internal","internal","","","false","","","","2026-08-31T09:33:58.401Z"
"https://www.printlog3d.com/workshop/3d-print-tolerance","ABS 220-250 °C · bed 100-110 °C","https://www.printlog3d.com/library/abs","https://www.printlog3d.com/library/abs","200","internal","internal","","","false","","","","2026-08-31T09:33:58.401Z"
"https://www.printlog3d.com/workshop/3d-print-tolerance","← All workshop guides","https://www.printlog3d.com/workshop","https://www.printlog3d.com/workshop","200","internal","internal","","","false","","","","2026-08-31T09:33:58.401Z"
"https://www.printlog3d.com/workshop/3d-print-tolerance","Next: Supports and deburring →","https://www.printlog3d.com/workshop/removing-supports-and-deburring","https://www.printlog3d.com/workshop/removing-supports-and-deburring","200","internal","internal","","","false","","","","2026-08-31T09:33:58.401Z"
"https://www.printlog3d.com/workshop/3d-print-tolerance","Materials","https://www.printlog3d.com/library","https://www.printlog3d.com/library","200","internal","internal","","","false","","","","2026-08-31T09:33:58.401Z"
"https://www.printlog3d.com/workshop/3d-print-tolerance","Guides","https://www.printlog3d.com/3d-printing-filament-guide","https://www.printlog3d.com/3d-printing-filament-guide","200","internal","internal","","","false","","","","2026-08-31T09:33:58.401Z"
"https://www.printlog3d.com/workshop/3d-print-tolerance","Workshop","https://www.printlog3d.com/workshop","https://www.printlog3d.com/workshop","200","internal","internal","","","false","","","","2026-08-31T09:33:58.401Z"
"https://www.printlog3d.com/workshop/3d-print-tolerance","Recommended Gear","https://www.printlog3d.com/recommended-gear","https://www.printlog3d.com/recommended-gear","200","internal","internal","","","false","","","","2026-08-31T09:33:58.401Z"
"https://www.printlog3d.com/workshop/3d-print-tolerance","Get It Printed","https://www.printlog3d.com/get-it-printed","https://www.printlog3d.com/get-it-printed","200","internal","internal","","","false","","","","2026-08-31T09:33:58.401Z"
"https://www.printlog3d.com/workshop/3d-print-tolerance","Free Download","https://www.printlog3d.com/free-download","https://www.printlog3d.com/free-download","200","internal","internal","","","false","","","","2026-08-31T09:33:58.401Z"
"https://www.printlog3d.com/workshop/3d-print-tolerance","About","https://www.printlog3d.com/about","https://www.printlog3d.com/about","200","internal","internal","","","false","","","","2026-08-31T09:33:58.401Z"
"https://www.printlog3d.com/workshop/3d-print-tolerance","Support","https://www.printlog3d.com/support","https://www.printlog3d.com/support","200","internal","internal","","","false","","","","2026-08-31T09:33:58.401Z"
"https://www.printlog3d.com/workshop/3d-print-tolerance","Editorial policy","https://www.printlog3d.com/editorial-policy","https://www.printlog3d.com/editorial-policy","200","internal","internal","","","false","","","","2026-08-31T09:33:58.401Z"
"https://www.printlog3d.com/workshop/3d-print-tolerance","Disclosure","https://www.printlog3d.com/disclosure","https://www.printlog3d.com/disclosure","200","internal","internal","","","false","","","","2026-08-31T09:33:58.401Z"
"https://www.printlog3d.com/workshop/3d-print-tolerance","Privacy","https://www.printlog3d.com/privacy","https://www.printlog3d.com/privacy","200","internal","internal","","","false","","","","2026-08-31T09:33:58.401Z"
"https://www.printlog3d.com/workshop/3d-print-tolerance","Terms","https://www.printlog3d.com/terms","https://www.printlog3d.com/terms","200","internal","internal","","","false","","","","2026-08-31T09:33:58.401Z"
"https://www.printlog3d.com/workshop/removing-supports-and-deburring","","https://www.printlog3d.com/","https://www.printlog3d.com/","200","internal","internal","","","false","","","","2026-08-31T09:33:58.401Z"
"https://www.printlog3d.com/workshop/removing-supports-and-deburring","Materials","https://www.printlog3d.com/library","https://www.printlog3d.com/library","200","internal","internal","","","false","","","","2026-08-31T09:33:58.401Z"
"https://www.printlog3d.com/workshop/removing-supports-and-deburring","Guides","https://www.printlog3d.com/3d-printing-filament-guide","https://www.printlog3d.com/3d-printing-filament-guide","200","internal","internal","","","false","","","","2026-08-31T09:33:58.401Z"
"https://www.printlog3d.com/workshop/removing-supports-and-deburring","Workshop","https://www.printlog3d.com/workshop","https://www.printlog3d.com/workshop","200","internal","internal","","","false","","","","2026-08-31T09:33:58.401Z"
"https://www.printlog3d.com/workshop/removing-supports-and-deburring","Gear","https://www.printlog3d.com/recommended-gear","https://www.printlog3d.com/recommended-gear","200","internal","internal","","","false","","","","2026-08-31T09:33:58.401Z"
"https://www.printlog3d.com/workshop/removing-supports-and-deburring","Get It Printed","https://www.printlog3d.com/get-it-printed","https://www.printlog3d.com/get-it-printed","200","internal","internal","","","false","","","","2026-08-31T09:33:58.401Z"
"https://www.printlog3d.com/workshop/removing-supports-and-deburring","Free Download","https://www.printlog3d.com/free-download","https://www.printlog3d.com/free-download","200","internal","internal","","","false","","","","2026-08-31T09:33:58.401Z"
"https://www.printlog3d.com/workshop/removing-supports-and-deburring","About","https://www.printlog3d.com/about","https://www.printlog3d.com/about","200","internal","internal","","","false","","","","2026-08-31T09:33:58.401Z"
"https://www.printlog3d.com/workshop/removing-supports-and-deburring","Free Download","https://www.printlog3d.com/free-download","https://www.printlog3d.com/free-download","200","internal","internal","","","false","","","","2026-08-31T09:33:58.401Z"
"https://www.printlog3d.com/workshop/removing-supports-and-deburring","Home","https://www.printlog3d.com/","https://www.printlog3d.com/","200","internal","internal","","","false","","","","2026-08-31T09:33:58.401Z"
"https://www.printlog3d.com/workshop/removing-supports-and-deburring","Workshop","https://www.printlog3d.com/workshop","https://www.printlog3d.com/workshop","200","internal","internal","","","false","","","","2026-08-31T09:33:58.401Z"
"https://www.printlog3d.com/workshop/removing-supports-and-deburring","Klein Tools · Diagonal flush cutters Genuinely flush jaws, so a support is sever","https://www.amazon.com/dp/B000GTMZHG?tag=printlog3d-20","https://www.amazon.com/dp/B000GTMZHG?tag=printlog3d-20","200","external","commercial","Amazon","amazon-associates","true","printlog3d-20","nofollow noopener noreferrer sponsored","","2026-08-31T09:33:58.401Z"
"https://www.printlog3d.com/workshop/removing-supports-and-deburring","AFA Tooling · Deburring tool with spare blades Pivoting blade head that follows ","https://www.amazon.com/dp/B01L2XR4P2?tag=printlog3d-20","https://www.amazon.com/dp/B01L2XR4P2?tag=printlog3d-20","200","external","commercial","Amazon","amazon-associates","true","printlog3d-20","nofollow noopener noreferrer sponsored","","2026-08-31T09:33:58.401Z"
"https://www.printlog3d.com/workshop/removing-supports-and-deburring","PLA 180-220 °C · bed 50-60 °C","https://www.printlog3d.com/library/pla","https://www.printlog3d.com/library/pla","200","internal","internal","","","false","","","","2026-08-31T09:33:58.401Z"
"https://www.printlog3d.com/workshop/removing-supports-and-deburring","PETG 220-250 °C · bed 70-85 °C","https://www.printlog3d.com/library/petg","https://www.printlog3d.com/library/petg","200","internal","internal","","","false","","","","2026-08-31T09:33:58.401Z"
"https://www.printlog3d.com/workshop/removing-supports-and-deburring","ABS 220-250 °C · bed 100-110 °C","https://www.printlog3d.com/library/abs","https://www.printlog3d.com/library/abs","200","internal","internal","","","false","","","","2026-08-31T09:33:58.401Z"
"https://www.printlog3d.com/workshop/removing-supports-and-deburring","TPU 220-250 °C · bed 30-50 °C","https://www.printlog3d.com/library/tpu","https://www.printlog3d.com/library/tpu","200","internal","internal","","","false","","","","2026-08-31T09:33:58.401Z"
"https://www.printlog3d.com/workshop/removing-supports-and-deburring","← All workshop guides","https://www.printlog3d.com/workshop","https://www.printlog3d.com/workshop","200","internal","internal","","","false","","","","2026-08-31T09:33:58.401Z"
"https://www.printlog3d.com/workshop/removing-supports-and-deburring","Next: Sanding and finishing →","https://www.printlog3d.com/workshop/sanding-and-finishing-3d-prints","https://www.printlog3d.com/workshop/sanding-and-finishing-3d-prints","200","internal","internal","","","false","","","","2026-08-31T09:33:58.401Z"
"https://www.printlog3d.com/workshop/removing-supports-and-deburring","Materials","https://www.printlog3d.com/library","https://www.printlog3d.com/library","200","internal","internal","","","false","","","","2026-08-31T09:33:58.401Z"
"https://www.printlog3d.com/workshop/removing-supports-and-deburring","Guides","https://www.printlog3d.com/3d-printing-filament-guide","https://www.printlog3d.com/3d-printing-filament-guide","200","internal","internal","","","false","","","","2026-08-31T09:33:58.401Z"
"https://www.printlog3d.com/workshop/removing-supports-and-deburring","Workshop","https://www.printlog3d.com/workshop","https://www.printlog3d.com/workshop","200","internal","internal","","","false","","","","2026-08-31T09:33:58.401Z"
"https://www.printlog3d.com/workshop/removing-supports-and-deburring","Recommended Gear","https://www.printlog3d.com/recommended-gear","https://www.printlog3d.com/recommended-gear","200","internal","internal","","","false","","","","2026-08-31T09:33:58.401Z"
"https://www.printlog3d.com/workshop/removing-supports-and-deburring","Get It Printed","https://www.printlog3d.com/get-it-printed","https://www.printlog3d.com/get-it-printed","200","internal","internal","","","false","","","","2026-08-31T09:33:58.401Z"
"https://www.printlog3d.com/workshop/removing-supports-and-deburring","Free Download","https://www.printlog3d.com/free-download","https://www.printlog3d.com/free-download","200","internal","internal","","","false","","","","2026-08-31T09:33:58.401Z"
"https://www.printlog3d.com/workshop/removing-supports-and-deburring","About","https://www.printlog3d.com/about","https://www.printlog3d.com/about","200","internal","internal","","","false","","","","2026-08-31T09:33:58.401Z"
"https://www.printlog3d.com/workshop/removing-supports-and-deburring","Support","https://www.printlog3d.com/support","https://www.printlog3d.com/support","200","internal","internal","","","false","","","","2026-08-31T09:33:58.401Z"
"https://www.printlog3d.com/workshop/removing-supports-and-deburring","Editorial policy","https://www.printlog3d.com/editorial-policy","https://www.printlog3d.com/editorial-policy","200","internal","internal","","","false","","","","2026-08-31T09:33:58.401Z"
"https://www.printlog3d.com/workshop/removing-supports-and-deburring","Disclosure","https://www.printlog3d.com/disclosure","https://www.printlog3d.com/disclosure","200","internal","internal","","","false","","","","2026-08-31T09:33:58.401Z"
"https://www.printlog3d.com/workshop/removing-supports-and-deburring","Privacy","https://www.printlog3d.com/privacy","https://www.printlog3d.com/privacy","200","internal","internal","","","false","","","","2026-08-31T09:33:58.401Z"
"https://www.printlog3d.com/workshop/removing-supports-and-deburring","Terms","https://www.printlog3d.com/terms","https://www.printlog3d.com/terms","200","internal","internal","","","false","","","","2026-08-31T09:33:58.401Z"
"https://www.printlog3d.com/workshop/sanding-and-finishing-3d-prints","","https://www.printlog3d.com/","https://www.printlog3d.com/","200","internal","internal","","","false","","","","2026-08-31T09:33:58.401Z"
"https://www.printlog3d.com/workshop/sanding-and-finishing-3d-prints","Materials","https://www.printlog3d.com/library","https://www.printlog3d.com/library","200","internal","internal","","","false","","","","2026-08-31T09:33:58.401Z"
"https://www.printlog3d.com/workshop/sanding-and-finishing-3d-prints","Guides","https://www.printlog3d.com/3d-printing-filament-guide","https://www.printlog3d.com/3d-printing-filament-guide","200","internal","internal","","","false","","","","2026-08-31T09:33:58.401Z"
"https://www.printlog3d.com/workshop/sanding-and-finishing-3d-prints","Workshop","https://www.printlog3d.com/workshop","https://www.printlog3d.com/workshop","200","internal","internal","","","false","","","","2026-08-31T09:33:58.401Z"
"https://www.printlog3d.com/workshop/sanding-and-finishing-3d-prints","Gear","https://www.printlog3d.com/recommended-gear","https://www.printlog3d.com/recommended-gear","200","internal","internal","","","false","","","","2026-08-31T09:33:58.401Z"
"https://www.printlog3d.com/workshop/sanding-and-finishing-3d-prints","Get It Printed","https://www.printlog3d.com/get-it-printed","https://www.printlog3d.com/get-it-printed","200","internal","internal","","","false","","","","2026-08-31T09:33:58.401Z"
"https://www.printlog3d.com/workshop/sanding-and-finishing-3d-prints","Free Download","https://www.printlog3d.com/free-download","https://www.printlog3d.com/free-download","200","internal","internal","","","false","","","","2026-08-31T09:33:58.401Z"
"https://www.printlog3d.com/workshop/sanding-and-finishing-3d-prints","About","https://www.printlog3d.com/about","https://www.printlog3d.com/about","200","internal","internal","","","false","","","","2026-08-31T09:33:58.401Z"
"https://www.printlog3d.com/workshop/sanding-and-finishing-3d-prints","Free Download","https://www.printlog3d.com/free-download","https://www.printlog3d.com/free-download","200","internal","internal","","","false","","","","2026-08-31T09:33:58.401Z"
"https://www.printlog3d.com/workshop/sanding-and-finishing-3d-prints","Home","https://www.printlog3d.com/","https://www.printlog3d.com/","200","internal","internal","","","false","","","","2026-08-31T09:33:58.401Z"
"https://www.printlog3d.com/workshop/sanding-and-finishing-3d-prints","Workshop","https://www.printlog3d.com/workshop","https://www.printlog3d.com/workshop","200","internal","internal","","","false","","","","2026-08-31T09:33:58.401Z"
"https://www.printlog3d.com/workshop/sanding-and-finishing-3d-prints","Assorted · Wet/dry sandpaper assortment 120 through 3000 grit, wet/dry backing s","https://www.amazon.com/dp/B01HBJ8Y00?tag=printlog3d-20","https://www.amazon.com/dp/B01HBJ8Y00?tag=printlog3d-20","200","external","commercial","Amazon","amazon-associates","true","printlog3d-20","nofollow noopener noreferrer sponsored","","2026-08-31T09:33:58.401Z"
"https://www.printlog3d.com/workshop/sanding-and-finishing-3d-prints","Hi-Spec · Needle file set Assorted profiles for internal corners and printed hol","https://www.amazon.com/dp/B089GRX246?tag=printlog3d-20","https://www.amazon.com/dp/B089GRX246?tag=printlog3d-20","200","external","commercial","Amazon","amazon-associates","true","printlog3d-20","nofollow noopener noreferrer sponsored","","2026-08-31T09:33:58.401Z"
"https://www.printlog3d.com/workshop/sanding-and-finishing-3d-prints","PLA 180-220 °C · bed 50-60 °C","https://www.printlog3d.com/library/pla","https://www.printlog3d.com/library/pla","200","internal","internal","","","false","","","","2026-08-31T09:33:58.401Z"
"https://www.printlog3d.com/workshop/sanding-and-finishing-3d-prints","ABS 220-250 °C · bed 100-110 °C","https://www.printlog3d.com/library/abs","https://www.printlog3d.com/library/abs","200","internal","internal","","","false","","","","2026-08-31T09:33:58.401Z"
"https://www.printlog3d.com/workshop/sanding-and-finishing-3d-prints","PVB 215-235 °C · bed 60-75 °C","https://www.printlog3d.com/library/pvb","https://www.printlog3d.com/library/pvb","200","internal","internal","","","false","","","","2026-08-31T09:33:58.401Z"
"https://www.printlog3d.com/workshop/sanding-and-finishing-3d-prints","PETG 220-250 °C · bed 70-85 °C","https://www.printlog3d.com/library/petg","https://www.printlog3d.com/library/petg","200","internal","internal","","","false","","","","2026-08-31T09:33:58.401Z"
"https://www.printlog3d.com/workshop/sanding-and-finishing-3d-prints","Get a printing quote","https://www.3dprinterondemand.com/instant-quote?source=printlog3d&source_page=troubleshooting&placement=owned-service-troubleshooting&campaign=printlog3d-referral","https://www.3dprinterondemand.com/instant-quote?source=printlog3d&source_page=troubleshooting&placement=owned-service-troubleshooting&campaign=printlog3d-referral","200","external","commercial","3DPrinterOnDemand","owned-service","n/a-no-credentials","","noopener noreferrer","","2026-08-31T09:33:58.401Z"
"https://www.printlog3d.com/workshop/sanding-and-finishing-3d-prints","← All workshop guides","https://www.printlog3d.com/workshop","https://www.printlog3d.com/workshop","200","internal","internal","","","false","","","","2026-08-31T09:33:58.401Z"
"https://www.printlog3d.com/workshop/sanding-and-finishing-3d-prints","Next: Heat-set inserts →","https://www.printlog3d.com/workshop/heat-set-inserts","https://www.printlog3d.com/workshop/heat-set-inserts","200","internal","internal","","","false","","","","2026-08-31T09:33:58.401Z"
"https://www.printlog3d.com/workshop/sanding-and-finishing-3d-prints","Materials","https://www.printlog3d.com/library","https://www.printlog3d.com/library","200","internal","internal","","","false","","","","2026-08-31T09:33:58.401Z"
"https://www.printlog3d.com/workshop/sanding-and-finishing-3d-prints","Guides","https://www.printlog3d.com/3d-printing-filament-guide","https://www.printlog3d.com/3d-printing-filament-guide","200","internal","internal","","","false","","","","2026-08-31T09:33:58.401Z"
"https://www.printlog3d.com/workshop/sanding-and-finishing-3d-prints","Workshop","https://www.printlog3d.com/workshop","https://www.printlog3d.com/workshop","200","internal","internal","","","false","","","","2026-08-31T09:33:58.401Z"
"https://www.printlog3d.com/workshop/sanding-and-finishing-3d-prints","Recommended Gear","https://www.printlog3d.com/recommended-gear","https://www.printlog3d.com/recommended-gear","200","internal","internal","","","false","","","","2026-08-31T09:33:58.401Z"
"https://www.printlog3d.com/workshop/sanding-and-finishing-3d-prints","Get It Printed","https://www.printlog3d.com/get-it-printed","https://www.printlog3d.com/get-it-printed","200","internal","internal","","","false","","","","2026-08-31T09:33:58.401Z"
"https://www.printlog3d.com/workshop/sanding-and-finishing-3d-prints","Free Download","https://www.printlog3d.com/free-download","https://www.printlog3d.com/free-download","200","internal","internal","","","false","","","","2026-08-31T09:33:58.401Z"
"https://www.printlog3d.com/workshop/sanding-and-finishing-3d-prints","About","https://www.printlog3d.com/about","https://www.printlog3d.com/about","200","internal","internal","","","false","","","","2026-08-31T09:33:58.401Z"
"https://www.printlog3d.com/workshop/sanding-and-finishing-3d-prints","Support","https://www.printlog3d.com/support","https://www.printlog3d.com/support","200","internal","internal","","","false","","","","2026-08-31T09:33:58.401Z"
"https://www.printlog3d.com/workshop/sanding-and-finishing-3d-prints","Editorial policy","https://www.printlog3d.com/editorial-policy","https://www.printlog3d.com/editorial-policy","200","internal","internal","","","false","","","","2026-08-31T09:33:58.401Z"
"https://www.printlog3d.com/workshop/sanding-and-finishing-3d-prints","Disclosure","https://www.printlog3d.com/disclosure","https://www.printlog3d.com/disclosure","200","internal","internal","","","false","","","","2026-08-31T09:33:58.401Z"
"https://www.printlog3d.com/workshop/sanding-and-finishing-3d-prints","Privacy","https://www.printlog3d.com/privacy","https://www.printlog3d.com/privacy","200","internal","internal","","","false","","","","2026-08-31T09:33:58.401Z"
"https://www.printlog3d.com/workshop/sanding-and-finishing-3d-prints","Terms","https://www.printlog3d.com/terms","https://www.printlog3d.com/terms","200","internal","internal","","","false","","","","2026-08-31T09:33:58.401Z"
"https://www.printlog3d.com/workshop/heat-set-inserts","","https://www.printlog3d.com/","https://www.printlog3d.com/","200","internal","internal","","","false","","","","2026-08-31T09:33:58.401Z"
"https://www.printlog3d.com/workshop/heat-set-inserts","Materials","https://www.printlog3d.com/library","https://www.printlog3d.com/library","200","internal","internal","","","false","","","","2026-08-31T09:33:58.401Z"
"https://www.printlog3d.com/workshop/heat-set-inserts","Guides","https://www.printlog3d.com/3d-printing-filament-guide","https://www.printlog3d.com/3d-printing-filament-guide","200","internal","internal","","","false","","","","2026-08-31T09:33:58.401Z"
"https://www.printlog3d.com/workshop/heat-set-inserts","Workshop","https://www.printlog3d.com/workshop","https://www.printlog3d.com/workshop","200","internal","internal","","","false","","","","2026-08-31T09:33:58.401Z"
"https://www.printlog3d.com/workshop/heat-set-inserts","Gear","https://www.printlog3d.com/recommended-gear","https://www.printlog3d.com/recommended-gear","200","internal","internal","","","false","","","","2026-08-31T09:33:58.401Z"
"https://www.printlog3d.com/workshop/heat-set-inserts","Get It Printed","https://www.printlog3d.com/get-it-printed","https://www.printlog3d.com/get-it-printed","200","internal","internal","","","false","","","","2026-08-31T09:33:58.401Z"
"https://www.printlog3d.com/workshop/heat-set-inserts","Free Download","https://www.printlog3d.com/free-download","https://www.printlog3d.com/free-download","200","internal","internal","","","false","","","","2026-08-31T09:33:58.401Z"
"https://www.printlog3d.com/workshop/heat-set-inserts","About","https://www.printlog3d.com/about","https://www.printlog3d.com/about","200","internal","internal","","","false","","","","2026-08-31T09:33:58.401Z"
"https://www.printlog3d.com/workshop/heat-set-inserts","Free Download","https://www.printlog3d.com/free-download","https://www.printlog3d.com/free-download","200","internal","internal","","","false","","","","2026-08-31T09:33:58.401Z"
"https://www.printlog3d.com/workshop/heat-set-inserts","Home","https://www.printlog3d.com/","https://www.printlog3d.com/","200","internal","internal","","","false","","","","2026-08-31T09:33:58.401Z"
"https://www.printlog3d.com/workshop/heat-set-inserts","Workshop","https://www.printlog3d.com/workshop","https://www.printlog3d.com/workshop","200","internal","internal","","","false","","","","2026-08-31T09:33:58.401Z"
"https://www.printlog3d.com/workshop/heat-set-inserts","ruthex · M3 brass heat-set inserts, 100 pieces Publishes a recommended hole diam","https://www.amazon.com/dp/B08BCRZZS3?tag=printlog3d-20","https://www.amazon.com/dp/B08BCRZZS3?tag=printlog3d-20","200","external","commercial","Amazon","amazon-associates","true","printlog3d-20","nofollow noopener noreferrer sponsored","","2026-08-31T09:33:58.401Z"
"https://www.printlog3d.com/workshop/heat-set-inserts","Mintion · Digital soldering iron with insert tips Temperature controlled with M2","https://www.amazon.com/dp/B0D8HMR1HT?tag=printlog3d-20","https://www.amazon.com/dp/B0D8HMR1HT?tag=printlog3d-20","200","external","commercial","Amazon","amazon-associates","true","printlog3d-20","nofollow noopener noreferrer sponsored","","2026-08-31T09:33:58.401Z"
"https://www.printlog3d.com/workshop/heat-set-inserts","PLA 180-220 °C · bed 50-60 °C","https://www.printlog3d.com/library/pla","https://www.printlog3d.com/library/pla","200","internal","internal","","","false","","","","2026-08-31T09:33:58.401Z"
"https://www.printlog3d.com/workshop/heat-set-inserts","PETG 220-250 °C · bed 70-85 °C","https://www.printlog3d.com/library/petg","https://www.printlog3d.com/library/petg","200","internal","internal","","","false","","","","2026-08-31T09:33:58.401Z"
"https://www.printlog3d.com/workshop/heat-set-inserts","ABS 220-250 °C · bed 100-110 °C","https://www.printlog3d.com/library/abs","https://www.printlog3d.com/library/abs","200","internal","internal","","","false","","","","2026-08-31T09:33:58.401Z"
"https://www.printlog3d.com/workshop/heat-set-inserts","PLA-CF 190-230 °C · bed 50-60 °C","https://www.printlog3d.com/library/pla-cf","https://www.printlog3d.com/library/pla-cf","200","internal","internal","","","false","","","","2026-08-31T09:33:58.401Z"
"https://www.printlog3d.com/workshop/heat-set-inserts","Get a printing quote","https://www.3dprinterondemand.com/instant-quote?source=printlog3d&source_page=troubleshooting&placement=owned-service-troubleshooting&campaign=printlog3d-referral","https://www.3dprinterondemand.com/instant-quote?source=printlog3d&source_page=troubleshooting&placement=owned-service-troubleshooting&campaign=printlog3d-referral","200","external","commercial","3DPrinterOnDemand","owned-service","n/a-no-credentials","","noopener noreferrer","","2026-08-31T09:33:58.401Z"
"https://www.printlog3d.com/workshop/heat-set-inserts","← All workshop guides","https://www.printlog3d.com/workshop","https://www.printlog3d.com/workshop","200","internal","internal","","","false","","","","2026-08-31T09:33:58.401Z"
"https://www.printlog3d.com/workshop/heat-set-inserts","Next: Filament storage →","https://www.printlog3d.com/workshop/filament-storage","https://www.printlog3d.com/workshop/filament-storage","200","internal","internal","","","false","","","","2026-08-31T09:33:58.401Z"
"https://www.printlog3d.com/workshop/heat-set-inserts","Materials","https://www.printlog3d.com/library","https://www.printlog3d.com/library","200","internal","internal","","","false","","","","2026-08-31T09:33:58.401Z"
"https://www.printlog3d.com/workshop/heat-set-inserts","Guides","https://www.printlog3d.com/3d-printing-filament-guide","https://www.printlog3d.com/3d-printing-filament-guide","200","internal","internal","","","false","","","","2026-08-31T09:33:58.401Z"
"https://www.printlog3d.com/workshop/heat-set-inserts","Workshop","https://www.printlog3d.com/workshop","https://www.printlog3d.com/workshop","200","internal","internal","","","false","","","","2026-08-31T09:33:58.401Z"
"https://www.printlog3d.com/workshop/heat-set-inserts","Recommended Gear","https://www.printlog3d.com/recommended-gear","https://www.printlog3d.com/recommended-gear","200","internal","internal","","","false","","","","2026-08-31T09:33:58.401Z"
"https://www.printlog3d.com/workshop/heat-set-inserts","Get It Printed","https://www.printlog3d.com/get-it-printed","https://www.printlog3d.com/get-it-printed","200","internal","internal","","","false","","","","2026-08-31T09:33:58.401Z"
"https://www.printlog3d.com/workshop/heat-set-inserts","Free Download","https://www.printlog3d.com/free-download","https://www.printlog3d.com/free-download","200","internal","internal","","","false","","","","2026-08-31T09:33:58.401Z"
"https://www.printlog3d.com/workshop/heat-set-inserts","About","https://www.printlog3d.com/about","https://www.printlog3d.com/about","200","internal","internal","","","false","","","","2026-08-31T09:33:58.401Z"
"https://www.printlog3d.com/workshop/heat-set-inserts","Support","https://www.printlog3d.com/support","https://www.printlog3d.com/support","200","internal","internal","","","false","","","","2026-08-31T09:33:58.401Z"
"https://www.printlog3d.com/workshop/heat-set-inserts","Editorial policy","https://www.printlog3d.com/editorial-policy","https://www.printlog3d.com/editorial-policy","200","internal","internal","","","false","","","","2026-08-31T09:33:58.401Z"
"https://www.printlog3d.com/workshop/heat-set-inserts","Disclosure","https://www.printlog3d.com/disclosure","https://www.printlog3d.com/disclosure","200","internal","internal","","","false","","","","2026-08-31T09:33:58.401Z"
"https://www.printlog3d.com/workshop/heat-set-inserts","Privacy","https://www.printlog3d.com/privacy","https://www.printlog3d.com/privacy","200","internal","internal","","","false","","","","2026-08-31T09:33:58.401Z"
"https://www.printlog3d.com/workshop/heat-set-inserts","Terms","https://www.printlog3d.com/terms","https://www.printlog3d.com/terms","200","internal","internal","","","false","","","","2026-08-31T09:33:58.401Z"
"https://www.printlog3d.com/workshop/filament-storage","","https://www.printlog3d.com/","https://www.printlog3d.com/","200","internal","internal","","","false","","","","2026-08-31T09:33:58.401Z"
"https://www.printlog3d.com/workshop/filament-storage","Materials","https://www.printlog3d.com/library","https://www.printlog3d.com/library","200","internal","internal","","","false","","","","2026-08-31T09:33:58.401Z"
"https://www.printlog3d.com/workshop/filament-storage","Guides","https://www.printlog3d.com/3d-printing-filament-guide","https://www.printlog3d.com/3d-printing-filament-guide","200","internal","internal","","","false","","","","2026-08-31T09:33:58.401Z"
"https://www.printlog3d.com/workshop/filament-storage","Workshop","https://www.printlog3d.com/workshop","https://www.printlog3d.com/workshop","200","internal","internal","","","false","","","","2026-08-31T09:33:58.401Z"
"https://www.printlog3d.com/workshop/filament-storage","Gear","https://www.printlog3d.com/recommended-gear","https://www.printlog3d.com/recommended-gear","200","internal","internal","","","false","","","","2026-08-31T09:33:58.401Z"
"https://www.printlog3d.com/workshop/filament-storage","Get It Printed","https://www.printlog3d.com/get-it-printed","https://www.printlog3d.com/get-it-printed","200","internal","internal","","","false","","","","2026-08-31T09:33:58.401Z"
"https://www.printlog3d.com/workshop/filament-storage","Free Download","https://www.printlog3d.com/free-download","https://www.printlog3d.com/free-download","200","internal","internal","","","false","","","","2026-08-31T09:33:58.401Z"
"https://www.printlog3d.com/workshop/filament-storage","About","https://www.printlog3d.com/about","https://www.printlog3d.com/about","200","internal","internal","","","false","","","","2026-08-31T09:33:58.401Z"
"https://www.printlog3d.com/workshop/filament-storage","Free Download","https://www.printlog3d.com/free-download","https://www.printlog3d.com/free-download","200","internal","internal","","","false","","","","2026-08-31T09:33:58.401Z"
"https://www.printlog3d.com/workshop/filament-storage","Home","https://www.printlog3d.com/","https://www.printlog3d.com/","200","internal","internal","","","false","","","","2026-08-31T09:33:58.401Z"
"https://www.printlog3d.com/workshop/filament-storage","Workshop","https://www.printlog3d.com/workshop","https://www.printlog3d.com/workshop","200","internal","internal","","","false","","","","2026-08-31T09:33:58.401Z"
"https://www.printlog3d.com/workshop/filament-storage","YOOPAI · Filament storage box with humidity monitor Sealed box with a built-in h","https://www.amazon.com/dp/B0G6ZWQSVY?tag=printlog3d-20","https://www.amazon.com/dp/B0G6ZWQSVY?tag=printlog3d-20","200","external","commercial","Amazon","amazon-associates","true","printlog3d-20","nofollow noopener noreferrer sponsored","","2026-08-31T09:33:58.401Z"
"https://www.printlog3d.com/workshop/filament-storage","TempPro · Digital hygrometer Small enough to sit inside a storage box, which is ","https://www.amazon.com/dp/B07WCR5Y4B?tag=printlog3d-20","https://www.amazon.com/dp/B07WCR5Y4B?tag=printlog3d-20","200","external","commercial","Amazon","amazon-associates","true","printlog3d-20","nofollow noopener noreferrer sponsored","","2026-08-31T09:33:58.401Z"
"https://www.printlog3d.com/workshop/filament-storage","Odilona · Filament vacuum storage bags with pump Sized for 1 kg spools generally","https://www.amazon.com/dp/B0GVHZ3MZQ?tag=printlog3d-20","https://www.amazon.com/dp/B0GVHZ3MZQ?tag=printlog3d-20","200","external","commercial","Amazon","amazon-associates","true","printlog3d-20","nofollow noopener noreferrer sponsored","","2026-08-31T09:33:58.401Z"
"https://www.printlog3d.com/workshop/filament-storage","Nylon PA6 230-260 °C · bed 70-90 °C","https://www.printlog3d.com/library/nylon-pa6","https://www.printlog3d.com/library/nylon-pa6","200","internal","internal","","","false","","","","2026-08-31T09:33:58.401Z"
"https://www.printlog3d.com/workshop/filament-storage","Nylon PA12 240-270 °C · bed 70-90 °C","https://www.printlog3d.com/library/nylon-pa12","https://www.printlog3d.com/library/nylon-pa12","200","internal","internal","","","false","","","","2026-08-31T09:33:58.401Z"
"https://www.printlog3d.com/workshop/filament-storage","PVA 190-220 °C · bed 45-60 °C","https://www.printlog3d.com/library/pva","https://www.printlog3d.com/library/pva","200","internal","internal","","","false","","","","2026-08-31T09:33:58.401Z"
"https://www.printlog3d.com/workshop/filament-storage","PC 260-310 °C · bed 100-120 °C","https://www.printlog3d.com/library/pc","https://www.printlog3d.com/library/pc","200","internal","internal","","","false","","","","2026-08-31T09:33:58.401Z"
"https://www.printlog3d.com/workshop/filament-storage","PETG 220-250 °C · bed 70-85 °C","https://www.printlog3d.com/library/petg","https://www.printlog3d.com/library/petg","200","internal","internal","","","false","","","","2026-08-31T09:33:58.401Z"
"https://www.printlog3d.com/workshop/filament-storage","← All workshop guides","https://www.printlog3d.com/workshop","https://www.printlog3d.com/workshop","200","internal","internal","","","false","","","","2026-08-31T09:33:58.401Z"
"https://www.printlog3d.com/workshop/filament-storage","Next: Nozzle maintenance →","https://www.printlog3d.com/workshop/nozzle-maintenance","https://www.printlog3d.com/workshop/nozzle-maintenance","200","internal","internal","","","false","","","","2026-08-31T09:33:58.401Z"
"https://www.printlog3d.com/workshop/filament-storage","Materials","https://www.printlog3d.com/library","https://www.printlog3d.com/library","200","internal","internal","","","false","","","","2026-08-31T09:33:58.401Z"
"https://www.printlog3d.com/workshop/filament-storage","Guides","https://www.printlog3d.com/3d-printing-filament-guide","https://www.printlog3d.com/3d-printing-filament-guide","200","internal","internal","","","false","","","","2026-08-31T09:33:58.401Z"
"https://www.printlog3d.com/workshop/filament-storage","Workshop","https://www.printlog3d.com/workshop","https://www.printlog3d.com/workshop","200","internal","internal","","","false","","","","2026-08-31T09:33:58.401Z"
"https://www.printlog3d.com/workshop/filament-storage","Recommended Gear","https://www.printlog3d.com/recommended-gear","https://www.printlog3d.com/recommended-gear","200","internal","internal","","","false","","","","2026-08-31T09:33:58.401Z"
"https://www.printlog3d.com/workshop/filament-storage","Get It Printed","https://www.printlog3d.com/get-it-printed","https://www.printlog3d.com/get-it-printed","200","internal","internal","","","false","","","","2026-08-31T09:33:58.401Z"
"https://www.printlog3d.com/workshop/filament-storage","Free Download","https://www.printlog3d.com/free-download","https://www.printlog3d.com/free-download","200","internal","internal","","","false","","","","2026-08-31T09:33:58.401Z"
"https://www.printlog3d.com/workshop/filament-storage","About","https://www.printlog3d.com/about","https://www.printlog3d.com/about","200","internal","internal","","","false","","","","2026-08-31T09:33:58.401Z"
"https://www.printlog3d.com/workshop/filament-storage","Support","https://www.printlog3d.com/support","https://www.printlog3d.com/support","200","internal","internal","","","false","","","","2026-08-31T09:33:58.401Z"
"https://www.printlog3d.com/workshop/filament-storage","Editorial policy","https://www.printlog3d.com/editorial-policy","https://www.printlog3d.com/editorial-policy","200","internal","internal","","","false","","","","2026-08-31T09:33:58.401Z"
"https://www.printlog3d.com/workshop/filament-storage","Disclosure","https://www.printlog3d.com/disclosure","https://www.printlog3d.com/disclosure","200","internal","internal","","","false","","","","2026-08-31T09:33:58.401Z"
"https://www.printlog3d.com/workshop/filament-storage","Privacy","https://www.printlog3d.com/privacy","https://www.printlog3d.com/privacy","200","internal","internal","","","false","","","","2026-08-31T09:33:58.401Z"
"https://www.printlog3d.com/workshop/filament-storage","Terms","https://www.printlog3d.com/terms","https://www.printlog3d.com/terms","200","internal","internal","","","false","","","","2026-08-31T09:33:58.401Z"
"https://www.printlog3d.com/workshop/nozzle-maintenance","","https://www.printlog3d.com/","https://www.printlog3d.com/","200","internal","internal","","","false","","","","2026-08-31T09:33:58.401Z"
"https://www.printlog3d.com/workshop/nozzle-maintenance","Materials","https://www.printlog3d.com/library","https://www.printlog3d.com/library","200","internal","internal","","","false","","","","2026-08-31T09:33:58.401Z"
"https://www.printlog3d.com/workshop/nozzle-maintenance","Guides","https://www.printlog3d.com/3d-printing-filament-guide","https://www.printlog3d.com/3d-printing-filament-guide","200","internal","internal","","","false","","","","2026-08-31T09:33:58.401Z"
"https://www.printlog3d.com/workshop/nozzle-maintenance","Workshop","https://www.printlog3d.com/workshop","https://www.printlog3d.com/workshop","200","internal","internal","","","false","","","","2026-08-31T09:33:58.401Z"
"https://www.printlog3d.com/workshop/nozzle-maintenance","Gear","https://www.printlog3d.com/recommended-gear","https://www.printlog3d.com/recommended-gear","200","internal","internal","","","false","","","","2026-08-31T09:33:58.401Z"
"https://www.printlog3d.com/workshop/nozzle-maintenance","Get It Printed","https://www.printlog3d.com/get-it-printed","https://www.printlog3d.com/get-it-printed","200","internal","internal","","","false","","","","2026-08-31T09:33:58.401Z"
"https://www.printlog3d.com/workshop/nozzle-maintenance","Free Download","https://www.printlog3d.com/free-download","https://www.printlog3d.com/free-download","200","internal","internal","","","false","","","","2026-08-31T09:33:58.401Z"
"https://www.printlog3d.com/workshop/nozzle-maintenance","About","https://www.printlog3d.com/about","https://www.printlog3d.com/about","200","internal","internal","","","false","","","","2026-08-31T09:33:58.401Z"
"https://www.printlog3d.com/workshop/nozzle-maintenance","Free Download","https://www.printlog3d.com/free-download","https://www.printlog3d.com/free-download","200","internal","internal","","","false","","","","2026-08-31T09:33:58.401Z"
"https://www.printlog3d.com/workshop/nozzle-maintenance","Home","https://www.printlog3d.com/","https://www.printlog3d.com/","200","internal","internal","","","false","","","","2026-08-31T09:33:58.401Z"
"https://www.printlog3d.com/workshop/nozzle-maintenance","Workshop","https://www.printlog3d.com/workshop","https://www.printlog3d.com/workshop","200","internal","internal","","","false","","","","2026-08-31T09:33:58.401Z"
"https://www.printlog3d.com/workshop/nozzle-maintenance","Assorted · Nozzle cleaning kit with needles 0.4mm needles plus tweezers, thinner","https://www.amazon.com/dp/B0797XV8ZK?tag=printlog3d-20","https://www.amazon.com/dp/B0797XV8ZK?tag=printlog3d-20","200","external","commercial","Amazon","amazon-associates","true","printlog3d-20","nofollow noopener noreferrer sponsored","","2026-08-31T09:33:58.401Z"
"https://www.printlog3d.com/workshop/nozzle-maintenance","Creality · Hardened steel nozzles, MK8 Hardened steel for abrasive filament. MK8","https://www.amazon.com/dp/B09SG855M9?tag=printlog3d-20","https://www.amazon.com/dp/B09SG855M9?tag=printlog3d-20","200","external","commercial","Amazon","amazon-associates","true","printlog3d-20","nofollow noopener noreferrer sponsored","","2026-08-31T09:33:58.401Z"
"https://www.printlog3d.com/workshop/nozzle-maintenance","XIFOWE · MK8 brass nozzle assortment MK8 pattern in assorted sizes. Check MK8 ma","https://www.amazon.com/dp/B0969LK4ZT?tag=printlog3d-20","https://www.amazon.com/dp/B0969LK4ZT?tag=printlog3d-20","200","external","commercial","Amazon","amazon-associates","true","printlog3d-20","nofollow noopener noreferrer sponsored","","2026-08-31T09:33:58.401Z"
"https://www.printlog3d.com/workshop/nozzle-maintenance","PA-CF 260-280 °C · bed 80-100 °C","https://www.printlog3d.com/library/pa-cf","https://www.printlog3d.com/library/pa-cf","200","internal","internal","","","false","","","","2026-08-31T09:33:58.401Z"
"https://www.printlog3d.com/workshop/nozzle-maintenance","PETG-CF 240-260 °C · bed 80-90 °C","https://www.printlog3d.com/library/petg-cf","https://www.printlog3d.com/library/petg-cf","200","internal","internal","","","false","","","","2026-08-31T09:33:58.401Z"
"https://www.printlog3d.com/workshop/nozzle-maintenance","PLA-CF 190-230 °C · bed 50-60 °C","https://www.printlog3d.com/library/pla-cf","https://www.printlog3d.com/library/pla-cf","200","internal","internal","","","false","","","","2026-08-31T09:33:58.401Z"
"https://www.printlog3d.com/workshop/nozzle-maintenance","Glow PLA 200-225 °C · bed 50-60 °C","https://www.printlog3d.com/library/glow-pla","https://www.printlog3d.com/library/glow-pla","200","internal","internal","","","false","","","","2026-08-31T09:33:58.401Z"
"https://www.printlog3d.com/workshop/nozzle-maintenance","Magnetic PLA 195-225 °C · bed 50-60 °C","https://www.printlog3d.com/library/magnetic-pla","https://www.printlog3d.com/library/magnetic-pla","200","internal","internal","","","false","","","","2026-08-31T09:33:58.401Z"
"https://www.printlog3d.com/workshop/nozzle-maintenance","← All workshop guides","https://www.printlog3d.com/workshop","https://www.printlog3d.com/workshop","200","internal","internal","","","false","","","","2026-08-31T09:33:58.401Z"
"https://www.printlog3d.com/workshop/nozzle-maintenance","Next: Calibration →","https://www.printlog3d.com/workshop/printer-calibration","https://www.printlog3d.com/workshop/printer-calibration","200","internal","internal","","","false","","","","2026-08-31T09:33:58.401Z"
"https://www.printlog3d.com/workshop/nozzle-maintenance","Materials","https://www.printlog3d.com/library","https://www.printlog3d.com/library","200","internal","internal","","","false","","","","2026-08-31T09:33:58.401Z"
"https://www.printlog3d.com/workshop/nozzle-maintenance","Guides","https://www.printlog3d.com/3d-printing-filament-guide","https://www.printlog3d.com/3d-printing-filament-guide","200","internal","internal","","","false","","","","2026-08-31T09:33:58.401Z"
"https://www.printlog3d.com/workshop/nozzle-maintenance","Workshop","https://www.printlog3d.com/workshop","https://www.printlog3d.com/workshop","200","internal","internal","","","false","","","","2026-08-31T09:33:58.401Z"
"https://www.printlog3d.com/workshop/nozzle-maintenance","Recommended Gear","https://www.printlog3d.com/recommended-gear","https://www.printlog3d.com/recommended-gear","200","internal","internal","","","false","","","","2026-08-31T09:33:58.401Z"
"https://www.printlog3d.com/workshop/nozzle-maintenance","Get It Printed","https://www.printlog3d.com/get-it-printed","https://www.printlog3d.com/get-it-printed","200","internal","internal","","","false","","","","2026-08-31T09:33:58.401Z"
"https://www.printlog3d.com/workshop/nozzle-maintenance","Free Download","https://www.printlog3d.com/free-download","https://www.printlog3d.com/free-download","200","internal","internal","","","false","","","","2026-08-31T09:33:58.401Z"
"https://www.printlog3d.com/workshop/nozzle-maintenance","About","https://www.printlog3d.com/about","https://www.printlog3d.com/about","200","internal","internal","","","false","","","","2026-08-31T09:33:58.401Z"
"https://www.printlog3d.com/workshop/nozzle-maintenance","Support","https://www.printlog3d.com/support","https://www.printlog3d.com/support","200","internal","internal","","","false","","","","2026-08-31T09:33:58.401Z"
"https://www.printlog3d.com/workshop/nozzle-maintenance","Editorial policy","https://www.printlog3d.com/editorial-policy","https://www.printlog3d.com/editorial-policy","200","internal","internal","","","false","","","","2026-08-31T09:33:58.401Z"
"https://www.printlog3d.com/workshop/nozzle-maintenance","Disclosure","https://www.printlog3d.com/disclosure","https://www.printlog3d.com/disclosure","200","internal","internal","","","false","","","","2026-08-31T09:33:58.401Z"
"https://www.printlog3d.com/workshop/nozzle-maintenance","Privacy","https://www.printlog3d.com/privacy","https://www.printlog3d.com/privacy","200","internal","internal","","","false","","","","2026-08-31T09:33:58.401Z"
"https://www.printlog3d.com/workshop/nozzle-maintenance","Terms","https://www.printlog3d.com/terms","https://www.printlog3d.com/terms","200","internal","internal","","","false","","","","2026-08-31T09:33:58.401Z"
"https://www.printlog3d.com/workshop/printer-calibration","","https://www.printlog3d.com/","https://www.printlog3d.com/","200","internal","internal","","","false","","","","2026-08-31T09:33:58.401Z"
"https://www.printlog3d.com/workshop/printer-calibration","Materials","https://www.printlog3d.com/library","https://www.printlog3d.com/library","200","internal","internal","","","false","","","","2026-08-31T09:33:58.401Z"
"https://www.printlog3d.com/workshop/printer-calibration","Guides","https://www.printlog3d.com/3d-printing-filament-guide","https://www.printlog3d.com/3d-printing-filament-guide","200","internal","internal","","","false","","","","2026-08-31T09:33:58.401Z"
"https://www.printlog3d.com/workshop/printer-calibration","Workshop","https://www.printlog3d.com/workshop","https://www.printlog3d.com/workshop","200","internal","internal","","","false","","","","2026-08-31T09:33:58.401Z"
"https://www.printlog3d.com/workshop/printer-calibration","Gear","https://www.printlog3d.com/recommended-gear","https://www.printlog3d.com/recommended-gear","200","internal","internal","","","false","","","","2026-08-31T09:33:58.401Z"
"https://www.printlog3d.com/workshop/printer-calibration","Get It Printed","https://www.printlog3d.com/get-it-printed","https://www.printlog3d.com/get-it-printed","200","internal","internal","","","false","","","","2026-08-31T09:33:58.401Z"
"https://www.printlog3d.com/workshop/printer-calibration","Free Download","https://www.printlog3d.com/free-download","https://www.printlog3d.com/free-download","200","internal","internal","","","false","","","","2026-08-31T09:33:58.401Z"
"https://www.printlog3d.com/workshop/printer-calibration","About","https://www.printlog3d.com/about","https://www.printlog3d.com/about","200","internal","internal","","","false","","","","2026-08-31T09:33:58.401Z"
"https://www.printlog3d.com/workshop/printer-calibration","Free Download","https://www.printlog3d.com/free-download","https://www.printlog3d.com/free-download","200","internal","internal","","","false","","","","2026-08-31T09:33:58.401Z"
"https://www.printlog3d.com/workshop/printer-calibration","Home","https://www.printlog3d.com/","https://www.printlog3d.com/","200","internal","internal","","","false","","","","2026-08-31T09:33:58.401Z"
"https://www.printlog3d.com/workshop/printer-calibration","Workshop","https://www.printlog3d.com/workshop","https://www.printlog3d.com/workshop","200","internal","internal","","","false","","","","2026-08-31T09:33:58.401Z"
"https://www.printlog3d.com/workshop/printer-calibration","iGaging · Electronic digital caliper, 0-6 inch Reads inch, millimetre and fracti","https://www.amazon.com/dp/B001AQEZ2W?tag=printlog3d-20","https://www.amazon.com/dp/B001AQEZ2W?tag=printlog3d-20","200","external","commercial","Amazon","amazon-associates","true","printlog3d-20","nofollow noopener noreferrer sponsored","","2026-08-31T09:33:58.401Z"
"https://www.printlog3d.com/workshop/printer-calibration","PLA 180-220 °C · bed 50-60 °C","https://www.printlog3d.com/library/pla","https://www.printlog3d.com/library/pla","200","internal","internal","","","false","","","","2026-08-31T09:33:58.401Z"
"https://www.printlog3d.com/workshop/printer-calibration","PETG 220-250 °C · bed 70-85 °C","https://www.printlog3d.com/library/petg","https://www.printlog3d.com/library/petg","200","internal","internal","","","false","","","","2026-08-31T09:33:58.401Z"
"https://www.printlog3d.com/workshop/printer-calibration","ABS 220-250 °C · bed 100-110 °C","https://www.printlog3d.com/library/abs","https://www.printlog3d.com/library/abs","200","internal","internal","","","false","","","","2026-08-31T09:33:58.401Z"
"https://www.printlog3d.com/workshop/printer-calibration","← All workshop guides","https://www.printlog3d.com/workshop","https://www.printlog3d.com/workshop","200","internal","internal","","","false","","","","2026-08-31T09:33:58.401Z"
"https://www.printlog3d.com/workshop/printer-calibration","Next: Bed adhesion and the first layer →","https://www.printlog3d.com/workshop/bed-adhesion-and-first-layer","https://www.printlog3d.com/workshop/bed-adhesion-and-first-layer","200","internal","internal","","","false","","","","2026-08-31T09:33:58.401Z"
"https://www.printlog3d.com/workshop/printer-calibration","Materials","https://www.printlog3d.com/library","https://www.printlog3d.com/library","200","internal","internal","","","false","","","","2026-08-31T09:33:58.401Z"
"https://www.printlog3d.com/workshop/printer-calibration","Guides","https://www.printlog3d.com/3d-printing-filament-guide","https://www.printlog3d.com/3d-printing-filament-guide","200","internal","internal","","","false","","","","2026-08-31T09:33:58.401Z"
"https://www.printlog3d.com/workshop/printer-calibration","Workshop","https://www.printlog3d.com/workshop","https://www.printlog3d.com/workshop","200","internal","internal","","","false","","","","2026-08-31T09:33:58.401Z"
"https://www.printlog3d.com/workshop/printer-calibration","Recommended Gear","https://www.printlog3d.com/recommended-gear","https://www.printlog3d.com/recommended-gear","200","internal","internal","","","false","","","","2026-08-31T09:33:58.401Z"
"https://www.printlog3d.com/workshop/printer-calibration","Get It Printed","https://www.printlog3d.com/get-it-printed","https://www.printlog3d.com/get-it-printed","200","internal","internal","","","false","","","","2026-08-31T09:33:58.401Z"
"https://www.printlog3d.com/workshop/printer-calibration","Free Download","https://www.printlog3d.com/free-download","https://www.printlog3d.com/free-download","200","internal","internal","","","false","","","","2026-08-31T09:33:58.401Z"
"https://www.printlog3d.com/workshop/printer-calibration","About","https://www.printlog3d.com/about","https://www.printlog3d.com/about","200","internal","internal","","","false","","","","2026-08-31T09:33:58.401Z"
"https://www.printlog3d.com/workshop/printer-calibration","Support","https://www.printlog3d.com/support","https://www.printlog3d.com/support","200","internal","internal","","","false","","","","2026-08-31T09:33:58.401Z"
"https://www.printlog3d.com/workshop/printer-calibration","Editorial policy","https://www.printlog3d.com/editorial-policy","https://www.printlog3d.com/editorial-policy","200","internal","internal","","","false","","","","2026-08-31T09:33:58.401Z"
"https://www.printlog3d.com/workshop/printer-calibration","Disclosure","https://www.printlog3d.com/disclosure","https://www.printlog3d.com/disclosure","200","internal","internal","","","false","","","","2026-08-31T09:33:58.401Z"
"https://www.printlog3d.com/workshop/printer-calibration","Privacy","https://www.printlog3d.com/privacy","https://www.printlog3d.com/privacy","200","internal","internal","","","false","","","","2026-08-31T09:33:58.401Z"
"https://www.printlog3d.com/workshop/printer-calibration","Terms","https://www.printlog3d.com/terms","https://www.printlog3d.com/terms","200","internal","internal","","","false","","","","2026-08-31T09:33:58.401Z"
"https://www.printlog3d.com/workshop/bed-adhesion-and-first-layer","","https://www.printlog3d.com/","https://www.printlog3d.com/","200","internal","internal","","","false","","","","2026-08-31T09:33:58.401Z"
"https://www.printlog3d.com/workshop/bed-adhesion-and-first-layer","Materials","https://www.printlog3d.com/library","https://www.printlog3d.com/library","200","internal","internal","","","false","","","","2026-08-31T09:33:58.401Z"
"https://www.printlog3d.com/workshop/bed-adhesion-and-first-layer","Guides","https://www.printlog3d.com/3d-printing-filament-guide","https://www.printlog3d.com/3d-printing-filament-guide","200","internal","internal","","","false","","","","2026-08-31T09:33:58.401Z"
"https://www.printlog3d.com/workshop/bed-adhesion-and-first-layer","Workshop","https://www.printlog3d.com/workshop","https://www.printlog3d.com/workshop","200","internal","internal","","","false","","","","2026-08-31T09:33:58.401Z"
"https://www.printlog3d.com/workshop/bed-adhesion-and-first-layer","Gear","https://www.printlog3d.com/recommended-gear","https://www.printlog3d.com/recommended-gear","200","internal","internal","","","false","","","","2026-08-31T09:33:58.401Z"
"https://www.printlog3d.com/workshop/bed-adhesion-and-first-layer","Get It Printed","https://www.printlog3d.com/get-it-printed","https://www.printlog3d.com/get-it-printed","200","internal","internal","","","false","","","","2026-08-31T09:33:58.401Z"
"https://www.printlog3d.com/workshop/bed-adhesion-and-first-layer","Free Download","https://www.printlog3d.com/free-download","https://www.printlog3d.com/free-download","200","internal","internal","","","false","","","","2026-08-31T09:33:58.401Z"
"https://www.printlog3d.com/workshop/bed-adhesion-and-first-layer","About","https://www.printlog3d.com/about","https://www.printlog3d.com/about","200","internal","internal","","","false","","","","2026-08-31T09:33:58.401Z"
"https://www.printlog3d.com/workshop/bed-adhesion-and-first-layer","Free Download","https://www.printlog3d.com/free-download","https://www.printlog3d.com/free-download","200","internal","internal","","","false","","","","2026-08-31T09:33:58.401Z"
"https://www.printlog3d.com/workshop/bed-adhesion-and-first-layer","Home","https://www.printlog3d.com/","https://www.printlog3d.com/","200","internal","internal","","","false","","","","2026-08-31T09:33:58.401Z"
"https://www.printlog3d.com/workshop/bed-adhesion-and-first-layer","Workshop","https://www.printlog3d.com/workshop","https://www.printlog3d.com/workshop","200","internal","internal","","","false","","","","2026-08-31T09:33:58.401Z"
"https://www.printlog3d.com/workshop/bed-adhesion-and-first-layer","MaxTite · Isopropyl alcohol, 99.9%, 32 oz High purity, so it flashes off the pla","https://www.amazon.com/dp/B08CGCHWMP?tag=printlog3d-20","https://www.amazon.com/dp/B08CGCHWMP?tag=printlog3d-20","200","external","commercial","Amazon","amazon-associates","true","printlog3d-20","nofollow noopener noreferrer sponsored","","2026-08-31T09:33:58.401Z"
"https://www.printlog3d.com/workshop/bed-adhesion-and-first-layer","TEQStone · Build plate glue sticks, 6 pack Washes off with water, which is the p","https://www.amazon.com/dp/B0BVG2K1BQ?tag=printlog3d-20","https://www.amazon.com/dp/B0BVG2K1BQ?tag=printlog3d-20","200","external","commercial","Amazon","amazon-associates","true","printlog3d-20","nofollow noopener noreferrer sponsored","","2026-08-31T09:33:58.401Z"
"https://www.printlog3d.com/workshop/bed-adhesion-and-first-layer","ABS 220-250 °C · bed 100-110 °C","https://www.printlog3d.com/library/abs","https://www.printlog3d.com/library/abs","200","internal","internal","","","false","","","","2026-08-31T09:33:58.401Z"
"https://www.printlog3d.com/workshop/bed-adhesion-and-first-layer","ASA 235-255 °C · bed 90-110 °C","https://www.printlog3d.com/library/asa","https://www.printlog3d.com/library/asa","200","internal","internal","","","false","","","","2026-08-31T09:33:58.401Z"
"https://www.printlog3d.com/workshop/bed-adhesion-and-first-layer","Nylon PA6 230-260 °C · bed 70-90 °C","https://www.printlog3d.com/library/nylon-pa6","https://www.printlog3d.com/library/nylon-pa6","200","internal","internal","","","false","","","","2026-08-31T09:33:58.401Z"
"https://www.printlog3d.com/workshop/bed-adhesion-and-first-layer","Nylon PA12 240-270 °C · bed 70-90 °C","https://www.printlog3d.com/library/nylon-pa12","https://www.printlog3d.com/library/nylon-pa12","200","internal","internal","","","false","","","","2026-08-31T09:33:58.401Z"
"https://www.printlog3d.com/workshop/bed-adhesion-and-first-layer","PETG 220-250 °C · bed 70-85 °C","https://www.printlog3d.com/library/petg","https://www.printlog3d.com/library/petg","200","internal","internal","","","false","","","","2026-08-31T09:33:58.401Z"
"https://www.printlog3d.com/workshop/bed-adhesion-and-first-layer","PC 260-310 °C · bed 100-120 °C","https://www.printlog3d.com/library/pc","https://www.printlog3d.com/library/pc","200","internal","internal","","","false","","","","2026-08-31T09:33:58.401Z"
"https://www.printlog3d.com/workshop/bed-adhesion-and-first-layer","← All workshop guides","https://www.printlog3d.com/workshop","https://www.printlog3d.com/workshop","200","internal","internal","","","false","","","","2026-08-31T09:33:58.401Z"
"https://www.printlog3d.com/workshop/bed-adhesion-and-first-layer","Next: Painting →","https://www.printlog3d.com/workshop/painting-3d-prints","https://www.printlog3d.com/workshop/painting-3d-prints","200","internal","internal","","","false","","","","2026-08-31T09:33:58.401Z"
"https://www.printlog3d.com/workshop/bed-adhesion-and-first-layer","Materials","https://www.printlog3d.com/library","https://www.printlog3d.com/library","200","internal","internal","","","false","","","","2026-08-31T09:33:58.401Z"
"https://www.printlog3d.com/workshop/bed-adhesion-and-first-layer","Guides","https://www.printlog3d.com/3d-printing-filament-guide","https://www.printlog3d.com/3d-printing-filament-guide","200","internal","internal","","","false","","","","2026-08-31T09:33:58.401Z"
"https://www.printlog3d.com/workshop/bed-adhesion-and-first-layer","Workshop","https://www.printlog3d.com/workshop","https://www.printlog3d.com/workshop","200","internal","internal","","","false","","","","2026-08-31T09:33:58.401Z"
"https://www.printlog3d.com/workshop/bed-adhesion-and-first-layer","Recommended Gear","https://www.printlog3d.com/recommended-gear","https://www.printlog3d.com/recommended-gear","200","internal","internal","","","false","","","","2026-08-31T09:33:58.401Z"
"https://www.printlog3d.com/workshop/bed-adhesion-and-first-layer","Get It Printed","https://www.printlog3d.com/get-it-printed","https://www.printlog3d.com/get-it-printed","200","internal","internal","","","false","","","","2026-08-31T09:33:58.401Z"
"https://www.printlog3d.com/workshop/bed-adhesion-and-first-layer","Free Download","https://www.printlog3d.com/free-download","https://www.printlog3d.com/free-download","200","internal","internal","","","false","","","","2026-08-31T09:33:58.401Z"
"https://www.printlog3d.com/workshop/bed-adhesion-and-first-layer","About","https://www.printlog3d.com/about","https://www.printlog3d.com/about","200","internal","internal","","","false","","","","2026-08-31T09:33:58.401Z"
"https://www.printlog3d.com/workshop/bed-adhesion-and-first-layer","Support","https://www.printlog3d.com/support","https://www.printlog3d.com/support","200","internal","internal","","","false","","","","2026-08-31T09:33:58.401Z"
"https://www.printlog3d.com/workshop/bed-adhesion-and-first-layer","Editorial policy","https://www.printlog3d.com/editorial-policy","https://www.printlog3d.com/editorial-policy","200","internal","internal","","","false","","","","2026-08-31T09:33:58.401Z"
"https://www.printlog3d.com/workshop/bed-adhesion-and-first-layer","Disclosure","https://www.printlog3d.com/disclosure","https://www.printlog3d.com/disclosure","200","internal","internal","","","false","","","","2026-08-31T09:33:58.401Z"
"https://www.printlog3d.com/workshop/bed-adhesion-and-first-layer","Privacy","https://www.printlog3d.com/privacy","https://www.printlog3d.com/privacy","200","internal","internal","","","false","","","","2026-08-31T09:33:58.401Z"
"https://www.printlog3d.com/workshop/bed-adhesion-and-first-layer","Terms","https://www.printlog3d.com/terms","https://www.printlog3d.com/terms","200","internal","internal","","","false","","","","2026-08-31T09:33:58.401Z"
"https://www.printlog3d.com/workshop/painting-3d-prints","","https://www.printlog3d.com/","https://www.printlog3d.com/","200","internal","internal","","","false","","","","2026-08-31T09:33:58.401Z"
"https://www.printlog3d.com/workshop/painting-3d-prints","Materials","https://www.printlog3d.com/library","https://www.printlog3d.com/library","200","internal","internal","","","false","","","","2026-08-31T09:33:58.401Z"
"https://www.printlog3d.com/workshop/painting-3d-prints","Guides","https://www.printlog3d.com/3d-printing-filament-guide","https://www.printlog3d.com/3d-printing-filament-guide","200","internal","internal","","","false","","","","2026-08-31T09:33:58.401Z"
"https://www.printlog3d.com/workshop/painting-3d-prints","Workshop","https://www.printlog3d.com/workshop","https://www.printlog3d.com/workshop","200","internal","internal","","","false","","","","2026-08-31T09:33:58.401Z"
"https://www.printlog3d.com/workshop/painting-3d-prints","Gear","https://www.printlog3d.com/recommended-gear","https://www.printlog3d.com/recommended-gear","200","internal","internal","","","false","","","","2026-08-31T09:33:58.401Z"
"https://www.printlog3d.com/workshop/painting-3d-prints","Get It Printed","https://www.printlog3d.com/get-it-printed","https://www.printlog3d.com/get-it-printed","200","internal","internal","","","false","","","","2026-08-31T09:33:58.401Z"
"https://www.printlog3d.com/workshop/painting-3d-prints","Free Download","https://www.printlog3d.com/free-download","https://www.printlog3d.com/free-download","200","internal","internal","","","false","","","","2026-08-31T09:33:58.401Z"
"https://www.printlog3d.com/workshop/painting-3d-prints","About","https://www.printlog3d.com/about","https://www.printlog3d.com/about","200","internal","internal","","","false","","","","2026-08-31T09:33:58.401Z"
"https://www.printlog3d.com/workshop/painting-3d-prints","Free Download","https://www.printlog3d.com/free-download","https://www.printlog3d.com/free-download","200","internal","internal","","","false","","","","2026-08-31T09:33:58.401Z"
"https://www.printlog3d.com/workshop/painting-3d-prints","Home","https://www.printlog3d.com/","https://www.printlog3d.com/","200","internal","internal","","","false","","","","2026-08-31T09:33:58.401Z"
"https://www.printlog3d.com/workshop/painting-3d-prints","Workshop","https://www.printlog3d.com/workshop","https://www.printlog3d.com/workshop","200","internal","internal","","","false","","","","2026-08-31T09:33:58.401Z"
"https://www.printlog3d.com/workshop/painting-3d-prints","Bartoline · Sandable filler primer, grey One of the few filler primers whose own","https://www.amazon.com/dp/B0FKGNZ36S?tag=printlog3d-20","https://www.amazon.com/dp/B0FKGNZ36S?tag=printlog3d-20","200","external","commercial","Amazon","amazon-associates","true","printlog3d-20","nofollow noopener noreferrer sponsored","","2026-08-31T09:33:58.401Z"
"https://www.printlog3d.com/workshop/painting-3d-prints","Assorted · Wet/dry sandpaper assortment 120 through 3000 grit, wet/dry backing s","https://www.amazon.com/dp/B01HBJ8Y00?tag=printlog3d-20","https://www.amazon.com/dp/B01HBJ8Y00?tag=printlog3d-20","200","external","commercial","Amazon","amazon-associates","true","printlog3d-20","nofollow noopener noreferrer sponsored","","2026-08-31T09:33:58.401Z"
"https://www.printlog3d.com/workshop/painting-3d-prints","PLA 180-220 °C · bed 50-60 °C","https://www.printlog3d.com/library/pla","https://www.printlog3d.com/library/pla","200","internal","internal","","","false","","","","2026-08-31T09:33:58.401Z"
"https://www.printlog3d.com/workshop/painting-3d-prints","PETG 220-250 °C · bed 70-85 °C","https://www.printlog3d.com/library/petg","https://www.printlog3d.com/library/petg","200","internal","internal","","","false","","","","2026-08-31T09:33:58.401Z"
"https://www.printlog3d.com/workshop/painting-3d-prints","ABS 220-250 °C · bed 100-110 °C","https://www.printlog3d.com/library/abs","https://www.printlog3d.com/library/abs","200","internal","internal","","","false","","","","2026-08-31T09:33:58.401Z"
"https://www.printlog3d.com/workshop/painting-3d-prints","ASA 235-255 °C · bed 90-110 °C","https://www.printlog3d.com/library/asa","https://www.printlog3d.com/library/asa","200","internal","internal","","","false","","","","2026-08-31T09:33:58.401Z"
"https://www.printlog3d.com/workshop/painting-3d-prints","PLA Matte 195-220 °C · bed 50-60 °C","https://www.printlog3d.com/library/pla-matte","https://www.printlog3d.com/library/pla-matte","200","internal","internal","","","false","","","","2026-08-31T09:33:58.401Z"
"https://www.printlog3d.com/workshop/painting-3d-prints","Get a printing quote","https://www.3dprinterondemand.com/instant-quote?source=printlog3d&source_page=troubleshooting&placement=owned-service-troubleshooting&campaign=printlog3d-referral","https://www.3dprinterondemand.com/instant-quote?source=printlog3d&source_page=troubleshooting&placement=owned-service-troubleshooting&campaign=printlog3d-referral","200","external","commercial","3DPrinterOnDemand","owned-service","n/a-no-credentials","","noopener noreferrer","","2026-08-31T09:33:58.401Z"
"https://www.printlog3d.com/workshop/painting-3d-prints","← All workshop guides","https://www.printlog3d.com/workshop","https://www.printlog3d.com/workshop","200","internal","internal","","","false","","","","2026-08-31T09:33:58.401Z"
"https://www.printlog3d.com/workshop/painting-3d-prints","Next: Gluing and joining →","https://www.printlog3d.com/workshop/gluing-3d-printed-parts","https://www.printlog3d.com/workshop/gluing-3d-printed-parts","200","internal","internal","","","false","","","","2026-08-31T09:33:58.401Z"
"https://www.printlog3d.com/workshop/painting-3d-prints","Materials","https://www.printlog3d.com/library","https://www.printlog3d.com/library","200","internal","internal","","","false","","","","2026-08-31T09:33:58.401Z"
"https://www.printlog3d.com/workshop/painting-3d-prints","Guides","https://www.printlog3d.com/3d-printing-filament-guide","https://www.printlog3d.com/3d-printing-filament-guide","200","internal","internal","","","false","","","","2026-08-31T09:33:58.401Z"
"https://www.printlog3d.com/workshop/painting-3d-prints","Workshop","https://www.printlog3d.com/workshop","https://www.printlog3d.com/workshop","200","internal","internal","","","false","","","","2026-08-31T09:33:58.401Z"
"https://www.printlog3d.com/workshop/painting-3d-prints","Recommended Gear","https://www.printlog3d.com/recommended-gear","https://www.printlog3d.com/recommended-gear","200","internal","internal","","","false","","","","2026-08-31T09:33:58.401Z"
"https://www.printlog3d.com/workshop/painting-3d-prints","Get It Printed","https://www.printlog3d.com/get-it-printed","https://www.printlog3d.com/get-it-printed","200","internal","internal","","","false","","","","2026-08-31T09:33:58.401Z"
"https://www.printlog3d.com/workshop/painting-3d-prints","Free Download","https://www.printlog3d.com/free-download","https://www.printlog3d.com/free-download","200","internal","internal","","","false","","","","2026-08-31T09:33:58.401Z"
"https://www.printlog3d.com/workshop/painting-3d-prints","About","https://www.printlog3d.com/about","https://www.printlog3d.com/about","200","internal","internal","","","false","","","","2026-08-31T09:33:58.401Z"
"https://www.printlog3d.com/workshop/painting-3d-prints","Support","https://www.printlog3d.com/support","https://www.printlog3d.com/support","200","internal","internal","","","false","","","","2026-08-31T09:33:58.401Z"
"https://www.printlog3d.com/workshop/painting-3d-prints","Editorial policy","https://www.printlog3d.com/editorial-policy","https://www.printlog3d.com/editorial-policy","200","internal","internal","","","false","","","","2026-08-31T09:33:58.401Z"
"https://www.printlog3d.com/workshop/painting-3d-prints","Disclosure","https://www.printlog3d.com/disclosure","https://www.printlog3d.com/disclosure","200","internal","internal","","","false","","","","2026-08-31T09:33:58.401Z"
"https://www.printlog3d.com/workshop/painting-3d-prints","Privacy","https://www.printlog3d.com/privacy","https://www.printlog3d.com/privacy","200","internal","internal","","","false","","","","2026-08-31T09:33:58.401Z"
"https://www.printlog3d.com/workshop/painting-3d-prints","Terms","https://www.printlog3d.com/terms","https://www.printlog3d.com/terms","200","internal","internal","","","false","","","","2026-08-31T09:33:58.401Z"
"https://www.printlog3d.com/workshop/gluing-3d-printed-parts","","https://www.printlog3d.com/","https://www.printlog3d.com/","200","internal","internal","","","false","","","","2026-08-31T09:33:58.401Z"
"https://www.printlog3d.com/workshop/gluing-3d-printed-parts","Materials","https://www.printlog3d.com/library","https://www.printlog3d.com/library","200","internal","internal","","","false","","","","2026-08-31T09:33:58.401Z"
"https://www.printlog3d.com/workshop/gluing-3d-printed-parts","Guides","https://www.printlog3d.com/3d-printing-filament-guide","https://www.printlog3d.com/3d-printing-filament-guide","200","internal","internal","","","false","","","","2026-08-31T09:33:58.401Z"
"https://www.printlog3d.com/workshop/gluing-3d-printed-parts","Workshop","https://www.printlog3d.com/workshop","https://www.printlog3d.com/workshop","200","internal","internal","","","false","","","","2026-08-31T09:33:58.401Z"
"https://www.printlog3d.com/workshop/gluing-3d-printed-parts","Gear","https://www.printlog3d.com/recommended-gear","https://www.printlog3d.com/recommended-gear","200","internal","internal","","","false","","","","2026-08-31T09:33:58.401Z"
"https://www.printlog3d.com/workshop/gluing-3d-printed-parts","Get It Printed","https://www.printlog3d.com/get-it-printed","https://www.printlog3d.com/get-it-printed","200","internal","internal","","","false","","","","2026-08-31T09:33:58.401Z"
"https://www.printlog3d.com/workshop/gluing-3d-printed-parts","Free Download","https://www.printlog3d.com/free-download","https://www.printlog3d.com/free-download","200","internal","internal","","","false","","","","2026-08-31T09:33:58.401Z"
"https://www.printlog3d.com/workshop/gluing-3d-printed-parts","About","https://www.printlog3d.com/about","https://www.printlog3d.com/about","200","internal","internal","","","false","","","","2026-08-31T09:33:58.401Z"
"https://www.printlog3d.com/workshop/gluing-3d-printed-parts","Free Download","https://www.printlog3d.com/free-download","https://www.printlog3d.com/free-download","200","internal","internal","","","false","","","","2026-08-31T09:33:58.401Z"
"https://www.printlog3d.com/workshop/gluing-3d-printed-parts","Home","https://www.printlog3d.com/","https://www.printlog3d.com/","200","internal","internal","","","false","","","","2026-08-31T09:33:58.401Z"
"https://www.printlog3d.com/workshop/gluing-3d-printed-parts","Workshop","https://www.printlog3d.com/workshop","https://www.printlog3d.com/workshop","200","internal","internal","","","false","","","","2026-08-31T09:33:58.401Z"
"https://www.printlog3d.com/workshop/gluing-3d-printed-parts","Bob Smith Industries · CA glue and accelerator combo Glue and accelerator togeth","https://www.amazon.com/dp/B0166FFCHS?tag=printlog3d-20","https://www.amazon.com/dp/B0166FFCHS?tag=printlog3d-20","200","external","commercial","Amazon","amazon-associates","true","printlog3d-20","nofollow noopener noreferrer sponsored","","2026-08-31T09:33:58.401Z"
"https://www.printlog3d.com/workshop/gluing-3d-printed-parts","J-B Weld · Clear 5-minute epoxy syringe, 25 ml Twin syringe meters both parts ev","https://www.amazon.com/dp/B009EU5ZM0?tag=printlog3d-20","https://www.amazon.com/dp/B009EU5ZM0?tag=printlog3d-20","200","external","commercial","Amazon","amazon-associates","true","printlog3d-20","nofollow noopener noreferrer sponsored","","2026-08-31T09:33:58.401Z"
"https://www.printlog3d.com/workshop/gluing-3d-printed-parts","PLA 180-220 °C · bed 50-60 °C","https://www.printlog3d.com/library/pla","https://www.printlog3d.com/library/pla","200","internal","internal","","","false","","","","2026-08-31T09:33:58.401Z"
"https://www.printlog3d.com/workshop/gluing-3d-printed-parts","PETG 220-250 °C · bed 70-85 °C","https://www.printlog3d.com/library/petg","https://www.printlog3d.com/library/petg","200","internal","internal","","","false","","","","2026-08-31T09:33:58.401Z"
"https://www.printlog3d.com/workshop/gluing-3d-printed-parts","ABS 220-250 °C · bed 100-110 °C","https://www.printlog3d.com/library/abs","https://www.printlog3d.com/library/abs","200","internal","internal","","","false","","","","2026-08-31T09:33:58.401Z"
"https://www.printlog3d.com/workshop/gluing-3d-printed-parts","ASA 235-255 °C · bed 90-110 °C","https://www.printlog3d.com/library/asa","https://www.printlog3d.com/library/asa","200","internal","internal","","","false","","","","2026-08-31T09:33:58.401Z"
"https://www.printlog3d.com/workshop/gluing-3d-printed-parts","TPU 220-250 °C · bed 30-50 °C","https://www.printlog3d.com/library/tpu","https://www.printlog3d.com/library/tpu","200","internal","internal","","","false","","","","2026-08-31T09:33:58.401Z"
"https://www.printlog3d.com/workshop/gluing-3d-printed-parts","Get a printing quote","https://www.3dprinterondemand.com/instant-quote?source=printlog3d&source_page=troubleshooting&placement=owned-service-troubleshooting&campaign=printlog3d-referral","https://www.3dprinterondemand.com/instant-quote?source=printlog3d&source_page=troubleshooting&placement=owned-service-troubleshooting&campaign=printlog3d-referral","200","external","commercial","3DPrinterOnDemand","owned-service","n/a-no-credentials","","noopener noreferrer","","2026-08-31T09:33:58.401Z"
"https://www.printlog3d.com/workshop/gluing-3d-printed-parts","← All workshop guides","https://www.printlog3d.com/workshop","https://www.printlog3d.com/workshop","200","internal","internal","","","false","","","","2026-08-31T09:33:58.401Z"
"https://www.printlog3d.com/workshop/gluing-3d-printed-parts","Next: Tolerance and measurement →","https://www.printlog3d.com/workshop/3d-print-tolerance","https://www.printlog3d.com/workshop/3d-print-tolerance","200","internal","internal","","","false","","","","2026-08-31T09:33:58.401Z"
"https://www.printlog3d.com/workshop/gluing-3d-printed-parts","Materials","https://www.printlog3d.com/library","https://www.printlog3d.com/library","200","internal","internal","","","false","","","","2026-08-31T09:33:58.401Z"
"https://www.printlog3d.com/workshop/gluing-3d-printed-parts","Guides","https://www.printlog3d.com/3d-printing-filament-guide","https://www.printlog3d.com/3d-printing-filament-guide","200","internal","internal","","","false","","","","2026-08-31T09:33:58.401Z"
"https://www.printlog3d.com/workshop/gluing-3d-printed-parts","Workshop","https://www.printlog3d.com/workshop","https://www.printlog3d.com/workshop","200","internal","internal","","","false","","","","2026-08-31T09:33:58.401Z"
"https://www.printlog3d.com/workshop/gluing-3d-printed-parts","Recommended Gear","https://www.printlog3d.com/recommended-gear","https://www.printlog3d.com/recommended-gear","200","internal","internal","","","false","","","","2026-08-31T09:33:58.401Z"
"https://www.printlog3d.com/workshop/gluing-3d-printed-parts","Get It Printed","https://www.printlog3d.com/get-it-printed","https://www.printlog3d.com/get-it-printed","200","internal","internal","","","false","","","","2026-08-31T09:33:58.401Z"
"https://www.printlog3d.com/workshop/gluing-3d-printed-parts","Free Download","https://www.printlog3d.com/free-download","https://www.printlog3d.com/free-download","200","internal","internal","","","false","","","","2026-08-31T09:33:58.401Z"
"https://www.printlog3d.com/workshop/gluing-3d-printed-parts","About","https://www.printlog3d.com/about","https://www.printlog3d.com/about","200","internal","internal","","","false","","","","2026-08-31T09:33:58.401Z"
"https://www.printlog3d.com/workshop/gluing-3d-printed-parts","Support","https://www.printlog3d.com/support","https://www.printlog3d.com/support","200","internal","internal","","","false","","","","2026-08-31T09:33:58.401Z"
"https://www.printlog3d.com/workshop/gluing-3d-printed-parts","Editorial policy","https://www.printlog3d.com/editorial-policy","https://www.printlog3d.com/editorial-policy","200","internal","internal","","","false","","","","2026-08-31T09:33:58.401Z"
"https://www.printlog3d.com/workshop/gluing-3d-printed-parts","Disclosure","https://www.printlog3d.com/disclosure","https://www.printlog3d.com/disclosure","200","internal","internal","","","false","","","","2026-08-31T09:33:58.401Z"
"https://www.printlog3d.com/workshop/gluing-3d-printed-parts","Privacy","https://www.printlog3d.com/privacy","https://www.printlog3d.com/privacy","200","internal","internal","","","false","","","","2026-08-31T09:33:58.401Z"
"https://www.printlog3d.com/workshop/gluing-3d-printed-parts","Terms","https://www.printlog3d.com/terms","https://www.printlog3d.com/terms","200","internal","internal","","","false","","","","2026-08-31T09:33:58.401Z"
"https://www.printlog3d.com/","[image]","/_next/image?url=%2Fbrand%2Flogo-primary.webp&w=384&q=75&dpl=dpl_4DQzJw9guhgkMZ6wYqAMaQ2vgBpr","","200","internal","asset","","","false","","","","2026-08-31T09:34:13.904Z"
"https://www.printlog3d.com/","[image]","/_next/image?url=%2Fbrand%2Ficons%2Fpla.webp&w=128&q=75&dpl=dpl_4DQzJw9guhgkMZ6wYqAMaQ2vgBpr","","200","internal","asset","","","false","","","","2026-08-31T09:34:13.980Z"
"https://www.printlog3d.com/","[image]","/_next/image?url=%2Fbrand%2Ficons%2Fpetg.webp&w=128&q=75&dpl=dpl_4DQzJw9guhgkMZ6wYqAMaQ2vgBpr","","200","internal","asset","","","false","","","","2026-08-31T09:34:14.009Z"
"https://www.printlog3d.com/","[image]","/_next/image?url=%2Fbrand%2Ficons%2Fpetg.webp&w=128&q=75&dpl=dpl_4DQzJw9guhgkMZ6wYqAMaQ2vgBpr","","200","internal","asset","","","false","","","","2026-08-31T09:34:14.009Z"
"https://www.printlog3d.com/","[image]","/_next/image?url=%2Fbrand%2Ficons%2Fpla.webp&w=128&q=75&dpl=dpl_4DQzJw9guhgkMZ6wYqAMaQ2vgBpr","","200","internal","asset","","","false","","","","2026-08-31T09:34:14.009Z"
"https://www.printlog3d.com/","[image]","/_next/image?url=%2Fbrand%2Ficons%2Fpla.webp&w=128&q=75&dpl=dpl_4DQzJw9guhgkMZ6wYqAMaQ2vgBpr","","200","internal","asset","","","false","","","","2026-08-31T09:34:14.009Z"
"https://www.printlog3d.com/","[image]","/_next/image?url=%2Fbrand%2Ficons%2Fabs.webp&w=128&q=75&dpl=dpl_4DQzJw9guhgkMZ6wYqAMaQ2vgBpr","","200","internal","asset","","","false","","","","2026-08-31T09:34:14.078Z"
"https://www.printlog3d.com/","[image]","/_next/image?url=%2Fbrand%2Ficons%2Fasa.webp&w=128&q=75&dpl=dpl_4DQzJw9guhgkMZ6wYqAMaQ2vgBpr","","200","internal","asset","","","false","","","","2026-08-31T09:34:14.105Z"
"https://www.printlog3d.com/","[image]","/_next/image?url=%2Fbrand%2Ficons%2Fcomposite-filaments.webp&w=128&q=75&dpl=dpl_4DQzJw9guhgkMZ6wYqAMaQ2vgBpr","","200","internal","asset","","","false","","","","2026-08-31T09:34:14.155Z"
"https://www.printlog3d.com/","[image]","/_next/image?url=%2Fbrand%2Ficons%2Fpetg.webp&w=128&q=75&dpl=dpl_4DQzJw9guhgkMZ6wYqAMaQ2vgBpr","","200","internal","asset","","","false","","","","2026-08-31T09:34:14.155Z"
"https://www.printlog3d.com/","[image]","/_next/image?url=%2Fbrand%2Ficons%2Fabs.webp&w=128&q=75&dpl=dpl_4DQzJw9guhgkMZ6wYqAMaQ2vgBpr","","200","internal","asset","","","false","","","","2026-08-31T09:34:14.155Z"
"https://www.printlog3d.com/","[image]","/_next/image?url=%2Fbrand%2Ficons%2Fpla.webp&w=128&q=75&dpl=dpl_4DQzJw9guhgkMZ6wYqAMaQ2vgBpr","","200","internal","asset","","","false","","","","2026-08-31T09:34:14.155Z"
"https://www.printlog3d.com/","[image]","/_next/image?url=%2Fbrand%2Ficons%2Fpla.webp&w=128&q=75&dpl=dpl_4DQzJw9guhgkMZ6wYqAMaQ2vgBpr","","200","internal","asset","","","false","","","","2026-08-31T09:34:14.155Z"
"https://www.printlog3d.com/","[image]","/_next/image?url=%2Fbrand%2Ficons%2Fflexible-filaments.webp&w=128&q=75&dpl=dpl_4DQzJw9guhgkMZ6wYqAMaQ2vgBpr","","200","internal","asset","","","false","","","","2026-08-31T09:34:14.193Z"
"https://www.printlog3d.com/","[image]","/_next/image?url=%2Fbrand%2Ficons%2Fsupport-removal.webp&w=128&q=75&dpl=dpl_4DQzJw9guhgkMZ6wYqAMaQ2vgBpr","","200","internal","asset","","","false","","","","2026-08-31T09:34:14.225Z"
"https://www.printlog3d.com/","[image]","/_next/image?url=%2Fbrand%2Ficons%2Fpetg.webp&w=128&q=75&dpl=dpl_4DQzJw9guhgkMZ6wYqAMaQ2vgBpr","","200","internal","asset","","","false","","","","2026-08-31T09:34:14.225Z"
"https://www.printlog3d.com/","[image]","/_next/image?url=%2Fbrand%2Ficons%2Fcomposite-filaments.webp&w=128&q=75&dpl=dpl_4DQzJw9guhgkMZ6wYqAMaQ2vgBpr","","200","internal","asset","","","false","","","","2026-08-31T09:34:14.225Z"
"https://www.printlog3d.com/","[image]","/_next/image?url=%2Fbrand%2Ficons%2Fpla.webp&w=128&q=75&dpl=dpl_4DQzJw9guhgkMZ6wYqAMaQ2vgBpr","","200","internal","asset","","","false","","","","2026-08-31T09:34:14.225Z"
"https://www.printlog3d.com/","[image]","/_next/image?url=%2Fbrand%2Ficons%2Fpla.webp&w=128&q=75&dpl=dpl_4DQzJw9guhgkMZ6wYqAMaQ2vgBpr","","200","internal","asset","","","false","","","","2026-08-31T09:34:14.225Z"
"https://www.printlog3d.com/","[image]","/_next/image?url=%2Fbrand%2Ficons%2Fpla.webp&w=128&q=75&dpl=dpl_4DQzJw9guhgkMZ6wYqAMaQ2vgBpr","","200","internal","asset","","","false","","","","2026-08-31T09:34:14.225Z"
"https://www.printlog3d.com/","[image]","/_next/image?url=%2Fbrand%2Ficons%2Fpolycarbonate.webp&w=128&q=75&dpl=dpl_4DQzJw9guhgkMZ6wYqAMaQ2vgBpr","","200","internal","asset","","","false","","","","2026-08-31T09:34:14.258Z"
"https://www.printlog3d.com/","[image]","/_next/image?url=%2Fbrand%2Ficons%2Fnylon.webp&w=128&q=75&dpl=dpl_4DQzJw9guhgkMZ6wYqAMaQ2vgBpr","","200","internal","asset","","","false","","","","2026-08-31T09:34:14.286Z"
"https://www.printlog3d.com/","[image]","/_next/image?url=%2Fbrand%2Ficons%2Fnylon.webp&w=128&q=75&dpl=dpl_4DQzJw9guhgkMZ6wYqAMaQ2vgBpr","","200","internal","asset","","","false","","","","2026-08-31T09:34:14.286Z"
"https://www.printlog3d.com/","[image]","/_next/image?url=%2Fbrand%2Ficons%2Fcomposite-filaments.webp&w=128&q=75&dpl=dpl_4DQzJw9guhgkMZ6wYqAMaQ2vgBpr","","200","internal","asset","","","false","","","","2026-08-31T09:34:14.286Z"
"https://www.printlog3d.com/","[image]","/_next/image?url=%2Fbrand%2Ficons%2Fflexible-filaments.webp&w=128&q=75&dpl=dpl_4DQzJw9guhgkMZ6wYqAMaQ2vgBpr","","200","internal","asset","","","false","","","","2026-08-31T09:34:14.286Z"
"https://www.printlog3d.com/","[image]","/_next/image?url=%2Fbrand%2Ficons%2Fmaterial-profiles.webp&w=128&q=75&dpl=dpl_4DQzJw9guhgkMZ6wYqAMaQ2vgBpr","","200","internal","asset","","","false","","","","2026-08-31T09:34:14.311Z"
"https://www.printlog3d.com/","[image]","/_next/image?url=%2Fbrand%2Ficons%2Fcomposite-filaments.webp&w=128&q=75&dpl=dpl_4DQzJw9guhgkMZ6wYqAMaQ2vgBpr","","200","internal","asset","","","false","","","","2026-08-31T09:34:14.311Z"
"https://www.printlog3d.com/","[image]","/_next/image?url=%2Fbrand%2Ficons%2Fcomposite-filaments.webp&w=128&q=75&dpl=dpl_4DQzJw9guhgkMZ6wYqAMaQ2vgBpr","","200","internal","asset","","","false","","","","2026-08-31T09:34:14.311Z"
"https://www.printlog3d.com/","[image]","/_next/image?url=%2Fbrand%2Ficons%2Fpeek.webp&w=128&q=75&dpl=dpl_4DQzJw9guhgkMZ6wYqAMaQ2vgBpr","","200","internal","asset","","","false","","","","2026-08-31T09:34:14.437Z"
"https://www.printlog3d.com/","[image]","/_next/image?url=%2Fbrand%2Ficons%2Fcomposite-filaments.webp&w=128&q=75&dpl=dpl_4DQzJw9guhgkMZ6wYqAMaQ2vgBpr","","200","internal","asset","","","false","","","","2026-08-31T09:34:14.437Z"
"https://www.printlog3d.com/","[image]","/_next/image?url=%2Fbrand%2Ficons%2Fpeek.webp&w=128&q=75&dpl=dpl_4DQzJw9guhgkMZ6wYqAMaQ2vgBpr","","200","internal","asset","","","false","","","","2026-08-31T09:34:14.437Z"
"https://www.printlog3d.com/","[image]","/_next/image?url=%2Fbrand%2Ficons%2Fpeek.webp&w=128&q=75&dpl=dpl_4DQzJw9guhgkMZ6wYqAMaQ2vgBpr","","200","internal","asset","","","false","","","","2026-08-31T09:34:14.437Z"
"https://www.printlog3d.com/","[image]","/_next/image?url=%2Fbrand%2Ficons%2Fdrying.webp&w=96&q=75&dpl=dpl_4DQzJw9guhgkMZ6wYqAMaQ2vgBpr","","200","internal","asset","","","false","","","","2026-08-31T09:34:14.753Z"
"https://www.printlog3d.com/","[image]","/_next/image?url=%2Fbrand%2Ficons%2Fstringing.webp&w=96&q=75&dpl=dpl_4DQzJw9guhgkMZ6wYqAMaQ2vgBpr","","200","internal","asset","","","false","","","","2026-08-31T09:34:14.798Z"
"https://www.printlog3d.com/","[image]","/_next/image?url=%2Fbrand%2Ficons%2Fmaterial-profiles.webp&w=96&q=75&dpl=dpl_4DQzJw9guhgkMZ6wYqAMaQ2vgBpr","","200","internal","asset","","","false","","","","2026-08-31T09:34:14.837Z"
"https://www.printlog3d.com/","[image]","/_next/image?url=%2Fbrand%2Ficons%2Fcompare.webp&w=96&q=75&dpl=dpl_4DQzJw9guhgkMZ6wYqAMaQ2vgBpr","","200","internal","asset","","","false","","","","2026-08-31T09:34:14.865Z"
"https://www.printlog3d.com/","[image]","/_next/image?url=%2Fbrand%2Fbadges%2Ffree-settings-sheet.webp&w=256&q=75&dpl=dpl_4DQzJw9guhgkMZ6wYqAMaQ2vgBpr","","200","internal","asset","","","false","","","","2026-08-31T09:34:14.894Z"
"https://www.printlog3d.com/","[image]","/_next/image?url=%2Fbrand%2Femblem.webp&w=96&q=75&dpl=dpl_4DQzJw9guhgkMZ6wYqAMaQ2vgBpr","","200","internal","asset","","","false","","","","2026-08-31T09:34:15.033Z"
"https://www.printlog3d.com/library","[image]","/_next/image?url=%2Fbrand%2Flogo-primary.webp&w=384&q=75&dpl=dpl_4DQzJw9guhgkMZ6wYqAMaQ2vgBpr","","200","internal","asset","","","false","","","","2026-08-31T09:34:15.034Z"
"https://www.printlog3d.com/library","[image]","/_next/image?url=%2Fbrand%2Femblem.webp&w=96&q=75&dpl=dpl_4DQzJw9guhgkMZ6wYqAMaQ2vgBpr","","200","internal","asset","","","false","","","","2026-08-31T09:34:15.034Z"
"https://www.printlog3d.com/3d-printing-filament-guide","[image]","/_next/image?url=%2Fbrand%2Flogo-primary.webp&w=384&q=75&dpl=dpl_4DQzJw9guhgkMZ6wYqAMaQ2vgBpr","","200","internal","asset","","","false","","","","2026-08-31T09:34:15.034Z"
"https://www.printlog3d.com/3d-printing-filament-guide","[image]","/_next/image?url=%2Fbrand%2Femblem.webp&w=96&q=75&dpl=dpl_4DQzJw9guhgkMZ6wYqAMaQ2vgBpr","","200","internal","asset","","","false","","","","2026-08-31T09:34:15.034Z"
"https://www.printlog3d.com/pla-vs-petg","[image]","/_next/image?url=%2Fbrand%2Flogo-primary.webp&w=384&q=75&dpl=dpl_4DQzJw9guhgkMZ6wYqAMaQ2vgBpr","","200","internal","asset","","","false","","","","2026-08-31T09:34:15.034Z"
"https://www.printlog3d.com/pla-vs-petg","[image]","/_next/image?url=%2Fbrand%2Femblem.webp&w=96&q=75&dpl=dpl_4DQzJw9guhgkMZ6wYqAMaQ2vgBpr","","200","internal","asset","","","false","","","","2026-08-31T09:34:15.034Z"
"https://www.printlog3d.com/abs-vs-petg","[image]","/_next/image?url=%2Fbrand%2Flogo-primary.webp&w=384&q=75&dpl=dpl_4DQzJw9guhgkMZ6wYqAMaQ2vgBpr","","200","internal","asset","","","false","","","","2026-08-31T09:34:15.034Z"
"https://www.printlog3d.com/abs-vs-petg","[image]","/_next/image?url=%2Fbrand%2Femblem.webp&w=96&q=75&dpl=dpl_4DQzJw9guhgkMZ6wYqAMaQ2vgBpr","","200","internal","asset","","","false","","","","2026-08-31T09:34:15.034Z"
"https://www.printlog3d.com/pla-vs-abs","[image]","/_next/image?url=%2Fbrand%2Flogo-primary.webp&w=384&q=75&dpl=dpl_4DQzJw9guhgkMZ6wYqAMaQ2vgBpr","","200","internal","asset","","","false","","","","2026-08-31T09:34:15.034Z"
"https://www.printlog3d.com/pla-vs-abs","[image]","/_next/image?url=%2Fbrand%2Femblem.webp&w=96&q=75&dpl=dpl_4DQzJw9guhgkMZ6wYqAMaQ2vgBpr","","200","internal","asset","","","false","","","","2026-08-31T09:34:15.034Z"
"https://www.printlog3d.com/how-to-dry-filament","[image]","/_next/image?url=%2Fbrand%2Flogo-primary.webp&w=384&q=75&dpl=dpl_4DQzJw9guhgkMZ6wYqAMaQ2vgBpr","","200","internal","asset","","","false","","","","2026-08-31T09:34:15.034Z"
"https://www.printlog3d.com/how-to-dry-filament","[image]","https://m.media-amazon.com/images/I/41IgyHRV0DL._SL500_.jpg","","200","external","asset","","","false","","","","2026-08-31T09:34:15.096Z"
"https://www.printlog3d.com/how-to-dry-filament","[image]","https://m.media-amazon.com/images/I/41EUfiAPB8L._SL500_.jpg","","200","external","asset","","","false","","","","2026-08-31T09:34:15.131Z"
"https://www.printlog3d.com/how-to-dry-filament","[image]","https://m.media-amazon.com/images/I/51sHTbVk8BL._SL500_.jpg","","200","external","asset","","","false","","","","2026-08-31T09:34:15.168Z"
"https://www.printlog3d.com/how-to-dry-filament","[image]","/_next/image?url=%2Fbrand%2Femblem.webp&w=96&q=75&dpl=dpl_4DQzJw9guhgkMZ6wYqAMaQ2vgBpr","","200","internal","asset","","","false","","","","2026-08-31T09:34:15.168Z"
"https://www.printlog3d.com/3d-print-stringing","[image]","/_next/image?url=%2Fbrand%2Flogo-primary.webp&w=384&q=75&dpl=dpl_4DQzJw9guhgkMZ6wYqAMaQ2vgBpr","","200","internal","asset","","","false","","","","2026-08-31T09:34:15.168Z"
"https://www.printlog3d.com/3d-print-stringing","[image]","/_next/image?url=%2Fbrand%2Femblem.webp&w=96&q=75&dpl=dpl_4DQzJw9guhgkMZ6wYqAMaQ2vgBpr","","200","internal","asset","","","false","","","","2026-08-31T09:34:15.168Z"
"https://www.printlog3d.com/3d-printer-troubleshooting","[image]","/_next/image?url=%2Fbrand%2Flogo-primary.webp&w=384&q=75&dpl=dpl_4DQzJw9guhgkMZ6wYqAMaQ2vgBpr","","200","internal","asset","","","false","","","","2026-08-31T09:34:15.168Z"
"https://www.printlog3d.com/3d-printer-troubleshooting","[image]","/_next/image?url=%2Fbrand%2Ficons%2Fbed-temperature.webp&w=96&q=75&dpl=dpl_4DQzJw9guhgkMZ6wYqAMaQ2vgBpr","","200","internal","asset","","","false","","","","2026-08-31T09:34:15.196Z"
"https://www.printlog3d.com/3d-printer-troubleshooting","[image]","/_next/image?url=%2Fbrand%2Ficons%2Fwarping.webp&w=96&q=75&dpl=dpl_4DQzJw9guhgkMZ6wYqAMaQ2vgBpr","","200","internal","asset","","","false","","","","2026-08-31T09:34:15.219Z"
"https://www.printlog3d.com/3d-printer-troubleshooting","[image]","/_next/image?url=%2Fbrand%2Ficons%2Fstringing.webp&w=96&q=75&dpl=dpl_4DQzJw9guhgkMZ6wYqAMaQ2vgBpr","","200","internal","asset","","","false","","","","2026-08-31T09:34:15.219Z"
"https://www.printlog3d.com/3d-printer-troubleshooting","[image]","/_next/image?url=%2Fbrand%2Ficons%2Fnozzle-temperature.webp&w=96&q=75&dpl=dpl_4DQzJw9guhgkMZ6wYqAMaQ2vgBpr","","200","internal","asset","","","false","","","","2026-08-31T09:34:15.244Z"
"https://www.printlog3d.com/3d-printer-troubleshooting","[image]","/_next/image?url=%2Fbrand%2Ficons%2Fcalibration.webp&w=96&q=75&dpl=dpl_4DQzJw9guhgkMZ6wYqAMaQ2vgBpr","","200","internal","asset","","","false","","","","2026-08-31T09:34:15.270Z"
"https://www.printlog3d.com/3d-printer-troubleshooting","[image]","/_next/image?url=%2Fbrand%2Ficons%2Ftroubleshooting.webp&w=96&q=75&dpl=dpl_4DQzJw9guhgkMZ6wYqAMaQ2vgBpr","","200","internal","asset","","","false","","","","2026-08-31T09:34:15.304Z"
"https://www.printlog3d.com/3d-printer-troubleshooting","[image]","/_next/image?url=%2Fbrand%2Ficons%2Fsearch.webp&w=96&q=75&dpl=dpl_4DQzJw9guhgkMZ6wYqAMaQ2vgBpr","","200","internal","asset","","","false","","","","2026-08-31T09:34:15.328Z"
"https://www.printlog3d.com/3d-printer-troubleshooting","[image]","/_next/image?url=%2Fbrand%2Ficons%2Fcalibration.webp&w=96&q=75&dpl=dpl_4DQzJw9guhgkMZ6wYqAMaQ2vgBpr","","200","internal","asset","","","false","","","","2026-08-31T09:34:15.328Z"
"https://www.printlog3d.com/3d-printer-troubleshooting","[image]","/_next/image?url=%2Fbrand%2Ficons%2Flayer-adhesion.webp&w=96&q=75&dpl=dpl_4DQzJw9guhgkMZ6wYqAMaQ2vgBpr","","200","internal","asset","","","false","","","","2026-08-31T09:34:15.363Z"
"https://www.printlog3d.com/3d-printer-troubleshooting","[image]","/_next/image?url=%2Fbrand%2Ficons%2Fsupport-removal.webp&w=96&q=75&dpl=dpl_4DQzJw9guhgkMZ6wYqAMaQ2vgBpr","","200","internal","asset","","","false","","","","2026-08-31T09:34:15.387Z"
"https://www.printlog3d.com/3d-printer-troubleshooting","[image]","/_next/image?url=%2Fbrand%2Ficons%2Flayer-adhesion.webp&w=96&q=75&dpl=dpl_4DQzJw9guhgkMZ6wYqAMaQ2vgBpr","","200","internal","asset","","","false","","","","2026-08-31T09:34:15.387Z"
"https://www.printlog3d.com/3d-printer-troubleshooting","[image]","/_next/image?url=%2Fbrand%2Ficons%2Fmaterial-profiles.webp&w=96&q=75&dpl=dpl_4DQzJw9guhgkMZ6wYqAMaQ2vgBpr","","200","internal","asset","","","false","","","","2026-08-31T09:34:15.387Z"
"https://www.printlog3d.com/3d-printer-troubleshooting","[image]","/_next/image?url=%2Fbrand%2Ficons%2Fpeek.webp&w=96&q=75&dpl=dpl_4DQzJw9guhgkMZ6wYqAMaQ2vgBpr","","200","internal","asset","","","false","","","","2026-08-31T09:34:15.415Z"
"https://www.printlog3d.com/3d-printer-troubleshooting","[image]","/_next/image?url=%2Fbrand%2Ficons%2Fmaterial-profiles.webp&w=96&q=75&dpl=dpl_4DQzJw9guhgkMZ6wYqAMaQ2vgBpr","","200","internal","asset","","","false","","","","2026-08-31T09:34:15.416Z"
"https://www.printlog3d.com/3d-printer-troubleshooting","[image]","/_next/image?url=%2Fbrand%2Ficons%2Fmaterial-profiles.webp&w=96&q=75&dpl=dpl_4DQzJw9guhgkMZ6wYqAMaQ2vgBpr","","200","internal","asset","","","false","","","","2026-08-31T09:34:15.416Z"
"https://www.printlog3d.com/3d-printer-troubleshooting","[image]","/_next/image?url=%2Fbrand%2Ficons%2Fmaterial-profiles.webp&w=96&q=75&dpl=dpl_4DQzJw9guhgkMZ6wYqAMaQ2vgBpr","","200","internal","asset","","","false","","","","2026-08-31T09:34:15.416Z"
"https://www.printlog3d.com/3d-printer-troubleshooting","[image]","/_next/image?url=%2Fbrand%2Ficons%2Fmaterial-profiles.webp&w=96&q=75&dpl=dpl_4DQzJw9guhgkMZ6wYqAMaQ2vgBpr","","200","internal","asset","","","false","","","","2026-08-31T09:34:15.416Z"
"https://www.printlog3d.com/3d-printer-troubleshooting","[image]","/_next/image?url=%2Fbrand%2Ficons%2Fmaterial-profiles.webp&w=96&q=75&dpl=dpl_4DQzJw9guhgkMZ6wYqAMaQ2vgBpr","","200","internal","asset","","","false","","","","2026-08-31T09:34:15.416Z"
"https://www.printlog3d.com/3d-printer-troubleshooting","[image]","/_next/image?url=%2Fbrand%2Ficons%2Fmaterial-profiles.webp&w=96&q=75&dpl=dpl_4DQzJw9guhgkMZ6wYqAMaQ2vgBpr","","200","internal","asset","","","false","","","","2026-08-31T09:34:15.416Z"
"https://www.printlog3d.com/3d-printer-troubleshooting","[image]","/_next/image?url=%2Fbrand%2Femblem.webp&w=96&q=75&dpl=dpl_4DQzJw9guhgkMZ6wYqAMaQ2vgBpr","","200","internal","asset","","","false","","","","2026-08-31T09:34:15.416Z"
"https://www.printlog3d.com/asa-vs-abs","[image]","/_next/image?url=%2Fbrand%2Flogo-primary.webp&w=384&q=75&dpl=dpl_4DQzJw9guhgkMZ6wYqAMaQ2vgBpr","","200","internal","asset","","","false","","","","2026-08-31T09:34:15.416Z"
"https://www.printlog3d.com/asa-vs-abs","[image]","/_next/image?url=%2Fbrand%2Femblem.webp&w=96&q=75&dpl=dpl_4DQzJw9guhgkMZ6wYqAMaQ2vgBpr","","200","internal","asset","","","false","","","","2026-08-31T09:34:15.416Z"
"https://www.printlog3d.com/free-download","[image]","/_next/image?url=%2Fbrand%2Flogo-primary.webp&w=384&q=75&dpl=dpl_4DQzJw9guhgkMZ6wYqAMaQ2vgBpr","","200","internal","asset","","","false","","","","2026-08-31T09:34:15.416Z"
"https://www.printlog3d.com/free-download","[image]","/_next/image?url=%2Fbrand%2Femblem.webp&w=96&q=75&dpl=dpl_4DQzJw9guhgkMZ6wYqAMaQ2vgBpr","","200","internal","asset","","","false","","","","2026-08-31T09:34:15.416Z"
"https://www.printlog3d.com/get-it-printed","[image]","/_next/image?url=%2Fbrand%2Flogo-primary.webp&w=384&q=75&dpl=dpl_4DQzJw9guhgkMZ6wYqAMaQ2vgBpr","","200","internal","asset","","","false","","","","2026-08-31T09:34:15.416Z"
"https://www.printlog3d.com/get-it-printed","[image]","/_next/image?url=%2Fbrand%2Ficons%2Fpolycarbonate.webp&w=96&q=75&dpl=dpl_4DQzJw9guhgkMZ6wYqAMaQ2vgBpr","","200","internal","asset","","","false","","","","2026-08-31T09:34:15.443Z"
"https://www.printlog3d.com/get-it-printed","[image]","/_next/image?url=%2Fbrand%2Ficons%2Fpeek.webp&w=96&q=75&dpl=dpl_4DQzJw9guhgkMZ6wYqAMaQ2vgBpr","","200","internal","asset","","","false","","","","2026-08-31T09:34:15.443Z"
"https://www.printlog3d.com/get-it-printed","[image]","/_next/image?url=%2Fbrand%2Ficons%2Fnylon.webp&w=96&q=75&dpl=dpl_4DQzJw9guhgkMZ6wYqAMaQ2vgBpr","","200","internal","asset","","","false","","","","2026-08-31T09:34:15.489Z"
"https://www.printlog3d.com/get-it-printed","[image]","/_next/image?url=%2Fbrand%2Ficons%2Fnylon.webp&w=96&q=75&dpl=dpl_4DQzJw9guhgkMZ6wYqAMaQ2vgBpr","","200","internal","asset","","","false","","","","2026-08-31T09:34:15.489Z"
"https://www.printlog3d.com/get-it-printed","[image]","/_next/image?url=%2Fbrand%2Ficons%2Fcomposite-filaments.webp&w=96&q=75&dpl=dpl_4DQzJw9guhgkMZ6wYqAMaQ2vgBpr","","200","internal","asset","","","false","","","","2026-08-31T09:34:15.656Z"
"https://www.printlog3d.com/get-it-printed","[image]","/_next/image?url=%2Fbrand%2Ficons%2Fflexible-filaments.webp&w=96&q=75&dpl=dpl_4DQzJw9guhgkMZ6wYqAMaQ2vgBpr","","200","internal","asset","","","false","","","","2026-08-31T09:34:15.681Z"
"https://www.printlog3d.com/get-it-printed","[image]","/_next/image?url=%2Fbrand%2Ficons%2Fmaterial-profiles.webp&w=96&q=75&dpl=dpl_4DQzJw9guhgkMZ6wYqAMaQ2vgBpr","","200","internal","asset","","","false","","","","2026-08-31T09:34:15.681Z"
"https://www.printlog3d.com/get-it-printed","[image]","/_next/image?url=%2Fbrand%2Ficons%2Fcomposite-filaments.webp&w=96&q=75&dpl=dpl_4DQzJw9guhgkMZ6wYqAMaQ2vgBpr","","200","internal","asset","","","false","","","","2026-08-31T09:34:15.681Z"
"https://www.printlog3d.com/get-it-printed","[image]","/_next/image?url=%2Fbrand%2Ficons%2Fcomposite-filaments.webp&w=96&q=75&dpl=dpl_4DQzJw9guhgkMZ6wYqAMaQ2vgBpr","","200","internal","asset","","","false","","","","2026-08-31T09:34:15.681Z"
"https://www.printlog3d.com/get-it-printed","[image]","/_next/image?url=%2Fbrand%2Ficons%2Fcomposite-filaments.webp&w=96&q=75&dpl=dpl_4DQzJw9guhgkMZ6wYqAMaQ2vgBpr","","200","internal","asset","","","false","","","","2026-08-31T09:34:15.681Z"
"https://www.printlog3d.com/get-it-printed","[image]","/_next/image?url=%2Fbrand%2Ficons%2Fpeek.webp&w=96&q=75&dpl=dpl_4DQzJw9guhgkMZ6wYqAMaQ2vgBpr","","200","internal","asset","","","false","","","","2026-08-31T09:34:15.681Z"
"https://www.printlog3d.com/get-it-printed","[image]","/_next/image?url=%2Fbrand%2Ficons%2Fpeek.webp&w=96&q=75&dpl=dpl_4DQzJw9guhgkMZ6wYqAMaQ2vgBpr","","200","internal","asset","","","false","","","","2026-08-31T09:34:15.681Z"
"https://www.printlog3d.com/get-it-printed","[image]","/_next/image?url=%2Fbrand%2Femblem.webp&w=96&q=75&dpl=dpl_4DQzJw9guhgkMZ6wYqAMaQ2vgBpr","","200","internal","asset","","","false","","","","2026-08-31T09:34:15.681Z"
"https://www.printlog3d.com/workshop","[image]","/_next/image?url=%2Fbrand%2Flogo-primary.webp&w=384&q=75&dpl=dpl_4DQzJw9guhgkMZ6wYqAMaQ2vgBpr","","200","internal","asset","","","false","","","","2026-08-31T09:34:15.681Z"
"https://www.printlog3d.com/workshop","[image]","/_next/image?url=%2Fbrand%2Ficons%2Fcalibration.webp&w=96&q=75&dpl=dpl_4DQzJw9guhgkMZ6wYqAMaQ2vgBpr","","200","internal","asset","","","false","","","","2026-08-31T09:34:15.681Z"
"https://www.printlog3d.com/workshop","[image]","/_next/image?url=%2Fbrand%2Ficons%2Fbed-temperature.webp&w=96&q=75&dpl=dpl_4DQzJw9guhgkMZ6wYqAMaQ2vgBpr","","200","internal","asset","","","false","","","","2026-08-31T09:34:15.681Z"
"https://www.printlog3d.com/workshop","[image]","/_next/image?url=%2Fbrand%2Ficons%2Fsearch.webp&w=96&q=75&dpl=dpl_4DQzJw9guhgkMZ6wYqAMaQ2vgBpr","","200","internal","asset","","","false","","","","2026-08-31T09:34:15.681Z"
"https://www.printlog3d.com/workshop","[image]","/_next/image?url=%2Fbrand%2Ficons%2Fsupport-removal.webp&w=96&q=75&dpl=dpl_4DQzJw9guhgkMZ6wYqAMaQ2vgBpr","","200","internal","asset","","","false","","","","2026-08-31T09:34:15.681Z"
"https://www.printlog3d.com/workshop","[image]","/_next/image?url=%2Fbrand%2Ficons%2Flayer-adhesion.webp&w=96&q=75&dpl=dpl_4DQzJw9guhgkMZ6wYqAMaQ2vgBpr","","200","internal","asset","","","false","","","","2026-08-31T09:34:15.681Z"
"https://www.printlog3d.com/workshop","[image]","/_next/image?url=%2Fbrand%2Ficons%2Fsettings.webp&w=96&q=75&dpl=dpl_4DQzJw9guhgkMZ6wYqAMaQ2vgBpr","","200","internal","asset","","","false","","","","2026-08-31T09:34:15.707Z"
"https://www.printlog3d.com/workshop","[image]","/_next/image?url=%2Fbrand%2Ficons%2Fdrying.webp&w=96&q=75&dpl=dpl_4DQzJw9guhgkMZ6wYqAMaQ2vgBpr","","200","internal","asset","","","false","","","","2026-08-31T09:34:15.707Z"
"https://www.printlog3d.com/workshop","[image]","/_next/image?url=%2Fbrand%2Ficons%2Fnozzle-temperature.webp&w=96&q=75&dpl=dpl_4DQzJw9guhgkMZ6wYqAMaQ2vgBpr","","200","internal","asset","","","false","","","","2026-08-31T09:34:15.707Z"
"https://www.printlog3d.com/workshop","[image]","/_next/image?url=%2Fbrand%2Femblem.webp&w=96&q=75&dpl=dpl_4DQzJw9guhgkMZ6wYqAMaQ2vgBpr","","200","internal","asset","","","false","","","","2026-08-31T09:34:15.707Z"
"https://www.printlog3d.com/recommended-gear","[image]","/_next/image?url=%2Fbrand%2Flogo-primary.webp&w=384&q=75&dpl=dpl_4DQzJw9guhgkMZ6wYqAMaQ2vgBpr","","200","internal","asset","","","false","","","","2026-08-31T09:34:15.707Z"
"https://www.printlog3d.com/recommended-gear","[image]","https://m.media-amazon.com/images/I/21UeLZd9tmL._SL500_.jpg","","200","external","asset","","","false","","","","2026-08-31T09:34:15.785Z"
"https://www.printlog3d.com/recommended-gear","[image]","https://m.media-amazon.com/images/I/41EUfiAPB8L._SL500_.jpg","","200","external","asset","","","false","","","","2026-08-31T09:34:15.785Z"
"https://www.printlog3d.com/recommended-gear","[image]","https://m.media-amazon.com/images/I/41+x9Ed5CUL._SL500_.jpg","","200","external","asset","","","false","","","","2026-08-31T09:34:15.824Z"
"https://www.printlog3d.com/recommended-gear","[image]","https://m.media-amazon.com/images/I/51sHTbVk8BL._SL500_.jpg","","200","external","asset","","","false","","","","2026-08-31T09:34:15.824Z"
"https://www.printlog3d.com/recommended-gear","[image]","https://m.media-amazon.com/images/I/41IgyHRV0DL._SL500_.jpg","","200","external","asset","","","false","","","","2026-08-31T09:34:15.824Z"
"https://www.printlog3d.com/recommended-gear","[image]","https://m.media-amazon.com/images/I/51FMW5M-lpL._SL500_.jpg","","200","external","asset","","","false","","","","2026-08-31T09:34:15.842Z"
"https://www.printlog3d.com/recommended-gear","[image]","https://m.media-amazon.com/images/I/41BC+B-rURL._SL500_.jpg","","200","external","asset","","","false","","","","2026-08-31T09:34:15.875Z"
"https://www.printlog3d.com/recommended-gear","[image]","https://m.media-amazon.com/images/I/41H7B3UJs8L._SL500_.jpg","","200","external","asset","","","false","","","","2026-08-31T09:34:15.917Z"
"https://www.printlog3d.com/recommended-gear","[image]","https://m.media-amazon.com/images/I/41sEvzei5OL._SL500_.jpg","","200","external","asset","","","false","","","","2026-08-31T09:34:15.952Z"
"https://www.printlog3d.com/recommended-gear","[image]","https://m.media-amazon.com/images/I/51hwzsEeRZL._SL500_.jpg","","200","external","asset","","","false","","","","2026-08-31T09:34:15.991Z"
"https://www.printlog3d.com/recommended-gear","[image]","https://m.media-amazon.com/images/I/31isYtaDdML._SL500_.jpg","","200","external","asset","","","false","","","","2026-08-31T09:34:16.033Z"
"https://www.printlog3d.com/recommended-gear","[image]","https://m.media-amazon.com/images/I/41-aPqPxE-L._SL500_.jpg","","200","external","asset","","","false","","","","2026-08-31T09:34:16.071Z"
"https://www.printlog3d.com/recommended-gear","[image]","https://m.media-amazon.com/images/I/51GbVYKfeSL._SL500_.jpg","","200","external","asset","","","false","","","","2026-08-31T09:34:16.089Z"
"https://www.printlog3d.com/recommended-gear","[image]","https://m.media-amazon.com/images/I/31-wmLplVsL._SL500_.jpg","","200","external","asset","","","false","","","","2026-08-31T09:34:16.125Z"
"https://www.printlog3d.com/recommended-gear","[image]","https://m.media-amazon.com/images/I/313sIOIDm1L._SL500_.jpg","","200","external","asset","","","false","","","","2026-08-31T09:34:16.172Z"
"https://www.printlog3d.com/recommended-gear","[image]","https://m.media-amazon.com/images/I/51jJvNOUfAL._SL500_.jpg","","200","external","asset","","","false","","","","2026-08-31T09:34:16.193Z"
"https://www.printlog3d.com/recommended-gear","[image]","https://m.media-amazon.com/images/I/410M+yX3W0L._SL500_.jpg","","200","external","asset","","","false","","","","2026-08-31T09:34:16.215Z"
"https://www.printlog3d.com/recommended-gear","[image]","https://m.media-amazon.com/images/I/411ZzyEod3L._SL500_.jpg","","200","external","asset","","","false","","","","2026-08-31T09:34:16.258Z"
"https://www.printlog3d.com/recommended-gear","[image]","https://m.media-amazon.com/images/I/414qB5XjOeL._SL500_.jpg","","200","external","asset","","","false","","","","2026-08-31T09:34:16.287Z"
"https://www.printlog3d.com/recommended-gear","[image]","/_next/image?url=%2Fbrand%2Femblem.webp&w=96&q=75&dpl=dpl_4DQzJw9guhgkMZ6wYqAMaQ2vgBpr","","200","internal","asset","","","false","","","","2026-08-31T09:34:16.287Z"
"https://www.printlog3d.com/editorial-policy","[image]","/_next/image?url=%2Fbrand%2Flogo-primary.webp&w=384&q=75&dpl=dpl_4DQzJw9guhgkMZ6wYqAMaQ2vgBpr","","200","internal","asset","","","false","","","","2026-08-31T09:34:16.287Z"
"https://www.printlog3d.com/editorial-policy","[image]","/_next/image?url=%2Fbrand%2Femblem.webp&w=96&q=75&dpl=dpl_4DQzJw9guhgkMZ6wYqAMaQ2vgBpr","","200","internal","asset","","","false","","","","2026-08-31T09:34:16.287Z"
"https://www.printlog3d.com/disclosure","[image]","/_next/image?url=%2Fbrand%2Flogo-primary.webp&w=384&q=75&dpl=dpl_4DQzJw9guhgkMZ6wYqAMaQ2vgBpr","","200","internal","asset","","","false","","","","2026-08-31T09:34:16.287Z"
"https://www.printlog3d.com/disclosure","[image]","/_next/image?url=%2Fbrand%2Femblem.webp&w=96&q=75&dpl=dpl_4DQzJw9guhgkMZ6wYqAMaQ2vgBpr","","200","internal","asset","","","false","","","","2026-08-31T09:34:16.287Z"
"https://www.printlog3d.com/about","[image]","/_next/image?url=%2Fbrand%2Flogo-primary.webp&w=384&q=75&dpl=dpl_4DQzJw9guhgkMZ6wYqAMaQ2vgBpr","","200","internal","asset","","","false","","","","2026-08-31T09:34:16.287Z"
"https://www.printlog3d.com/about","[image]","/_next/image?url=%2Fbrand%2Femblem.webp&w=96&q=75&dpl=dpl_4DQzJw9guhgkMZ6wYqAMaQ2vgBpr","","200","internal","asset","","","false","","","","2026-08-31T09:34:16.287Z"
"https://www.printlog3d.com/support","[image]","/_next/image?url=%2Fbrand%2Flogo-primary.webp&w=384&q=75&dpl=dpl_4DQzJw9guhgkMZ6wYqAMaQ2vgBpr","","200","internal","asset","","","false","","","","2026-08-31T09:34:16.287Z"
"https://www.printlog3d.com/support","[image]","/_next/image?url=%2Fbrand%2Femblem.webp&w=96&q=75&dpl=dpl_4DQzJw9guhgkMZ6wYqAMaQ2vgBpr","","200","internal","asset","","","false","","","","2026-08-31T09:34:16.287Z"
"https://www.printlog3d.com/privacy","[image]","/_next/image?url=%2Fbrand%2Flogo-primary.webp&w=384&q=75&dpl=dpl_4DQzJw9guhgkMZ6wYqAMaQ2vgBpr","","200","internal","asset","","","false","","","","2026-08-31T09:34:16.287Z"
"https://www.printlog3d.com/privacy","[image]","/_next/image?url=%2Fbrand%2Femblem.webp&w=96&q=75&dpl=dpl_4DQzJw9guhgkMZ6wYqAMaQ2vgBpr","","200","internal","asset","","","false","","","","2026-08-31T09:34:16.287Z"
"https://www.printlog3d.com/terms","[image]","/_next/image?url=%2Fbrand%2Flogo-primary.webp&w=384&q=75&dpl=dpl_4DQzJw9guhgkMZ6wYqAMaQ2vgBpr","","200","internal","asset","","","false","","","","2026-08-31T09:34:16.287Z"
"https://www.printlog3d.com/terms","[image]","/_next/image?url=%2Fbrand%2Femblem.webp&w=96&q=75&dpl=dpl_4DQzJw9guhgkMZ6wYqAMaQ2vgBpr","","200","internal","asset","","","false","","","","2026-08-31T09:34:16.287Z"
"https://www.printlog3d.com/library/pla","[image]","/_next/image?url=%2Fbrand%2Flogo-primary.webp&w=384&q=75&dpl=dpl_4DQzJw9guhgkMZ6wYqAMaQ2vgBpr","","200","internal","asset","","","false","","","","2026-08-31T09:34:16.287Z"
"https://www.printlog3d.com/library/pla","[image]","/_next/image?url=%2Fbrand%2Ficons%2Fpla.webp&w=256&q=75&dpl=dpl_4DQzJw9guhgkMZ6wYqAMaQ2vgBpr","","200","internal","asset","","","false","","","","2026-08-31T09:34:16.337Z"
"https://www.printlog3d.com/library/pla","[image]","/_next/image?url=%2Fbrand%2Femblem.webp&w=96&q=75&dpl=dpl_4DQzJw9guhgkMZ6wYqAMaQ2vgBpr","","200","internal","asset","","","false","","","","2026-08-31T09:34:16.337Z"
"https://www.printlog3d.com/library/petg","[image]","/_next/image?url=%2Fbrand%2Flogo-primary.webp&w=384&q=75&dpl=dpl_4DQzJw9guhgkMZ6wYqAMaQ2vgBpr","","200","internal","asset","","","false","","","","2026-08-31T09:34:16.337Z"
"https://www.printlog3d.com/library/petg","[image]","/_next/image?url=%2Fbrand%2Ficons%2Fpetg.webp&w=256&q=75&dpl=dpl_4DQzJw9guhgkMZ6wYqAMaQ2vgBpr","","200","internal","asset","","","false","","","","2026-08-31T09:34:16.381Z"
"https://www.printlog3d.com/library/petg","[image]","/_next/image?url=%2Fbrand%2Femblem.webp&w=96&q=75&dpl=dpl_4DQzJw9guhgkMZ6wYqAMaQ2vgBpr","","200","internal","asset","","","false","","","","2026-08-31T09:34:16.381Z"
"https://www.printlog3d.com/library/abs","[image]","/_next/image?url=%2Fbrand%2Flogo-primary.webp&w=384&q=75&dpl=dpl_4DQzJw9guhgkMZ6wYqAMaQ2vgBpr","","200","internal","asset","","","false","","","","2026-08-31T09:34:16.381Z"
"https://www.printlog3d.com/library/abs","[image]","/_next/image?url=%2Fbrand%2Ficons%2Fabs.webp&w=256&q=75&dpl=dpl_4DQzJw9guhgkMZ6wYqAMaQ2vgBpr","","200","internal","asset","","","false","","","","2026-08-31T09:34:16.423Z"
"https://www.printlog3d.com/library/abs","[image]","/_next/image?url=%2Fbrand%2Femblem.webp&w=96&q=75&dpl=dpl_4DQzJw9guhgkMZ6wYqAMaQ2vgBpr","","200","internal","asset","","","false","","","","2026-08-31T09:34:16.423Z"
"https://www.printlog3d.com/library/asa","[image]","/_next/image?url=%2Fbrand%2Flogo-primary.webp&w=384&q=75&dpl=dpl_4DQzJw9guhgkMZ6wYqAMaQ2vgBpr","","200","internal","asset","","","false","","","","2026-08-31T09:34:16.423Z"
"https://www.printlog3d.com/library/asa","[image]","/_next/image?url=%2Fbrand%2Ficons%2Fasa.webp&w=256&q=75&dpl=dpl_4DQzJw9guhgkMZ6wYqAMaQ2vgBpr","","200","internal","asset","","","false","","","","2026-08-31T09:34:16.450Z"
"https://www.printlog3d.com/library/asa","[image]","/_next/image?url=%2Fbrand%2Femblem.webp&w=96&q=75&dpl=dpl_4DQzJw9guhgkMZ6wYqAMaQ2vgBpr","","200","internal","asset","","","false","","","","2026-08-31T09:34:16.450Z"
"https://www.printlog3d.com/library/pc","[image]","/_next/image?url=%2Fbrand%2Flogo-primary.webp&w=384&q=75&dpl=dpl_4DQzJw9guhgkMZ6wYqAMaQ2vgBpr","","200","internal","asset","","","false","","","","2026-08-31T09:34:16.450Z"
"https://www.printlog3d.com/library/pc","[image]","/_next/image?url=%2Fbrand%2Ficons%2Fpolycarbonate.webp&w=256&q=75&dpl=dpl_4DQzJw9guhgkMZ6wYqAMaQ2vgBpr","","200","internal","asset","","","false","","","","2026-08-31T09:34:16.471Z"
"https://www.printlog3d.com/library/pc","[image]","/_next/image?url=%2Fbrand%2Femblem.webp&w=96&q=75&dpl=dpl_4DQzJw9guhgkMZ6wYqAMaQ2vgBpr","","200","internal","asset","","","false","","","","2026-08-31T09:34:16.471Z"
"https://www.printlog3d.com/library/peek","[image]","/_next/image?url=%2Fbrand%2Flogo-primary.webp&w=384&q=75&dpl=dpl_4DQzJw9guhgkMZ6wYqAMaQ2vgBpr","","200","internal","asset","","","false","","","","2026-08-31T09:34:16.471Z"
"https://www.printlog3d.com/library/peek","[image]","/_next/image?url=%2Fbrand%2Ficons%2Fpeek.webp&w=256&q=75&dpl=dpl_4DQzJw9guhgkMZ6wYqAMaQ2vgBpr","","200","internal","asset","","","false","","","","2026-08-31T09:34:16.493Z"
"https://www.printlog3d.com/library/peek","[image]","/_next/image?url=%2Fbrand%2Femblem.webp&w=96&q=75&dpl=dpl_4DQzJw9guhgkMZ6wYqAMaQ2vgBpr","","200","internal","asset","","","false","","","","2026-08-31T09:34:16.493Z"
"https://www.printlog3d.com/library/nylon-pa6","[image]","/_next/image?url=%2Fbrand%2Flogo-primary.webp&w=384&q=75&dpl=dpl_4DQzJw9guhgkMZ6wYqAMaQ2vgBpr","","200","internal","asset","","","false","","","","2026-08-31T09:34:16.493Z"
"https://www.printlog3d.com/library/nylon-pa6","[image]","/_next/image?url=%2Fbrand%2Ficons%2Fnylon.webp&w=256&q=75&dpl=dpl_4DQzJw9guhgkMZ6wYqAMaQ2vgBpr","","200","internal","asset","","","false","","","","2026-08-31T09:34:16.523Z"
"https://www.printlog3d.com/library/nylon-pa6","[image]","/_next/image?url=%2Fbrand%2Femblem.webp&w=96&q=75&dpl=dpl_4DQzJw9guhgkMZ6wYqAMaQ2vgBpr","","200","internal","asset","","","false","","","","2026-08-31T09:34:16.523Z"
"https://www.printlog3d.com/library/nylon-pa12","[image]","/_next/image?url=%2Fbrand%2Flogo-primary.webp&w=384&q=75&dpl=dpl_4DQzJw9guhgkMZ6wYqAMaQ2vgBpr","","200","internal","asset","","","false","","","","2026-08-31T09:34:16.523Z"
"https://www.printlog3d.com/library/nylon-pa12","[image]","/_next/image?url=%2Fbrand%2Ficons%2Fnylon.webp&w=256&q=75&dpl=dpl_4DQzJw9guhgkMZ6wYqAMaQ2vgBpr","","200","internal","asset","","","false","","","","2026-08-31T09:34:16.523Z"
"https://www.printlog3d.com/library/nylon-pa12","[image]","/_next/image?url=%2Fbrand%2Femblem.webp&w=96&q=75&dpl=dpl_4DQzJw9guhgkMZ6wYqAMaQ2vgBpr","","200","internal","asset","","","false","","","","2026-08-31T09:34:16.523Z"
"https://www.printlog3d.com/library/pa-cf","[image]","/_next/image?url=%2Fbrand%2Flogo-primary.webp&w=384&q=75&dpl=dpl_4DQzJw9guhgkMZ6wYqAMaQ2vgBpr","","200","internal","asset","","","false","","","","2026-08-31T09:34:16.523Z"
"https://www.printlog3d.com/library/pa-cf","[image]","/_next/image?url=%2Fbrand%2Ficons%2Fcomposite-filaments.webp&w=256&q=75&dpl=dpl_4DQzJw9guhgkMZ6wYqAMaQ2vgBpr","","200","internal","asset","","","false","","","","2026-08-31T09:34:16.542Z"
"https://www.printlog3d.com/library/pa-cf","[image]","https://m.media-amazon.com/images/I/41H7B3UJs8L._SL500_.jpg","","200","external","asset","","","false","","","","2026-08-31T09:34:16.542Z"
"https://www.printlog3d.com/library/pa-cf","[image]","/_next/image?url=%2Fbrand%2Femblem.webp&w=96&q=75&dpl=dpl_4DQzJw9guhgkMZ6wYqAMaQ2vgBpr","","200","internal","asset","","","false","","","","2026-08-31T09:34:16.543Z"
"https://www.printlog3d.com/library/petg-cf","[image]","/_next/image?url=%2Fbrand%2Flogo-primary.webp&w=384&q=75&dpl=dpl_4DQzJw9guhgkMZ6wYqAMaQ2vgBpr","","200","internal","asset","","","false","","","","2026-08-31T09:34:16.543Z"
"https://www.printlog3d.com/library/petg-cf","[image]","/_next/image?url=%2Fbrand%2Ficons%2Fcomposite-filaments.webp&w=256&q=75&dpl=dpl_4DQzJw9guhgkMZ6wYqAMaQ2vgBpr","","200","internal","asset","","","false","","","","2026-08-31T09:34:16.543Z"
"https://www.printlog3d.com/library/petg-cf","[image]","https://m.media-amazon.com/images/I/41H7B3UJs8L._SL500_.jpg","","200","external","asset","","","false","","","","2026-08-31T09:34:16.543Z"
"https://www.printlog3d.com/library/petg-cf","[image]","/_next/image?url=%2Fbrand%2Femblem.webp&w=96&q=75&dpl=dpl_4DQzJw9guhgkMZ6wYqAMaQ2vgBpr","","200","internal","asset","","","false","","","","2026-08-31T09:34:16.543Z"
"https://www.printlog3d.com/library/pctg","[image]","/_next/image?url=%2Fbrand%2Flogo-primary.webp&w=384&q=75&dpl=dpl_4DQzJw9guhgkMZ6wYqAMaQ2vgBpr","","200","internal","asset","","","false","","","","2026-08-31T09:34:16.543Z"
"https://www.printlog3d.com/library/pctg","[image]","/_next/image?url=%2Fbrand%2Ficons%2Fpetg.webp&w=256&q=75&dpl=dpl_4DQzJw9guhgkMZ6wYqAMaQ2vgBpr","","200","internal","asset","","","false","","","","2026-08-31T09:34:16.543Z"
"https://www.printlog3d.com/library/pctg","[image]","/_next/image?url=%2Fbrand%2Femblem.webp&w=96&q=75&dpl=dpl_4DQzJw9guhgkMZ6wYqAMaQ2vgBpr","","200","internal","asset","","","false","","","","2026-08-31T09:34:16.543Z"
"https://www.printlog3d.com/library/cpe","[image]","/_next/image?url=%2Fbrand%2Flogo-primary.webp&w=384&q=75&dpl=dpl_4DQzJw9guhgkMZ6wYqAMaQ2vgBpr","","200","internal","asset","","","false","","","","2026-08-31T09:34:16.543Z"
"https://www.printlog3d.com/library/cpe","[image]","/_next/image?url=%2Fbrand%2Ficons%2Fpetg.webp&w=256&q=75&dpl=dpl_4DQzJw9guhgkMZ6wYqAMaQ2vgBpr","","200","internal","asset","","","false","","","","2026-08-31T09:34:16.543Z"
"https://www.printlog3d.com/library/cpe","[image]","/_next/image?url=%2Fbrand%2Femblem.webp&w=96&q=75&dpl=dpl_4DQzJw9guhgkMZ6wYqAMaQ2vgBpr","","200","internal","asset","","","false","","","","2026-08-31T09:34:16.543Z"
"https://www.printlog3d.com/library/hips","[image]","/_next/image?url=%2Fbrand%2Flogo-primary.webp&w=384&q=75&dpl=dpl_4DQzJw9guhgkMZ6wYqAMaQ2vgBpr","","200","internal","asset","","","false","","","","2026-08-31T09:34:16.543Z"
"https://www.printlog3d.com/library/hips","[image]","/_next/image?url=%2Fbrand%2Ficons%2Fabs.webp&w=256&q=75&dpl=dpl_4DQzJw9guhgkMZ6wYqAMaQ2vgBpr","","200","internal","asset","","","false","","","","2026-08-31T09:34:16.543Z"
"https://www.printlog3d.com/library/hips","[image]","/_next/image?url=%2Fbrand%2Femblem.webp&w=96&q=75&dpl=dpl_4DQzJw9guhgkMZ6wYqAMaQ2vgBpr","","200","internal","asset","","","false","","","","2026-08-31T09:34:16.543Z"
"https://www.printlog3d.com/library/pla-silk","[image]","/_next/image?url=%2Fbrand%2Flogo-primary.webp&w=384&q=75&dpl=dpl_4DQzJw9guhgkMZ6wYqAMaQ2vgBpr","","200","internal","asset","","","false","","","","2026-08-31T09:34:16.543Z"
"https://www.printlog3d.com/library/pla-silk","[image]","/_next/image?url=%2Fbrand%2Ficons%2Fpla.webp&w=256&q=75&dpl=dpl_4DQzJw9guhgkMZ6wYqAMaQ2vgBpr","","200","internal","asset","","","false","","","","2026-08-31T09:34:16.543Z"
"https://www.printlog3d.com/library/pla-silk","[image]","/_next/image?url=%2Fbrand%2Femblem.webp&w=96&q=75&dpl=dpl_4DQzJw9guhgkMZ6wYqAMaQ2vgBpr","","200","internal","asset","","","false","","","","2026-08-31T09:34:16.543Z"
"https://www.printlog3d.com/library/pla-matte","[image]","/_next/image?url=%2Fbrand%2Flogo-primary.webp&w=384&q=75&dpl=dpl_4DQzJw9guhgkMZ6wYqAMaQ2vgBpr","","200","internal","asset","","","false","","","","2026-08-31T09:34:16.543Z"
"https://www.printlog3d.com/library/pla-matte","[image]","/_next/image?url=%2Fbrand%2Ficons%2Fpla.webp&w=256&q=75&dpl=dpl_4DQzJw9guhgkMZ6wYqAMaQ2vgBpr","","200","internal","asset","","","false","","","","2026-08-31T09:34:16.543Z"
"https://www.printlog3d.com/library/pla-matte","[image]","/_next/image?url=%2Fbrand%2Femblem.webp&w=96&q=75&dpl=dpl_4DQzJw9guhgkMZ6wYqAMaQ2vgBpr","","200","internal","asset","","","false","","","","2026-08-31T09:34:16.543Z"
"https://www.printlog3d.com/library/pla-wood","[image]","/_next/image?url=%2Fbrand%2Flogo-primary.webp&w=384&q=75&dpl=dpl_4DQzJw9guhgkMZ6wYqAMaQ2vgBpr","","200","internal","asset","","","false","","","","2026-08-31T09:34:16.543Z"
"https://www.printlog3d.com/library/pla-wood","[image]","/_next/image?url=%2Fbrand%2Ficons%2Fpla.webp&w=256&q=75&dpl=dpl_4DQzJw9guhgkMZ6wYqAMaQ2vgBpr","","200","internal","asset","","","false","","","","2026-08-31T09:34:16.543Z"
"https://www.printlog3d.com/library/pla-wood","[image]","https://m.media-amazon.com/images/I/51FMW5M-lpL._SL500_.jpg","","200","external","asset","","","false","","","","2026-08-31T09:34:16.543Z"
"https://www.printlog3d.com/library/pla-wood","[image]","/_next/image?url=%2Fbrand%2Femblem.webp&w=96&q=75&dpl=dpl_4DQzJw9guhgkMZ6wYqAMaQ2vgBpr","","200","internal","asset","","","false","","","","2026-08-31T09:34:16.543Z"
"https://www.printlog3d.com/library/pla-metal","[image]","/_next/image?url=%2Fbrand%2Flogo-primary.webp&w=384&q=75&dpl=dpl_4DQzJw9guhgkMZ6wYqAMaQ2vgBpr","","200","internal","asset","","","false","","","","2026-08-31T09:34:16.543Z"
"https://www.printlog3d.com/library/pla-metal","[image]","/_next/image?url=%2Fbrand%2Ficons%2Fpla.webp&w=256&q=75&dpl=dpl_4DQzJw9guhgkMZ6wYqAMaQ2vgBpr","","200","internal","asset","","","false","","","","2026-08-31T09:34:16.543Z"
"https://www.printlog3d.com/library/pla-metal","[image]","https://m.media-amazon.com/images/I/41H7B3UJs8L._SL500_.jpg","","200","external","asset","","","false","","","","2026-08-31T09:34:16.543Z"
"https://www.printlog3d.com/library/pla-metal","[image]","/_next/image?url=%2Fbrand%2Femblem.webp&w=96&q=75&dpl=dpl_4DQzJw9guhgkMZ6wYqAMaQ2vgBpr","","200","internal","asset","","","false","","","","2026-08-31T09:34:16.543Z"
"https://www.printlog3d.com/library/tpu","[image]","/_next/image?url=%2Fbrand%2Flogo-primary.webp&w=384&q=75&dpl=dpl_4DQzJw9guhgkMZ6wYqAMaQ2vgBpr","","200","internal","asset","","","false","","","","2026-08-31T09:34:16.543Z"
"https://www.printlog3d.com/library/tpu","[image]","/_next/image?url=%2Fbrand%2Ficons%2Fflexible-filaments.webp&w=256&q=75&dpl=dpl_4DQzJw9guhgkMZ6wYqAMaQ2vgBpr","","200","internal","asset","","","false","","","","2026-08-31T09:34:16.572Z"
"https://www.printlog3d.com/library/tpu","[image]","https://m.media-amazon.com/images/I/415hQ79ETVL._SL500_.jpg","","200","external","asset","","","false","","","","2026-08-31T09:34:16.611Z"
"https://www.printlog3d.com/library/tpu","[image]","/_next/image?url=%2Fbrand%2Femblem.webp&w=96&q=75&dpl=dpl_4DQzJw9guhgkMZ6wYqAMaQ2vgBpr","","200","internal","asset","","","false","","","","2026-08-31T09:34:16.611Z"
"https://www.printlog3d.com/library/tpe","[image]","/_next/image?url=%2Fbrand%2Flogo-primary.webp&w=384&q=75&dpl=dpl_4DQzJw9guhgkMZ6wYqAMaQ2vgBpr","","200","internal","asset","","","false","","","","2026-08-31T09:34:16.611Z"
"https://www.printlog3d.com/library/tpe","[image]","/_next/image?url=%2Fbrand%2Ficons%2Fflexible-filaments.webp&w=256&q=75&dpl=dpl_4DQzJw9guhgkMZ6wYqAMaQ2vgBpr","","200","internal","asset","","","false","","","","2026-08-31T09:34:16.611Z"
"https://www.printlog3d.com/library/tpe","[image]","/_next/image?url=%2Fbrand%2Femblem.webp&w=96&q=75&dpl=dpl_4DQzJw9guhgkMZ6wYqAMaQ2vgBpr","","200","internal","asset","","","false","","","","2026-08-31T09:34:16.611Z"
"https://www.printlog3d.com/library/pva","[image]","/_next/image?url=%2Fbrand%2Flogo-primary.webp&w=384&q=75&dpl=dpl_4DQzJw9guhgkMZ6wYqAMaQ2vgBpr","","200","internal","asset","","","false","","","","2026-08-31T09:34:16.611Z"
"https://www.printlog3d.com/library/pva","[image]","/_next/image?url=%2Fbrand%2Ficons%2Fsupport-removal.webp&w=256&q=75&dpl=dpl_4DQzJw9guhgkMZ6wYqAMaQ2vgBpr","","200","internal","asset","","","false","","","","2026-08-31T09:34:16.645Z"
"https://www.printlog3d.com/library/pva","[image]","/_next/image?url=%2Fbrand%2Femblem.webp&w=96&q=75&dpl=dpl_4DQzJw9guhgkMZ6wYqAMaQ2vgBpr","","200","internal","asset","","","false","","","","2026-08-31T09:34:16.646Z"
"https://www.printlog3d.com/library/pp","[image]","/_next/image?url=%2Fbrand%2Flogo-primary.webp&w=384&q=75&dpl=dpl_4DQzJw9guhgkMZ6wYqAMaQ2vgBpr","","200","internal","asset","","","false","","","","2026-08-31T09:34:16.646Z"
"https://www.printlog3d.com/library/pp","[image]","/_next/image?url=%2Fbrand%2Ficons%2Fmaterial-profiles.webp&w=256&q=75&dpl=dpl_4DQzJw9guhgkMZ6wYqAMaQ2vgBpr","","200","internal","asset","","","false","","","","2026-08-31T09:34:16.670Z"
"https://www.printlog3d.com/library/pp","[image]","/_next/image?url=%2Fbrand%2Femblem.webp&w=96&q=75&dpl=dpl_4DQzJw9guhgkMZ6wYqAMaQ2vgBpr","","200","internal","asset","","","false","","","","2026-08-31T09:34:16.670Z"
"https://www.printlog3d.com/library/pvb","[image]","/_next/image?url=%2Fbrand%2Flogo-primary.webp&w=384&q=75&dpl=dpl_4DQzJw9guhgkMZ6wYqAMaQ2vgBpr","","200","internal","asset","","","false","","","","2026-08-31T09:34:16.670Z"
"https://www.printlog3d.com/library/pvb","[image]","/_next/image?url=%2Fbrand%2Ficons%2Fpetg.webp&w=256&q=75&dpl=dpl_4DQzJw9guhgkMZ6wYqAMaQ2vgBpr","","200","internal","asset","","","false","","","","2026-08-31T09:34:16.670Z"
"https://www.printlog3d.com/library/pvb","[image]","/_next/image?url=%2Fbrand%2Femblem.webp&w=96&q=75&dpl=dpl_4DQzJw9guhgkMZ6wYqAMaQ2vgBpr","","200","internal","asset","","","false","","","","2026-08-31T09:34:16.670Z"
"https://www.printlog3d.com/library/pla-cf","[image]","/_next/image?url=%2Fbrand%2Flogo-primary.webp&w=384&q=75&dpl=dpl_4DQzJw9guhgkMZ6wYqAMaQ2vgBpr","","200","internal","asset","","","false","","","","2026-08-31T09:34:16.670Z"
"https://www.printlog3d.com/library/pla-cf","[image]","/_next/image?url=%2Fbrand%2Ficons%2Fcomposite-filaments.webp&w=256&q=75&dpl=dpl_4DQzJw9guhgkMZ6wYqAMaQ2vgBpr","","200","internal","asset","","","false","","","","2026-08-31T09:34:16.670Z"
"https://www.printlog3d.com/library/pla-cf","[image]","https://m.media-amazon.com/images/I/41H7B3UJs8L._SL500_.jpg","","200","external","asset","","","false","","","","2026-08-31T09:34:16.670Z"
"https://www.printlog3d.com/library/pla-cf","[image]","/_next/image?url=%2Fbrand%2Femblem.webp&w=96&q=75&dpl=dpl_4DQzJw9guhgkMZ6wYqAMaQ2vgBpr","","200","internal","asset","","","false","","","","2026-08-31T09:34:16.670Z"
"https://www.printlog3d.com/library/pa-gf","[image]","/_next/image?url=%2Fbrand%2Flogo-primary.webp&w=384&q=75&dpl=dpl_4DQzJw9guhgkMZ6wYqAMaQ2vgBpr","","200","internal","asset","","","false","","","","2026-08-31T09:34:16.670Z"
"https://www.printlog3d.com/library/pa-gf","[image]","/_next/image?url=%2Fbrand%2Ficons%2Fcomposite-filaments.webp&w=256&q=75&dpl=dpl_4DQzJw9guhgkMZ6wYqAMaQ2vgBpr","","200","internal","asset","","","false","","","","2026-08-31T09:34:16.670Z"
"https://www.printlog3d.com/library/pa-gf","[image]","https://m.media-amazon.com/images/I/41H7B3UJs8L._SL500_.jpg","","200","external","asset","","","false","","","","2026-08-31T09:34:16.670Z"
"https://www.printlog3d.com/library/pa-gf","[image]","/_next/image?url=%2Fbrand%2Femblem.webp&w=96&q=75&dpl=dpl_4DQzJw9guhgkMZ6wYqAMaQ2vgBpr","","200","internal","asset","","","false","","","","2026-08-31T09:34:16.670Z"
"https://www.printlog3d.com/library/asa-cf","[image]","/_next/image?url=%2Fbrand%2Flogo-primary.webp&w=384&q=75&dpl=dpl_4DQzJw9guhgkMZ6wYqAMaQ2vgBpr","","200","internal","asset","","","false","","","","2026-08-31T09:34:16.670Z"
"https://www.printlog3d.com/library/asa-cf","[image]","/_next/image?url=%2Fbrand%2Ficons%2Fcomposite-filaments.webp&w=256&q=75&dpl=dpl_4DQzJw9guhgkMZ6wYqAMaQ2vgBpr","","200","internal","asset","","","false","","","","2026-08-31T09:34:16.670Z"
"https://www.printlog3d.com/library/asa-cf","[image]","https://m.media-amazon.com/images/I/41H7B3UJs8L._SL500_.jpg","","200","external","asset","","","false","","","","2026-08-31T09:34:16.670Z"
"https://www.printlog3d.com/library/asa-cf","[image]","/_next/image?url=%2Fbrand%2Femblem.webp&w=96&q=75&dpl=dpl_4DQzJw9guhgkMZ6wYqAMaQ2vgBpr","","200","internal","asset","","","false","","","","2026-08-31T09:34:16.670Z"
"https://www.printlog3d.com/library/pc-cf","[image]","/_next/image?url=%2Fbrand%2Flogo-primary.webp&w=384&q=75&dpl=dpl_4DQzJw9guhgkMZ6wYqAMaQ2vgBpr","","200","internal","asset","","","false","","","","2026-08-31T09:34:16.670Z"
"https://www.printlog3d.com/library/pc-cf","[image]","/_next/image?url=%2Fbrand%2Ficons%2Fcomposite-filaments.webp&w=256&q=75&dpl=dpl_4DQzJw9guhgkMZ6wYqAMaQ2vgBpr","","200","internal","asset","","","false","","","","2026-08-31T09:34:16.670Z"
"https://www.printlog3d.com/library/pc-cf","[image]","https://m.media-amazon.com/images/I/41H7B3UJs8L._SL500_.jpg","","200","external","asset","","","false","","","","2026-08-31T09:34:16.670Z"
"https://www.printlog3d.com/library/pc-cf","[image]","/_next/image?url=%2Fbrand%2Femblem.webp&w=96&q=75&dpl=dpl_4DQzJw9guhgkMZ6wYqAMaQ2vgBpr","","200","internal","asset","","","false","","","","2026-08-31T09:34:16.670Z"
"https://www.printlog3d.com/library/pei","[image]","/_next/image?url=%2Fbrand%2Flogo-primary.webp&w=384&q=75&dpl=dpl_4DQzJw9guhgkMZ6wYqAMaQ2vgBpr","","200","internal","asset","","","false","","","","2026-08-31T09:34:16.671Z"
"https://www.printlog3d.com/library/pei","[image]","/_next/image?url=%2Fbrand%2Ficons%2Fpeek.webp&w=256&q=75&dpl=dpl_4DQzJw9guhgkMZ6wYqAMaQ2vgBpr","","200","internal","asset","","","false","","","","2026-08-31T09:34:16.671Z"
"https://www.printlog3d.com/library/pei","[image]","/_next/image?url=%2Fbrand%2Femblem.webp&w=96&q=75&dpl=dpl_4DQzJw9guhgkMZ6wYqAMaQ2vgBpr","","200","internal","asset","","","false","","","","2026-08-31T09:34:16.671Z"
"https://www.printlog3d.com/library/pps","[image]","/_next/image?url=%2Fbrand%2Flogo-primary.webp&w=384&q=75&dpl=dpl_4DQzJw9guhgkMZ6wYqAMaQ2vgBpr","","200","internal","asset","","","false","","","","2026-08-31T09:34:16.671Z"
"https://www.printlog3d.com/library/pps","[image]","/_next/image?url=%2Fbrand%2Ficons%2Fpeek.webp&w=256&q=75&dpl=dpl_4DQzJw9guhgkMZ6wYqAMaQ2vgBpr","","200","internal","asset","","","false","","","","2026-08-31T09:34:16.671Z"
"https://www.printlog3d.com/library/pps","[image]","/_next/image?url=%2Fbrand%2Femblem.webp&w=96&q=75&dpl=dpl_4DQzJw9guhgkMZ6wYqAMaQ2vgBpr","","200","internal","asset","","","false","","","","2026-08-31T09:34:16.671Z"
"https://www.printlog3d.com/library/conductive-pla","[image]","/_next/image?url=%2Fbrand%2Flogo-primary.webp&w=384&q=75&dpl=dpl_4DQzJw9guhgkMZ6wYqAMaQ2vgBpr","","200","internal","asset","","","false","","","","2026-08-31T09:34:16.671Z"
"https://www.printlog3d.com/library/conductive-pla","[image]","/_next/image?url=%2Fbrand%2Ficons%2Fpla.webp&w=256&q=75&dpl=dpl_4DQzJw9guhgkMZ6wYqAMaQ2vgBpr","","200","internal","asset","","","false","","","","2026-08-31T09:34:16.671Z"
"https://www.printlog3d.com/library/conductive-pla","[image]","/_next/image?url=%2Fbrand%2Femblem.webp&w=96&q=75&dpl=dpl_4DQzJw9guhgkMZ6wYqAMaQ2vgBpr","","200","internal","asset","","","false","","","","2026-08-31T09:34:16.671Z"
"https://www.printlog3d.com/library/glow-pla","[image]","/_next/image?url=%2Fbrand%2Flogo-primary.webp&w=384&q=75&dpl=dpl_4DQzJw9guhgkMZ6wYqAMaQ2vgBpr","","200","internal","asset","","","false","","","","2026-08-31T09:34:16.671Z"
"https://www.printlog3d.com/library/glow-pla","[image]","/_next/image?url=%2Fbrand%2Ficons%2Fpla.webp&w=256&q=75&dpl=dpl_4DQzJw9guhgkMZ6wYqAMaQ2vgBpr","","200","internal","asset","","","false","","","","2026-08-31T09:34:16.671Z"
"https://www.printlog3d.com/library/glow-pla","[image]","https://m.media-amazon.com/images/I/41H7B3UJs8L._SL500_.jpg","","200","external","asset","","","false","","","","2026-08-31T09:34:16.671Z"
"https://www.printlog3d.com/library/glow-pla","[image]","/_next/image?url=%2Fbrand%2Femblem.webp&w=96&q=75&dpl=dpl_4DQzJw9guhgkMZ6wYqAMaQ2vgBpr","","200","internal","asset","","","false","","","","2026-08-31T09:34:16.671Z"
"https://www.printlog3d.com/library/magnetic-pla","[image]","/_next/image?url=%2Fbrand%2Flogo-primary.webp&w=384&q=75&dpl=dpl_4DQzJw9guhgkMZ6wYqAMaQ2vgBpr","","200","internal","asset","","","false","","","","2026-08-31T09:34:16.671Z"
"https://www.printlog3d.com/library/magnetic-pla","[image]","/_next/image?url=%2Fbrand%2Ficons%2Fpla.webp&w=256&q=75&dpl=dpl_4DQzJw9guhgkMZ6wYqAMaQ2vgBpr","","200","internal","asset","","","false","","","","2026-08-31T09:34:16.671Z"
"https://www.printlog3d.com/library/magnetic-pla","[image]","https://m.media-amazon.com/images/I/41H7B3UJs8L._SL500_.jpg","","200","external","asset","","","false","","","","2026-08-31T09:34:16.671Z"
"https://www.printlog3d.com/library/magnetic-pla","[image]","/_next/image?url=%2Fbrand%2Femblem.webp&w=96&q=75&dpl=dpl_4DQzJw9guhgkMZ6wYqAMaQ2vgBpr","","200","internal","asset","","","false","","","","2026-08-31T09:34:16.671Z"
"https://www.printlog3d.com/workshop/3d-print-tolerance","[image]","/_next/image?url=%2Fbrand%2Flogo-primary.webp&w=384&q=75&dpl=dpl_4DQzJw9guhgkMZ6wYqAMaQ2vgBpr","","200","internal","asset","","","false","","","","2026-08-31T09:34:16.671Z"
"https://www.printlog3d.com/workshop/3d-print-tolerance","[image]","/_next/image?url=%2Fbrand%2Ficons%2Fsearch.webp&w=256&q=75&dpl=dpl_4DQzJw9guhgkMZ6wYqAMaQ2vgBpr","","200","internal","asset","","","false","","","","2026-08-31T09:34:16.695Z"
"https://www.printlog3d.com/workshop/3d-print-tolerance","[image]","https://m.media-amazon.com/images/I/21UeLZd9tmL._SL500_.jpg","","200","external","asset","","","false","","","","2026-08-31T09:34:16.695Z"
"https://www.printlog3d.com/workshop/3d-print-tolerance","[image]","/_next/image?url=%2Fbrand%2Ficons%2Fpla.webp&w=96&q=75&dpl=dpl_4DQzJw9guhgkMZ6wYqAMaQ2vgBpr","","200","internal","asset","","","false","","","","2026-08-31T09:34:16.719Z"
"https://www.printlog3d.com/workshop/3d-print-tolerance","[image]","/_next/image?url=%2Fbrand%2Ficons%2Fpetg.webp&w=96&q=75&dpl=dpl_4DQzJw9guhgkMZ6wYqAMaQ2vgBpr","","200","internal","asset","","","false","","","","2026-08-31T09:34:16.748Z"
"https://www.printlog3d.com/workshop/3d-print-tolerance","[image]","/_next/image?url=%2Fbrand%2Ficons%2Fabs.webp&w=96&q=75&dpl=dpl_4DQzJw9guhgkMZ6wYqAMaQ2vgBpr","","200","internal","asset","","","false","","","","2026-08-31T09:34:16.781Z"
"https://www.printlog3d.com/workshop/3d-print-tolerance","[image]","/_next/image?url=%2Fbrand%2Femblem.webp&w=96&q=75&dpl=dpl_4DQzJw9guhgkMZ6wYqAMaQ2vgBpr","","200","internal","asset","","","false","","","","2026-08-31T09:34:16.781Z"
"https://www.printlog3d.com/workshop/removing-supports-and-deburring","[image]","/_next/image?url=%2Fbrand%2Flogo-primary.webp&w=384&q=75&dpl=dpl_4DQzJw9guhgkMZ6wYqAMaQ2vgBpr","","200","internal","asset","","","false","","","","2026-08-31T09:34:16.782Z"
"https://www.printlog3d.com/workshop/removing-supports-and-deburring","[image]","/_next/image?url=%2Fbrand%2Ficons%2Fsupport-removal.webp&w=256&q=75&dpl=dpl_4DQzJw9guhgkMZ6wYqAMaQ2vgBpr","","200","internal","asset","","","false","","","","2026-08-31T09:34:16.782Z"
"https://www.printlog3d.com/workshop/removing-supports-and-deburring","[image]","https://m.media-amazon.com/images/I/31isYtaDdML._SL500_.jpg","","200","external","asset","","","false","","","","2026-08-31T09:34:16.782Z"
"https://www.printlog3d.com/workshop/removing-supports-and-deburring","[image]","https://m.media-amazon.com/images/I/41-aPqPxE-L._SL500_.jpg","","200","external","asset","","","false","","","","2026-08-31T09:34:16.782Z"
"https://www.printlog3d.com/workshop/removing-supports-and-deburring","[image]","/_next/image?url=%2Fbrand%2Ficons%2Fpla.webp&w=96&q=75&dpl=dpl_4DQzJw9guhgkMZ6wYqAMaQ2vgBpr","","200","internal","asset","","","false","","","","2026-08-31T09:34:16.782Z"
"https://www.printlog3d.com/workshop/removing-supports-and-deburring","[image]","/_next/image?url=%2Fbrand%2Ficons%2Fpetg.webp&w=96&q=75&dpl=dpl_4DQzJw9guhgkMZ6wYqAMaQ2vgBpr","","200","internal","asset","","","false","","","","2026-08-31T09:34:16.782Z"
"https://www.printlog3d.com/workshop/removing-supports-and-deburring","[image]","/_next/image?url=%2Fbrand%2Ficons%2Fabs.webp&w=96&q=75&dpl=dpl_4DQzJw9guhgkMZ6wYqAMaQ2vgBpr","","200","internal","asset","","","false","","","","2026-08-31T09:34:16.782Z"
"https://www.printlog3d.com/workshop/removing-supports-and-deburring","[image]","/_next/image?url=%2Fbrand%2Ficons%2Fflexible-filaments.webp&w=96&q=75&dpl=dpl_4DQzJw9guhgkMZ6wYqAMaQ2vgBpr","","200","internal","asset","","","false","","","","2026-08-31T09:34:16.782Z"
"https://www.printlog3d.com/workshop/removing-supports-and-deburring","[image]","/_next/image?url=%2Fbrand%2Femblem.webp&w=96&q=75&dpl=dpl_4DQzJw9guhgkMZ6wYqAMaQ2vgBpr","","200","internal","asset","","","false","","","","2026-08-31T09:34:16.782Z"
"https://www.printlog3d.com/workshop/sanding-and-finishing-3d-prints","[image]","/_next/image?url=%2Fbrand%2Flogo-primary.webp&w=384&q=75&dpl=dpl_4DQzJw9guhgkMZ6wYqAMaQ2vgBpr","","200","internal","asset","","","false","","","","2026-08-31T09:34:16.782Z"
"https://www.printlog3d.com/workshop/sanding-and-finishing-3d-prints","[image]","/_next/image?url=%2Fbrand%2Ficons%2Flayer-adhesion.webp&w=256&q=75&dpl=dpl_4DQzJw9guhgkMZ6wYqAMaQ2vgBpr","","200","internal","asset","","","false","","","","2026-08-31T09:34:16.827Z"
"https://www.printlog3d.com/workshop/sanding-and-finishing-3d-prints","[image]","https://m.media-amazon.com/images/I/31-wmLplVsL._SL500_.jpg","","200","external","asset","","","false","","","","2026-08-31T09:34:16.827Z"
"https://www.printlog3d.com/workshop/sanding-and-finishing-3d-prints","[image]","https://m.media-amazon.com/images/I/51GbVYKfeSL._SL500_.jpg","","200","external","asset","","","false","","","","2026-08-31T09:34:16.827Z"
"https://www.printlog3d.com/workshop/sanding-and-finishing-3d-prints","[image]","/_next/image?url=%2Fbrand%2Ficons%2Fpla.webp&w=96&q=75&dpl=dpl_4DQzJw9guhgkMZ6wYqAMaQ2vgBpr","","200","internal","asset","","","false","","","","2026-08-31T09:34:16.827Z"
"https://www.printlog3d.com/workshop/sanding-and-finishing-3d-prints","[image]","/_next/image?url=%2Fbrand%2Ficons%2Fabs.webp&w=96&q=75&dpl=dpl_4DQzJw9guhgkMZ6wYqAMaQ2vgBpr","","200","internal","asset","","","false","","","","2026-08-31T09:34:16.827Z"
"https://www.printlog3d.com/workshop/sanding-and-finishing-3d-prints","[image]","/_next/image?url=%2Fbrand%2Ficons%2Fpetg.webp&w=96&q=75&dpl=dpl_4DQzJw9guhgkMZ6wYqAMaQ2vgBpr","","200","internal","asset","","","false","","","","2026-08-31T09:34:16.827Z"
"https://www.printlog3d.com/workshop/sanding-and-finishing-3d-prints","[image]","/_next/image?url=%2Fbrand%2Ficons%2Fpetg.webp&w=96&q=75&dpl=dpl_4DQzJw9guhgkMZ6wYqAMaQ2vgBpr","","200","internal","asset","","","false","","","","2026-08-31T09:34:16.827Z"
"https://www.printlog3d.com/workshop/sanding-and-finishing-3d-prints","[image]","/_next/image?url=%2Fbrand%2Femblem.webp&w=96&q=75&dpl=dpl_4DQzJw9guhgkMZ6wYqAMaQ2vgBpr","","200","internal","asset","","","false","","","","2026-08-31T09:34:16.827Z"
"https://www.printlog3d.com/workshop/heat-set-inserts","[image]","/_next/image?url=%2Fbrand%2Flogo-primary.webp&w=384&q=75&dpl=dpl_4DQzJw9guhgkMZ6wYqAMaQ2vgBpr","","200","internal","asset","","","false","","","","2026-08-31T09:34:16.827Z"
"https://www.printlog3d.com/workshop/heat-set-inserts","[image]","/_next/image?url=%2Fbrand%2Ficons%2Fsettings.webp&w=256&q=75&dpl=dpl_4DQzJw9guhgkMZ6wYqAMaQ2vgBpr","","200","internal","asset","","","false","","","","2026-08-31T09:34:16.855Z"
"https://www.printlog3d.com/workshop/heat-set-inserts","[image]","https://m.media-amazon.com/images/I/51jJvNOUfAL._SL500_.jpg","","200","external","asset","","","false","","","","2026-08-31T09:34:16.855Z"
"https://www.printlog3d.com/workshop/heat-set-inserts","[image]","https://m.media-amazon.com/images/I/410M+yX3W0L._SL500_.jpg","","200","external","asset","","","false","","","","2026-08-31T09:34:16.855Z"
"https://www.printlog3d.com/workshop/heat-set-inserts","[image]","/_next/image?url=%2Fbrand%2Ficons%2Fpla.webp&w=96&q=75&dpl=dpl_4DQzJw9guhgkMZ6wYqAMaQ2vgBpr","","200","internal","asset","","","false","","","","2026-08-31T09:34:16.856Z"
"https://www.printlog3d.com/workshop/heat-set-inserts","[image]","/_next/image?url=%2Fbrand%2Ficons%2Fpetg.webp&w=96&q=75&dpl=dpl_4DQzJw9guhgkMZ6wYqAMaQ2vgBpr","","200","internal","asset","","","false","","","","2026-08-31T09:34:16.856Z"
"https://www.printlog3d.com/workshop/heat-set-inserts","[image]","/_next/image?url=%2Fbrand%2Ficons%2Fabs.webp&w=96&q=75&dpl=dpl_4DQzJw9guhgkMZ6wYqAMaQ2vgBpr","","200","internal","asset","","","false","","","","2026-08-31T09:34:16.856Z"
"https://www.printlog3d.com/workshop/heat-set-inserts","[image]","/_next/image?url=%2Fbrand%2Ficons%2Fcomposite-filaments.webp&w=96&q=75&dpl=dpl_4DQzJw9guhgkMZ6wYqAMaQ2vgBpr","","200","internal","asset","","","false","","","","2026-08-31T09:34:16.856Z"
"https://www.printlog3d.com/workshop/heat-set-inserts","[image]","/_next/image?url=%2Fbrand%2Femblem.webp&w=96&q=75&dpl=dpl_4DQzJw9guhgkMZ6wYqAMaQ2vgBpr","","200","internal","asset","","","false","","","","2026-08-31T09:34:16.856Z"
"https://www.printlog3d.com/workshop/filament-storage","[image]","/_next/image?url=%2Fbrand%2Flogo-primary.webp&w=384&q=75&dpl=dpl_4DQzJw9guhgkMZ6wYqAMaQ2vgBpr","","200","internal","asset","","","false","","","","2026-08-31T09:34:16.856Z"
"https://www.printlog3d.com/workshop/filament-storage","[image]","/_next/image?url=%2Fbrand%2Ficons%2Fdrying.webp&w=256&q=75&dpl=dpl_4DQzJw9guhgkMZ6wYqAMaQ2vgBpr","","200","internal","asset","","","false","","","","2026-08-31T09:34:16.901Z"
"https://www.printlog3d.com/workshop/filament-storage","[image]","https://m.media-amazon.com/images/I/41EUfiAPB8L._SL500_.jpg","","200","external","asset","","","false","","","","2026-08-31T09:34:16.901Z"
"https://www.printlog3d.com/workshop/filament-storage","[image]","https://m.media-amazon.com/images/I/41IgyHRV0DL._SL500_.jpg","","200","external","asset","","","false","","","","2026-08-31T09:34:16.901Z"
"https://www.printlog3d.com/workshop/filament-storage","[image]","https://m.media-amazon.com/images/I/51sHTbVk8BL._SL500_.jpg","","200","external","asset","","","false","","","","2026-08-31T09:34:16.901Z"
"https://www.printlog3d.com/workshop/filament-storage","[image]","/_next/image?url=%2Fbrand%2Ficons%2Fnylon.webp&w=96&q=75&dpl=dpl_4DQzJw9guhgkMZ6wYqAMaQ2vgBpr","","200","internal","asset","","","false","","","","2026-08-31T09:34:16.901Z"
"https://www.printlog3d.com/workshop/filament-storage","[image]","/_next/image?url=%2Fbrand%2Ficons%2Fnylon.webp&w=96&q=75&dpl=dpl_4DQzJw9guhgkMZ6wYqAMaQ2vgBpr","","200","internal","asset","","","false","","","","2026-08-31T09:34:16.901Z"
"https://www.printlog3d.com/workshop/filament-storage","[image]","/_next/image?url=%2Fbrand%2Ficons%2Fsupport-removal.webp&w=96&q=75&dpl=dpl_4DQzJw9guhgkMZ6wYqAMaQ2vgBpr","","200","internal","asset","","","false","","","","2026-08-31T09:34:16.901Z"
"https://www.printlog3d.com/workshop/filament-storage","[image]","/_next/image?url=%2Fbrand%2Ficons%2Fpolycarbonate.webp&w=96&q=75&dpl=dpl_4DQzJw9guhgkMZ6wYqAMaQ2vgBpr","","200","internal","asset","","","false","","","","2026-08-31T09:34:16.901Z"
"https://www.printlog3d.com/workshop/filament-storage","[image]","/_next/image?url=%2Fbrand%2Ficons%2Fpetg.webp&w=96&q=75&dpl=dpl_4DQzJw9guhgkMZ6wYqAMaQ2vgBpr","","200","internal","asset","","","false","","","","2026-08-31T09:34:16.901Z"
"https://www.printlog3d.com/workshop/filament-storage","[image]","/_next/image?url=%2Fbrand%2Femblem.webp&w=96&q=75&dpl=dpl_4DQzJw9guhgkMZ6wYqAMaQ2vgBpr","","200","internal","asset","","","false","","","","2026-08-31T09:34:16.901Z"
"https://www.printlog3d.com/workshop/nozzle-maintenance","[image]","/_next/image?url=%2Fbrand%2Flogo-primary.webp&w=384&q=75&dpl=dpl_4DQzJw9guhgkMZ6wYqAMaQ2vgBpr","","200","internal","asset","","","false","","","","2026-08-31T09:34:16.901Z"
"https://www.printlog3d.com/workshop/nozzle-maintenance","[image]","/_next/image?url=%2Fbrand%2Ficons%2Fnozzle-temperature.webp&w=256&q=75&dpl=dpl_4DQzJw9guhgkMZ6wYqAMaQ2vgBpr","","200","internal","asset","","","false","","","","2026-08-31T09:34:16.929Z"
"https://www.printlog3d.com/workshop/nozzle-maintenance","[image]","https://m.media-amazon.com/images/I/51FMW5M-lpL._SL500_.jpg","","200","external","asset","","","false","","","","2026-08-31T09:34:16.929Z"
"https://www.printlog3d.com/workshop/nozzle-maintenance","[image]","https://m.media-amazon.com/images/I/41H7B3UJs8L._SL500_.jpg","","200","external","asset","","","false","","","","2026-08-31T09:34:16.929Z"
"https://www.printlog3d.com/workshop/nozzle-maintenance","[image]","https://m.media-amazon.com/images/I/41BC+B-rURL._SL500_.jpg","","200","external","asset","","","false","","","","2026-08-31T09:34:16.929Z"
"https://www.printlog3d.com/workshop/nozzle-maintenance","[image]","/_next/image?url=%2Fbrand%2Ficons%2Fcomposite-filaments.webp&w=96&q=75&dpl=dpl_4DQzJw9guhgkMZ6wYqAMaQ2vgBpr","","200","internal","asset","","","false","","","","2026-08-31T09:34:16.929Z"
"https://www.printlog3d.com/workshop/nozzle-maintenance","[image]","/_next/image?url=%2Fbrand%2Ficons%2Fcomposite-filaments.webp&w=96&q=75&dpl=dpl_4DQzJw9guhgkMZ6wYqAMaQ2vgBpr","","200","internal","asset","","","false","","","","2026-08-31T09:34:16.929Z"
"https://www.printlog3d.com/workshop/nozzle-maintenance","[image]","/_next/image?url=%2Fbrand%2Ficons%2Fcomposite-filaments.webp&w=96&q=75&dpl=dpl_4DQzJw9guhgkMZ6wYqAMaQ2vgBpr","","200","internal","asset","","","false","","","","2026-08-31T09:34:16.929Z"
"https://www.printlog3d.com/workshop/nozzle-maintenance","[image]","/_next/image?url=%2Fbrand%2Ficons%2Fpla.webp&w=96&q=75&dpl=dpl_4DQzJw9guhgkMZ6wYqAMaQ2vgBpr","","200","internal","asset","","","false","","","","2026-08-31T09:34:16.929Z"
"https://www.printlog3d.com/workshop/nozzle-maintenance","[image]","/_next/image?url=%2Fbrand%2Ficons%2Fpla.webp&w=96&q=75&dpl=dpl_4DQzJw9guhgkMZ6wYqAMaQ2vgBpr","","200","internal","asset","","","false","","","","2026-08-31T09:34:16.929Z"
"https://www.printlog3d.com/workshop/nozzle-maintenance","[image]","/_next/image?url=%2Fbrand%2Femblem.webp&w=96&q=75&dpl=dpl_4DQzJw9guhgkMZ6wYqAMaQ2vgBpr","","200","internal","asset","","","false","","","","2026-08-31T09:34:16.929Z"
"https://www.printlog3d.com/workshop/printer-calibration","[image]","/_next/image?url=%2Fbrand%2Flogo-primary.webp&w=384&q=75&dpl=dpl_4DQzJw9guhgkMZ6wYqAMaQ2vgBpr","","200","internal","asset","","","false","","","","2026-08-31T09:34:16.929Z"
"https://www.printlog3d.com/workshop/printer-calibration","[image]","/_next/image?url=%2Fbrand%2Ficons%2Fcalibration.webp&w=256&q=75&dpl=dpl_4DQzJw9guhgkMZ6wYqAMaQ2vgBpr","","200","internal","asset","","","false","","","","2026-08-31T09:34:16.964Z"
"https://www.printlog3d.com/workshop/printer-calibration","[image]","https://m.media-amazon.com/images/I/21UeLZd9tmL._SL500_.jpg","","200","external","asset","","","false","","","","2026-08-31T09:34:16.964Z"
"https://www.printlog3d.com/workshop/printer-calibration","[image]","/_next/image?url=%2Fbrand%2Ficons%2Fpla.webp&w=96&q=75&dpl=dpl_4DQzJw9guhgkMZ6wYqAMaQ2vgBpr","","200","internal","asset","","","false","","","","2026-08-31T09:34:16.964Z"
"https://www.printlog3d.com/workshop/printer-calibration","[image]","/_next/image?url=%2Fbrand%2Ficons%2Fpetg.webp&w=96&q=75&dpl=dpl_4DQzJw9guhgkMZ6wYqAMaQ2vgBpr","","200","internal","asset","","","false","","","","2026-08-31T09:34:16.964Z"
"https://www.printlog3d.com/workshop/printer-calibration","[image]","/_next/image?url=%2Fbrand%2Ficons%2Fabs.webp&w=96&q=75&dpl=dpl_4DQzJw9guhgkMZ6wYqAMaQ2vgBpr","","200","internal","asset","","","false","","","","2026-08-31T09:34:16.964Z"
"https://www.printlog3d.com/workshop/printer-calibration","[image]","/_next/image?url=%2Fbrand%2Femblem.webp&w=96&q=75&dpl=dpl_4DQzJw9guhgkMZ6wYqAMaQ2vgBpr","","200","internal","asset","","","false","","","","2026-08-31T09:34:16.964Z"
"https://www.printlog3d.com/workshop/bed-adhesion-and-first-layer","[image]","/_next/image?url=%2Fbrand%2Flogo-primary.webp&w=384&q=75&dpl=dpl_4DQzJw9guhgkMZ6wYqAMaQ2vgBpr","","200","internal","asset","","","false","","","","2026-08-31T09:34:16.964Z"
"https://www.printlog3d.com/workshop/bed-adhesion-and-first-layer","[image]","/_next/image?url=%2Fbrand%2Ficons%2Fbed-temperature.webp&w=256&q=75&dpl=dpl_4DQzJw9guhgkMZ6wYqAMaQ2vgBpr","","200","internal","asset","","","false","","","","2026-08-31T09:34:16.991Z"
"https://www.printlog3d.com/workshop/bed-adhesion-and-first-layer","[image]","https://m.media-amazon.com/images/I/41sEvzei5OL._SL500_.jpg","","200","external","asset","","","false","","","","2026-08-31T09:34:16.991Z"
"https://www.printlog3d.com/workshop/bed-adhesion-and-first-layer","[image]","https://m.media-amazon.com/images/I/51hwzsEeRZL._SL500_.jpg","","200","external","asset","","","false","","","","2026-08-31T09:34:16.991Z"
"https://www.printlog3d.com/workshop/bed-adhesion-and-first-layer","[image]","/_next/image?url=%2Fbrand%2Ficons%2Fabs.webp&w=96&q=75&dpl=dpl_4DQzJw9guhgkMZ6wYqAMaQ2vgBpr","","200","internal","asset","","","false","","","","2026-08-31T09:34:16.991Z"
"https://www.printlog3d.com/workshop/bed-adhesion-and-first-layer","[image]","/_next/image?url=%2Fbrand%2Ficons%2Fasa.webp&w=96&q=75&dpl=dpl_4DQzJw9guhgkMZ6wYqAMaQ2vgBpr","","200","internal","asset","","","false","","","","2026-08-31T09:34:17.024Z"
"https://www.printlog3d.com/workshop/bed-adhesion-and-first-layer","[image]","/_next/image?url=%2Fbrand%2Ficons%2Fnylon.webp&w=96&q=75&dpl=dpl_4DQzJw9guhgkMZ6wYqAMaQ2vgBpr","","200","internal","asset","","","false","","","","2026-08-31T09:34:17.024Z"
"https://www.printlog3d.com/workshop/bed-adhesion-and-first-layer","[image]","/_next/image?url=%2Fbrand%2Ficons%2Fnylon.webp&w=96&q=75&dpl=dpl_4DQzJw9guhgkMZ6wYqAMaQ2vgBpr","","200","internal","asset","","","false","","","","2026-08-31T09:34:17.024Z"
"https://www.printlog3d.com/workshop/bed-adhesion-and-first-layer","[image]","/_next/image?url=%2Fbrand%2Ficons%2Fpetg.webp&w=96&q=75&dpl=dpl_4DQzJw9guhgkMZ6wYqAMaQ2vgBpr","","200","internal","asset","","","false","","","","2026-08-31T09:34:17.024Z"
"https://www.printlog3d.com/workshop/bed-adhesion-and-first-layer","[image]","/_next/image?url=%2Fbrand%2Ficons%2Fpolycarbonate.webp&w=96&q=75&dpl=dpl_4DQzJw9guhgkMZ6wYqAMaQ2vgBpr","","200","internal","asset","","","false","","","","2026-08-31T09:34:17.024Z"
"https://www.printlog3d.com/workshop/bed-adhesion-and-first-layer","[image]","/_next/image?url=%2Fbrand%2Femblem.webp&w=96&q=75&dpl=dpl_4DQzJw9guhgkMZ6wYqAMaQ2vgBpr","","200","internal","asset","","","false","","","","2026-08-31T09:34:17.024Z"
"https://www.printlog3d.com/workshop/painting-3d-prints","[image]","/_next/image?url=%2Fbrand%2Flogo-primary.webp&w=384&q=75&dpl=dpl_4DQzJw9guhgkMZ6wYqAMaQ2vgBpr","","200","internal","asset","","","false","","","","2026-08-31T09:34:17.024Z"
"https://www.printlog3d.com/workshop/painting-3d-prints","[image]","/_next/image?url=%2Fbrand%2Ficons%2Flayer-adhesion.webp&w=256&q=75&dpl=dpl_4DQzJw9guhgkMZ6wYqAMaQ2vgBpr","","200","internal","asset","","","false","","","","2026-08-31T09:34:17.024Z"
"https://www.printlog3d.com/workshop/painting-3d-prints","[image]","https://m.media-amazon.com/images/I/313sIOIDm1L._SL500_.jpg","","200","external","asset","","","false","","","","2026-08-31T09:34:17.024Z"
"https://www.printlog3d.com/workshop/painting-3d-prints","[image]","https://m.media-amazon.com/images/I/31-wmLplVsL._SL500_.jpg","","200","external","asset","","","false","","","","2026-08-31T09:34:17.024Z"
"https://www.printlog3d.com/workshop/painting-3d-prints","[image]","/_next/image?url=%2Fbrand%2Ficons%2Fpla.webp&w=96&q=75&dpl=dpl_4DQzJw9guhgkMZ6wYqAMaQ2vgBpr","","200","internal","asset","","","false","","","","2026-08-31T09:34:17.024Z"
"https://www.printlog3d.com/workshop/painting-3d-prints","[image]","/_next/image?url=%2Fbrand%2Ficons%2Fpetg.webp&w=96&q=75&dpl=dpl_4DQzJw9guhgkMZ6wYqAMaQ2vgBpr","","200","internal","asset","","","false","","","","2026-08-31T09:34:17.024Z"
"https://www.printlog3d.com/workshop/painting-3d-prints","[image]","/_next/image?url=%2Fbrand%2Ficons%2Fabs.webp&w=96&q=75&dpl=dpl_4DQzJw9guhgkMZ6wYqAMaQ2vgBpr","","200","internal","asset","","","false","","","","2026-08-31T09:34:17.024Z"
"https://www.printlog3d.com/workshop/painting-3d-prints","[image]","/_next/image?url=%2Fbrand%2Ficons%2Fasa.webp&w=96&q=75&dpl=dpl_4DQzJw9guhgkMZ6wYqAMaQ2vgBpr","","200","internal","asset","","","false","","","","2026-08-31T09:34:17.024Z"
"https://www.printlog3d.com/workshop/painting-3d-prints","[image]","/_next/image?url=%2Fbrand%2Ficons%2Fpla.webp&w=96&q=75&dpl=dpl_4DQzJw9guhgkMZ6wYqAMaQ2vgBpr","","200","internal","asset","","","false","","","","2026-08-31T09:34:17.024Z"
"https://www.printlog3d.com/workshop/painting-3d-prints","[image]","/_next/image?url=%2Fbrand%2Femblem.webp&w=96&q=75&dpl=dpl_4DQzJw9guhgkMZ6wYqAMaQ2vgBpr","","200","internal","asset","","","false","","","","2026-08-31T09:34:17.024Z"
"https://www.printlog3d.com/workshop/gluing-3d-printed-parts","[image]","/_next/image?url=%2Fbrand%2Flogo-primary.webp&w=384&q=75&dpl=dpl_4DQzJw9guhgkMZ6wYqAMaQ2vgBpr","","200","internal","asset","","","false","","","","2026-08-31T09:34:17.024Z"
"https://www.printlog3d.com/workshop/gluing-3d-printed-parts","[image]","/_next/image?url=%2Fbrand%2Ficons%2Fsettings.webp&w=256&q=75&dpl=dpl_4DQzJw9guhgkMZ6wYqAMaQ2vgBpr","","200","internal","asset","","","false","","","","2026-08-31T09:34:17.024Z"
"https://www.printlog3d.com/workshop/gluing-3d-printed-parts","[image]","https://m.media-amazon.com/images/I/411ZzyEod3L._SL500_.jpg","","200","external","asset","","","false","","","","2026-08-31T09:34:17.024Z"
"https://www.printlog3d.com/workshop/gluing-3d-printed-parts","[image]","https://m.media-amazon.com/images/I/414qB5XjOeL._SL500_.jpg","","200","external","asset","","","false","","","","2026-08-31T09:34:17.024Z"
"https://www.printlog3d.com/workshop/gluing-3d-printed-parts","[image]","/_next/image?url=%2Fbrand%2Ficons%2Fpla.webp&w=96&q=75&dpl=dpl_4DQzJw9guhgkMZ6wYqAMaQ2vgBpr","","200","internal","asset","","","false","","","","2026-08-31T09:34:17.024Z"
"https://www.printlog3d.com/workshop/gluing-3d-printed-parts","[image]","/_next/image?url=%2Fbrand%2Ficons%2Fpetg.webp&w=96&q=75&dpl=dpl_4DQzJw9guhgkMZ6wYqAMaQ2vgBpr","","200","internal","asset","","","false","","","","2026-08-31T09:34:17.024Z"
"https://www.printlog3d.com/workshop/gluing-3d-printed-parts","[image]","/_next/image?url=%2Fbrand%2Ficons%2Fabs.webp&w=96&q=75&dpl=dpl_4DQzJw9guhgkMZ6wYqAMaQ2vgBpr","","200","internal","asset","","","false","","","","2026-08-31T09:34:17.024Z"
"https://www.printlog3d.com/workshop/gluing-3d-printed-parts","[image]","/_next/image?url=%2Fbrand%2Ficons%2Fasa.webp&w=96&q=75&dpl=dpl_4DQzJw9guhgkMZ6wYqAMaQ2vgBpr","","200","internal","asset","","","false","","","","2026-08-31T09:34:17.024Z"
"https://www.printlog3d.com/workshop/gluing-3d-printed-parts","[image]","/_next/image?url=%2Fbrand%2Ficons%2Fflexible-filaments.webp&w=96&q=75&dpl=dpl_4DQzJw9guhgkMZ6wYqAMaQ2vgBpr","","200","internal","asset","","","false","","","","2026-08-31T09:34:17.024Z"
"https://www.printlog3d.com/workshop/gluing-3d-printed-parts","[image]","/_next/image?url=%2Fbrand%2Femblem.webp&w=96&q=75&dpl=dpl_4DQzJw9guhgkMZ6wYqAMaQ2vgBpr","","200","internal","asset","","","false","","","","2026-08-31T09:34:17.024Z"